X,Y,profile_id,layer_id,profile_code,layer_name,upper_depth,lower_depth,organic_surface,value,method_options,value_avg,dataset_id,country_name,positional_uncertainty,region,continent,date,licence
124.016666666667,12.9833333333333,1052268,601530,82P0402,A,0,12,0,{5.1},"{""instrument = [ electrode ] ratio = [ 1:1 ] sample pretreatment = [ sieved over 2 mm sieve ] solution = [ water [H2O] ]""}",5.1,US-NCSS,Philippines,Over 10 km,South-Eastern Asia,Asia,1982-3-1,U.S. Public Domain http://www.usa.gov/publicdomain/label/1.0/
124.7991638,10.2608336999999,1052048,600074,85P0601,Ap,0,11,0,{4.7},"{""instrument = [ electrode ] ratio = [ 1:1 ] sample pretreatment = [ sieved over 2 mm sieve ] solution = [ water [H2O] ]""}",4.7,US-NCSS,Philippines,1 km - 10 km,South-Eastern Asia,Asia,1985-??-??,U.S. Public Domain http://www.usa.gov/publicdomain/label/1.0/
124.7991638,10.2608336999999,1052048,600075,85P0601,BA,11,28,0,{4.8},"{""instrument = [ electrode ] ratio = [ 1:1 ] sample pretreatment = [ sieved over 2 mm sieve ] solution = [ water [H2O] ]""}",4.8,US-NCSS,Philippines,1 km - 10 km,South-Eastern Asia,Asia,1985-??-??,U.S. Public Domain http://www.usa.gov/publicdomain/label/1.0/
124.7991638,10.2608336999999,1052048,600076,85P0601,Bw1,28,58,0,{5.1},"{""instrument = [ electrode ] ratio = [ 1:1 ] sample pretreatment = [ sieved over 2 mm sieve ] solution = [ water [H2O] ]""}",5.1,US-NCSS,Philippines,1 km - 10 km,South-Eastern Asia,Asia,1985-??-??,U.S. Public Domain http://www.usa.gov/publicdomain/label/1.0/
124.7991638,10.2608336999999,1052048,600077,85P0601,Bt1,58,83,0,{5.2},"{""instrument = [ electrode ] ratio = [ 1:1 ] sample pretreatment = [ sieved over 2 mm sieve ] solution = [ water [H2O] ]""}",5.2,US-NCSS,Philippines,1 km - 10 km,South-Eastern Asia,Asia,1985-??-??,U.S. Public Domain http://www.usa.gov/publicdomain/label/1.0/
124.7991638,10.2608336999999,1052048,600078,85P0601,Bt2,83,125,0,{5.3},"{""instrument = [ electrode ] ratio = [ 1:1 ] sample pretreatment = [ sieved over 2 mm sieve ] solution = [ water [H2O] ]""}",5.3,US-NCSS,Philippines,1 km - 10 km,South-Eastern Asia,Asia,1985-??-??,U.S. Public Domain http://www.usa.gov/publicdomain/label/1.0/
124.7991638,10.2608336999999,1052048,600079,85P0601,Bw2,125,200,0,{5.3},"{""instrument = [ electrode ] ratio = [ 1:1 ] sample pretreatment = [ sieved over 2 mm sieve ] solution = [ water [H2O] ]""}",5.3,US-NCSS,Philippines,1 km - 10 km,South-Eastern Asia,Asia,1985-??-??,U.S. Public Domain http://www.usa.gov/publicdomain/label/1.0/
122.8874969,11.0569448,1052049,600080,85P0589,Ap,0,20,0,{4.9},"{""instrument = [ electrode ] ratio = [ 1:1 ] sample pretreatment = [ sieved over 2 mm sieve ] solution = [ water [H2O] ]""}",4.9,US-NCSS,Philippines,1 km - 10 km,South-Eastern Asia,Asia,1985-??-??,U.S. Public Domain http://www.usa.gov/publicdomain/label/1.0/
122.8874969,11.0569448,1052049,600081,85P0589,Bw,20,36,0,{4.9},"{""instrument = [ electrode ] ratio = [ 1:1 ] sample pretreatment = [ sieved over 2 mm sieve ] solution = [ water [H2O] ]""}",4.9,US-NCSS,Philippines,1 km - 10 km,South-Eastern Asia,Asia,1985-??-??,U.S. Public Domain http://www.usa.gov/publicdomain/label/1.0/
122.8874969,11.0569448,1052049,600082,85P0589,Bt11,36,66,0,{4.9},"{""instrument = [ electrode ] ratio = [ 1:1 ] sample pretreatment = [ sieved over 2 mm sieve ] solution = [ water [H2O] ]""}",4.9,US-NCSS,Philippines,1 km - 10 km,South-Eastern Asia,Asia,1985-??-??,U.S. Public Domain http://www.usa.gov/publicdomain/label/1.0/
122.8874969,11.0569448,1052049,600083,85P0589,Bt12,66,83,0,{4.9},"{""instrument = [ electrode ] ratio = [ 1:1 ] sample pretreatment = [ sieved over 2 mm sieve ] solution = [ water [H2O] ]""}",4.9,US-NCSS,Philippines,1 km - 10 km,South-Eastern Asia,Asia,1985-??-??,U.S. Public Domain http://www.usa.gov/publicdomain/label/1.0/
122.8874969,11.0569448,1052049,600084,85P0589,Bt2,83,111,0,{5.0},"{""instrument = [ electrode ] ratio = [ 1:1 ] sample pretreatment = [ sieved over 2 mm sieve ] solution = [ water [H2O] ]""}",5,US-NCSS,Philippines,1 km - 10 km,South-Eastern Asia,Asia,1985-??-??,U.S. Public Domain http://www.usa.gov/publicdomain/label/1.0/
122.8874969,11.0569448,1052049,600085,85P0589,Cr,111,152,0,{5.1},"{""instrument = [ electrode ] ratio = [ 1:1 ] sample pretreatment = [ sieved over 2 mm sieve ] solution = [ water [H2O] ]""}",5.1,US-NCSS,Philippines,1 km - 10 km,South-Eastern Asia,Asia,1985-??-??,U.S. Public Domain http://www.usa.gov/publicdomain/label/1.0/
123.0611115,10.4083328,1052050,600086,85P0593,Ap,0,18,0,{6.0},"{""instrument = [ electrode ] ratio = [ 1:1 ] sample pretreatment = [ sieved over 2 mm sieve ] solution = [ water [H2O] ]""}",6,US-NCSS,Philippines,1 km - 10 km,South-Eastern Asia,Asia,1985-??-??,U.S. Public Domain http://www.usa.gov/publicdomain/label/1.0/
123.0611115,10.4083328,1052050,600087,85P0593,,18,36,0,{6.2},"{""instrument = [ electrode ] ratio = [ 1:1 ] sample pretreatment = [ sieved over 2 mm sieve ] solution = [ water [H2O] ]""}",6.2,US-NCSS,Philippines,1 km - 10 km,South-Eastern Asia,Asia,1985-??-??,U.S. Public Domain http://www.usa.gov/publicdomain/label/1.0/
123.0611115,10.4083328,1052050,600088,85P0593,Bw,36,54,0,{6.3},"{""instrument = [ electrode ] ratio = [ 1:1 ] sample pretreatment = [ sieved over 2 mm sieve ] solution = [ water [H2O] ]""}",6.3,US-NCSS,Philippines,1 km - 10 km,South-Eastern Asia,Asia,1985-??-??,U.S. Public Domain http://www.usa.gov/publicdomain/label/1.0/
123.0611115,10.4083328,1052050,600089,85P0593,C1,54,75,0,{6.4},"{""instrument = [ electrode ] ratio = [ 1:1 ] sample pretreatment = [ sieved over 2 mm sieve ] solution = [ water [H2O] ]""}",6.4,US-NCSS,Philippines,1 km - 10 km,South-Eastern Asia,Asia,1985-??-??,U.S. Public Domain http://www.usa.gov/publicdomain/label/1.0/
123.0611115,10.4083328,1052050,600090,85P0593,C2,75,107,0,{6.5},"{""instrument = [ electrode ] ratio = [ 1:1 ] sample pretreatment = [ sieved over 2 mm sieve ] solution = [ water [H2O] ]""}",6.5,US-NCSS,Philippines,1 km - 10 km,South-Eastern Asia,Asia,1985-??-??,U.S. Public Domain http://www.usa.gov/publicdomain/label/1.0/
123.0611115,10.4083328,1052050,600091,85P0593,C3,107,119,0,{6.6},"{""instrument = [ electrode ] ratio = [ 1:1 ] sample pretreatment = [ sieved over 2 mm sieve ] solution = [ water [H2O] ]""}",6.6,US-NCSS,Philippines,1 km - 10 km,South-Eastern Asia,Asia,1985-??-??,U.S. Public Domain http://www.usa.gov/publicdomain/label/1.0/
123.0611115,10.4083328,1052050,600092,85P0593,C4,119,143,0,{6.6},"{""instrument = [ electrode ] ratio = [ 1:1 ] sample pretreatment = [ sieved over 2 mm sieve ] solution = [ water [H2O] ]""}",6.6,US-NCSS,Philippines,1 km - 10 km,South-Eastern Asia,Asia,1985-??-??,U.S. Public Domain http://www.usa.gov/publicdomain/label/1.0/
123.0611115,10.4083328,1052050,600093,85P0593,C5,143,158,0,{6.7},"{""instrument = [ electrode ] ratio = [ 1:1 ] sample pretreatment = [ sieved over 2 mm sieve ] solution = [ water [H2O] ]""}",6.7,US-NCSS,Philippines,1 km - 10 km,South-Eastern Asia,Asia,1985-??-??,U.S. Public Domain http://www.usa.gov/publicdomain/label/1.0/
123.0611115,10.4083328,1052050,600094,85P0593,,56,96,0,{6.5},"{""instrument = [ electrode ] ratio = [ 1:1 ] sample pretreatment = [ sieved over 2 mm sieve ] solution = [ water [H2O] ]""}",6.5,US-NCSS,Philippines,1 km - 10 km,South-Eastern Asia,Asia,1985-??-??,U.S. Public Domain http://www.usa.gov/publicdomain/label/1.0/
123.0611115,10.4083328,1052050,600095,85P0593,,119,121,0,{6.5},"{""instrument = [ electrode ] ratio = [ 1:1 ] sample pretreatment = [ sieved over 2 mm sieve ] solution = [ water [H2O] ]""}",6.5,US-NCSS,Philippines,1 km - 10 km,South-Eastern Asia,Asia,1985-??-??,U.S. Public Domain http://www.usa.gov/publicdomain/label/1.0/
123.1138916,10.6466665,1052051,600096,85P0591,Ap,0,21,0,{5.2},"{""instrument = [ electrode ] ratio = [ 1:1 ] sample pretreatment = [ sieved over 2 mm sieve ] solution = [ water [H2O] ]""}",5.2,US-NCSS,Philippines,1 km - 10 km,South-Eastern Asia,Asia,1985-??-??,U.S. Public Domain http://www.usa.gov/publicdomain/label/1.0/
123.1138916,10.6466665,1052051,600097,85P0591,,21,29,0,{5.3},"{""instrument = [ electrode ] ratio = [ 1:1 ] sample pretreatment = [ sieved over 2 mm sieve ] solution = [ water [H2O] ]""}",5.3,US-NCSS,Philippines,1 km - 10 km,South-Eastern Asia,Asia,1985-??-??,U.S. Public Domain http://www.usa.gov/publicdomain/label/1.0/
123.1138916,10.6466665,1052051,600098,85P0591,Bw,29,56,0,{6.2},"{""instrument = [ electrode ] ratio = [ 1:1 ] sample pretreatment = [ sieved over 2 mm sieve ] solution = [ water [H2O] ]""}",6.2,US-NCSS,Philippines,1 km - 10 km,South-Eastern Asia,Asia,1985-??-??,U.S. Public Domain http://www.usa.gov/publicdomain/label/1.0/
123.1138916,10.6466665,1052051,600099,85P0591,Bwg1,56,72,0,{6.2},"{""instrument = [ electrode ] ratio = [ 1:1 ] sample pretreatment = [ sieved over 2 mm sieve ] solution = [ water [H2O] ]""}",6.2,US-NCSS,Philippines,1 km - 10 km,South-Eastern Asia,Asia,1985-??-??,U.S. Public Domain http://www.usa.gov/publicdomain/label/1.0/
123.1138916,10.6466665,1052051,600100,85P0591,Bwg2,72,89,0,{6.2},"{""instrument = [ electrode ] ratio = [ 1:1 ] sample pretreatment = [ sieved over 2 mm sieve ] solution = [ water [H2O] ]""}",6.2,US-NCSS,Philippines,1 km - 10 km,South-Eastern Asia,Asia,1985-??-??,U.S. Public Domain http://www.usa.gov/publicdomain/label/1.0/
123.1138916,10.6466665,1052051,600101,85P0591,C,89,102,0,{6.1},"{""instrument = [ electrode ] ratio = [ 1:1 ] sample pretreatment = [ sieved over 2 mm sieve ] solution = [ water [H2O] ]""}",6.1,US-NCSS,Philippines,1 km - 10 km,South-Eastern Asia,Asia,1985-??-??,U.S. Public Domain http://www.usa.gov/publicdomain/label/1.0/
123.1138916,10.6466665,1052051,600102,85P0591,Cr,102,144,0,{6.1},"{""instrument = [ electrode ] ratio = [ 1:1 ] sample pretreatment = [ sieved over 2 mm sieve ] solution = [ water [H2O] ]""}",6.1,US-NCSS,Philippines,1 km - 10 km,South-Eastern Asia,Asia,1985-??-??,U.S. Public Domain http://www.usa.gov/publicdomain/label/1.0/
123.5055542,10.1138887,1052052,600103,85P0598,Ap,0,12,0,"{8.0,7.5}","{""instrument = [ electrode ] ratio = [ 1:1 ] sample pretreatment = [ sieved over 2 mm sieve ] solution = [ water [H2O] ]"",""instrument = [ electrode ] sample pretreatment = [ sieved over 2 mm sieve ] solution = [ water [H2O] ]""}",7.75,US-NCSS,Philippines,1 km - 10 km,South-Eastern Asia,Asia,1985-??-??,U.S. Public Domain http://www.usa.gov/publicdomain/label/1.0/
123.5055542,10.1138887,1052052,600104,85P0598,,12,29,0,{8.2},"{""instrument = [ electrode ] ratio = [ 1:1 ] sample pretreatment = [ sieved over 2 mm sieve ] solution = [ water [H2O] ]""}",8.2,US-NCSS,Philippines,1 km - 10 km,South-Eastern Asia,Asia,1985-??-??,U.S. Public Domain http://www.usa.gov/publicdomain/label/1.0/
123.5055542,10.1138887,1052052,600105,85P0598,Bt1,29,52,0,{8.2},"{""instrument = [ electrode ] ratio = [ 1:1 ] sample pretreatment = [ sieved over 2 mm sieve ] solution = [ water [H2O] ]""}",8.2,US-NCSS,Philippines,1 km - 10 km,South-Eastern Asia,Asia,1985-??-??,U.S. Public Domain http://www.usa.gov/publicdomain/label/1.0/
123.5055542,10.1138887,1052052,600106,85P0598,Bt2,52,80,0,{8.2},"{""instrument = [ electrode ] ratio = [ 1:1 ] sample pretreatment = [ sieved over 2 mm sieve ] solution = [ water [H2O] ]""}",8.2,US-NCSS,Philippines,1 km - 10 km,South-Eastern Asia,Asia,1985-??-??,U.S. Public Domain http://www.usa.gov/publicdomain/label/1.0/
123.5055542,10.1138887,1052052,600107,85P0598,,80,103,0,{8.2},"{""instrument = [ electrode ] ratio = [ 1:1 ] sample pretreatment = [ sieved over 2 mm sieve ] solution = [ water [H2O] ]""}",8.2,US-NCSS,Philippines,1 km - 10 km,South-Eastern Asia,Asia,1985-??-??,U.S. Public Domain http://www.usa.gov/publicdomain/label/1.0/
123.5055542,10.1138887,1052052,600108,85P0598,C,103,134,0,{8.1},"{""instrument = [ electrode ] ratio = [ 1:1 ] sample pretreatment = [ sieved over 2 mm sieve ] solution = [ water [H2O] ]""}",8.1,US-NCSS,Philippines,1 km - 10 km,South-Eastern Asia,Asia,1985-??-??,U.S. Public Domain http://www.usa.gov/publicdomain/label/1.0/
123.5055542,10.1138887,1052052,600109,85P0598,Cr,134,150,0,{8.2},"{""instrument = [ electrode ] ratio = [ 1:1 ] sample pretreatment = [ sieved over 2 mm sieve ] solution = [ water [H2O] ]""}",8.2,US-NCSS,Philippines,1 km - 10 km,South-Eastern Asia,Asia,1985-??-??,U.S. Public Domain http://www.usa.gov/publicdomain/label/1.0/
123.0291672,11.1972217999999,1052053,600110,85P0588,Apg,0,15,0,{5.6},"{""instrument = [ electrode ] ratio = [ 1:1 ] sample pretreatment = [ sieved over 2 mm sieve ] solution = [ water [H2O] ]""}",5.6,US-NCSS,Philippines,1 km - 10 km,South-Eastern Asia,Asia,1985-??-??,U.S. Public Domain http://www.usa.gov/publicdomain/label/1.0/
123.0291672,11.1972217999999,1052053,600111,85P0588,Bw1,15,34,0,{6.4},"{""instrument = [ electrode ] ratio = [ 1:1 ] sample pretreatment = [ sieved over 2 mm sieve ] solution = [ water [H2O] ]""}",6.4,US-NCSS,Philippines,1 km - 10 km,South-Eastern Asia,Asia,1985-??-??,U.S. Public Domain http://www.usa.gov/publicdomain/label/1.0/
123.0291672,11.1972217999999,1052053,600112,85P0588,Bw2,34,52,0,{6.5},"{""instrument = [ electrode ] ratio = [ 1:1 ] sample pretreatment = [ sieved over 2 mm sieve ] solution = [ water [H2O] ]""}",6.5,US-NCSS,Philippines,1 km - 10 km,South-Eastern Asia,Asia,1985-??-??,U.S. Public Domain http://www.usa.gov/publicdomain/label/1.0/
123.0291672,11.1972217999999,1052053,600113,85P0588,2Bw,52,66,0,{6.5},"{""instrument = [ electrode ] ratio = [ 1:1 ] sample pretreatment = [ sieved over 2 mm sieve ] solution = [ water [H2O] ]""}",6.5,US-NCSS,Philippines,1 km - 10 km,South-Eastern Asia,Asia,1985-??-??,U.S. Public Domain http://www.usa.gov/publicdomain/label/1.0/
123.0291672,11.1972217999999,1052053,600114,85P0588,3Bg1,66,102,0,{6.6},"{""instrument = [ electrode ] ratio = [ 1:1 ] sample pretreatment = [ sieved over 2 mm sieve ] solution = [ water [H2O] ]""}",6.6,US-NCSS,Philippines,1 km - 10 km,South-Eastern Asia,Asia,1985-??-??,U.S. Public Domain http://www.usa.gov/publicdomain/label/1.0/
123.0291672,11.1972217999999,1052053,600115,85P0588,3Bg2,102,131,0,{6.7},"{""instrument = [ electrode ] ratio = [ 1:1 ] sample pretreatment = [ sieved over 2 mm sieve ] solution = [ water [H2O] ]""}",6.7,US-NCSS,Philippines,1 km - 10 km,South-Eastern Asia,Asia,1985-??-??,U.S. Public Domain http://www.usa.gov/publicdomain/label/1.0/
123.0291672,11.1972217999999,1052053,600116,85P0588,3Cg,131,141,0,{6.6},"{""instrument = [ electrode ] ratio = [ 1:1 ] sample pretreatment = [ sieved over 2 mm sieve ] solution = [ water [H2O] ]""}",6.6,US-NCSS,Philippines,1 km - 10 km,South-Eastern Asia,Asia,1985-??-??,U.S. Public Domain http://www.usa.gov/publicdomain/label/1.0/
123.395835899999,10.4916668,1052054,600117,85P0595,Ap,0,23,0,{7.2},"{""instrument = [ electrode ] ratio = [ 1:1 ] sample pretreatment = [ sieved over 2 mm sieve ] solution = [ water [H2O] ]""}",7.2,US-NCSS,Philippines,1 km - 10 km,South-Eastern Asia,Asia,1985-??-??,U.S. Public Domain http://www.usa.gov/publicdomain/label/1.0/
123.395835899999,10.4916668,1052054,600118,85P0595,Bw1,23,43,0,{7.2},"{""instrument = [ electrode ] ratio = [ 1:1 ] sample pretreatment = [ sieved over 2 mm sieve ] solution = [ water [H2O] ]""}",7.2,US-NCSS,Philippines,1 km - 10 km,South-Eastern Asia,Asia,1985-??-??,U.S. Public Domain http://www.usa.gov/publicdomain/label/1.0/
123.395835899999,10.4916668,1052054,600119,85P0595,Bw2,43,63,0,{7.3},"{""instrument = [ electrode ] ratio = [ 1:1 ] sample pretreatment = [ sieved over 2 mm sieve ] solution = [ water [H2O] ]""}",7.3,US-NCSS,Philippines,1 km - 10 km,South-Eastern Asia,Asia,1985-??-??,U.S. Public Domain http://www.usa.gov/publicdomain/label/1.0/
123.395835899999,10.4916668,1052054,600120,85P0595,B,63,94,0,{7.2},"{""instrument = [ electrode ] ratio = [ 1:1 ] sample pretreatment = [ sieved over 2 mm sieve ] solution = [ water [H2O] ]""}",7.2,US-NCSS,Philippines,1 km - 10 km,South-Eastern Asia,Asia,1985-??-??,U.S. Public Domain http://www.usa.gov/publicdomain/label/1.0/
123.395835899999,10.4916668,1052054,600121,85P0595,2Bg1,94,116,0,{6.9},"{""instrument = [ electrode ] ratio = [ 1:1 ] sample pretreatment = [ sieved over 2 mm sieve ] solution = [ water [H2O] ]""}",6.9,US-NCSS,Philippines,1 km - 10 km,South-Eastern Asia,Asia,1985-??-??,U.S. Public Domain http://www.usa.gov/publicdomain/label/1.0/
123.395835899999,10.4916668,1052054,600122,85P0595,2Bg2,116,140,0,{7.1},"{""instrument = [ electrode ] ratio = [ 1:1 ] sample pretreatment = [ sieved over 2 mm sieve ] solution = [ water [H2O] ]""}",7.1,US-NCSS,Philippines,1 km - 10 km,South-Eastern Asia,Asia,1985-??-??,U.S. Public Domain http://www.usa.gov/publicdomain/label/1.0/
123.395835899999,10.4916668,1052054,600123,85P0595,2Cg,140,179,0,{7.2},"{""instrument = [ electrode ] ratio = [ 1:1 ] sample pretreatment = [ sieved over 2 mm sieve ] solution = [ water [H2O] ]""}",7.2,US-NCSS,Philippines,1 km - 10 km,South-Eastern Asia,Asia,1985-??-??,U.S. Public Domain http://www.usa.gov/publicdomain/label/1.0/
123.3874969,10.4916668,1052055,600124,85P0596,Ap,0,24,0,"{7.5,7.1}","{""instrument = [ electrode ] ratio = [ 1:1 ] sample pretreatment = [ sieved over 2 mm sieve ] solution = [ water [H2O] ]"",""instrument = [ electrode ] sample pretreatment = [ sieved over 2 mm sieve ] solution = [ water [H2O] ]""}",7.3,US-NCSS,Philippines,1 km - 10 km,South-Eastern Asia,Asia,1985-??-??,U.S. Public Domain http://www.usa.gov/publicdomain/label/1.0/
123.3874969,10.4916668,1052055,600125,85P0596,Bwg,24,43,0,"{7.4,7.6}","{""instrument = [ electrode ] sample pretreatment = [ sieved over 2 mm sieve ] solution = [ water [H2O] ]"",""instrument = [ electrode ] ratio = [ 1:1 ] sample pretreatment = [ sieved over 2 mm sieve ] solution = [ water [H2O] ]""}",7.5,US-NCSS,Philippines,1 km - 10 km,South-Eastern Asia,Asia,1985-??-??,U.S. Public Domain http://www.usa.gov/publicdomain/label/1.0/
123.3874969,10.4916668,1052055,600126,85P0596,Bg1,43,73,0,"{7.6,7.5}","{""instrument = [ electrode ] ratio = [ 1:1 ] sample pretreatment = [ sieved over 2 mm sieve ] solution = [ water [H2O] ]"",""instrument = [ electrode ] sample pretreatment = [ sieved over 2 mm sieve ] solution = [ water [H2O] ]""}",7.55,US-NCSS,Philippines,1 km - 10 km,South-Eastern Asia,Asia,1985-??-??,U.S. Public Domain http://www.usa.gov/publicdomain/label/1.0/
123.3874969,10.4916668,1052055,600127,85P0596,Bg2,73,121,0,"{7.6,7.9}","{""instrument = [ electrode ] sample pretreatment = [ sieved over 2 mm sieve ] solution = [ water [H2O] ]"",""instrument = [ electrode ] ratio = [ 1:1 ] sample pretreatment = [ sieved over 2 mm sieve ] solution = [ water [H2O] ]""}",7.75,US-NCSS,Philippines,1 km - 10 km,South-Eastern Asia,Asia,1985-??-??,U.S. Public Domain http://www.usa.gov/publicdomain/label/1.0/
123.3874969,10.4916668,1052055,600128,85P0596,Cr,121,139,0,"{8.2,7.7}","{""instrument = [ electrode ] ratio = [ 1:1 ] sample pretreatment = [ sieved over 2 mm sieve ] solution = [ water [H2O] ]"",""instrument = [ electrode ] sample pretreatment = [ sieved over 2 mm sieve ] solution = [ water [H2O] ]""}",7.95,US-NCSS,Philippines,1 km - 10 km,South-Eastern Asia,Asia,1985-??-??,U.S. Public Domain http://www.usa.gov/publicdomain/label/1.0/
122.4777756,10.9138889,1052056,600129,85P0590,Ap,0,10,0,{5.8},"{""instrument = [ electrode ] ratio = [ 1:1 ] sample pretreatment = [ sieved over 2 mm sieve ] solution = [ water [H2O] ]""}",5.8,US-NCSS,Philippines,1 km - 10 km,South-Eastern Asia,Asia,1985-??-??,U.S. Public Domain http://www.usa.gov/publicdomain/label/1.0/
122.4777756,10.9138889,1052056,600130,85P0590,BA,10,34,0,{6.3},"{""instrument = [ electrode ] ratio = [ 1:1 ] sample pretreatment = [ sieved over 2 mm sieve ] solution = [ water [H2O] ]""}",6.3,US-NCSS,Philippines,1 km - 10 km,South-Eastern Asia,Asia,1985-??-??,U.S. Public Domain http://www.usa.gov/publicdomain/label/1.0/
122.4777756,10.9138889,1052056,600131,85P0590,Bt1,34,55,0,{6.9},"{""instrument = [ electrode ] ratio = [ 1:1 ] sample pretreatment = [ sieved over 2 mm sieve ] solution = [ water [H2O] ]""}",6.9,US-NCSS,Philippines,1 km - 10 km,South-Eastern Asia,Asia,1985-??-??,U.S. Public Domain http://www.usa.gov/publicdomain/label/1.0/
122.4777756,10.9138889,1052056,600132,85P0590,Bt2,55,69,0,{7.4},"{""instrument = [ electrode ] ratio = [ 1:1 ] sample pretreatment = [ sieved over 2 mm sieve ] solution = [ water [H2O] ]""}",7.4,US-NCSS,Philippines,1 km - 10 km,South-Eastern Asia,Asia,1985-??-??,U.S. Public Domain http://www.usa.gov/publicdomain/label/1.0/
122.4777756,10.9138889,1052056,600133,85P0590,Btg1,69,104,0,{7.4},"{""instrument = [ electrode ] ratio = [ 1:1 ] sample pretreatment = [ sieved over 2 mm sieve ] solution = [ water [H2O] ]""}",7.4,US-NCSS,Philippines,1 km - 10 km,South-Eastern Asia,Asia,1985-??-??,U.S. Public Domain http://www.usa.gov/publicdomain/label/1.0/
122.4777756,10.9138889,1052056,600134,85P0590,Btg2,104,151,0,{7.6},"{""instrument = [ electrode ] ratio = [ 1:1 ] sample pretreatment = [ sieved over 2 mm sieve ] solution = [ water [H2O] ]""}",7.6,US-NCSS,Philippines,1 km - 10 km,South-Eastern Asia,Asia,1985-??-??,U.S. Public Domain http://www.usa.gov/publicdomain/label/1.0/
122.4777756,10.9138889,1052056,600135,85P0590,Cr,151,192,0,"{7.1,7.2}","{""instrument = [ electrode ] ratio = [ 1:1 ] sample pretreatment = [ sieved over 2 mm sieve ] solution = [ water [H2O] ]"",""instrument = [ electrode ] sample pretreatment = [ sieved over 2 mm sieve ] solution = [ water [H2O] ]""}",7.15,US-NCSS,Philippines,1 km - 10 km,South-Eastern Asia,Asia,1985-??-??,U.S. Public Domain http://www.usa.gov/publicdomain/label/1.0/
122.9111099,10.5319442999999,1052057,600136,85P0594,Ap,0,17,0,{6.8},"{""instrument = [ electrode ] ratio = [ 1:1 ] sample pretreatment = [ sieved over 2 mm sieve ] solution = [ water [H2O] ]""}",6.8,US-NCSS,Philippines,1 km - 10 km,South-Eastern Asia,Asia,1985-??-??,U.S. Public Domain http://www.usa.gov/publicdomain/label/1.0/
122.9111099,10.5319442999999,1052057,600137,85P0594,BA,17,31,0,{6.9},"{""instrument = [ electrode ] ratio = [ 1:1 ] sample pretreatment = [ sieved over 2 mm sieve ] solution = [ water [H2O] ]""}",6.9,US-NCSS,Philippines,1 km - 10 km,South-Eastern Asia,Asia,1985-??-??,U.S. Public Domain http://www.usa.gov/publicdomain/label/1.0/
122.9111099,10.5319442999999,1052057,600138,85P0594,Bg1,31,61,0,{7.3},"{""instrument = [ electrode ] ratio = [ 1:1 ] sample pretreatment = [ sieved over 2 mm sieve ] solution = [ water [H2O] ]""}",7.3,US-NCSS,Philippines,1 km - 10 km,South-Eastern Asia,Asia,1985-??-??,U.S. Public Domain http://www.usa.gov/publicdomain/label/1.0/
122.9111099,10.5319442999999,1052057,600139,85P0594,Bg2,61,93,0,{7.1},"{""instrument = [ electrode ] ratio = [ 1:1 ] sample pretreatment = [ sieved over 2 mm sieve ] solution = [ water [H2O] ]""}",7.1,US-NCSS,Philippines,1 km - 10 km,South-Eastern Asia,Asia,1985-??-??,U.S. Public Domain http://www.usa.gov/publicdomain/label/1.0/
122.9111099,10.5319442999999,1052057,600140,85P0594,Bg3,93,121,0,{7.0},"{""instrument = [ electrode ] ratio = [ 1:1 ] sample pretreatment = [ sieved over 2 mm sieve ] solution = [ water [H2O] ]""}",7,US-NCSS,Philippines,1 km - 10 km,South-Eastern Asia,Asia,1985-??-??,U.S. Public Domain http://www.usa.gov/publicdomain/label/1.0/
122.9111099,10.5319442999999,1052057,600141,85P0594,Cr,121,146,0,{7.3},"{""instrument = [ electrode ] ratio = [ 1:1 ] sample pretreatment = [ sieved over 2 mm sieve ] solution = [ water [H2O] ]""}",7.3,US-NCSS,Philippines,1 km - 10 km,South-Eastern Asia,Asia,1985-??-??,U.S. Public Domain http://www.usa.gov/publicdomain/label/1.0/
123.8458328,10.2569447,1052058,600142,85P0599,Ap,0,18,0,{7.1},"{""instrument = [ electrode ] ratio = [ 1:1 ] sample pretreatment = [ sieved over 2 mm sieve ] solution = [ water [H2O] ]""}",7.1,US-NCSS,Philippines,1 km - 10 km,South-Eastern Asia,Asia,1985-??-??,U.S. Public Domain http://www.usa.gov/publicdomain/label/1.0/
123.8458328,10.2569447,1052058,600143,85P0599,,18,34,0,{7.4},"{""instrument = [ electrode ] ratio = [ 1:1 ] sample pretreatment = [ sieved over 2 mm sieve ] solution = [ water [H2O] ]""}",7.4,US-NCSS,Philippines,1 km - 10 km,South-Eastern Asia,Asia,1985-??-??,U.S. Public Domain http://www.usa.gov/publicdomain/label/1.0/
123.8458328,10.2569447,1052058,600144,85P0599,BA,34,49,0,{7.4},"{""instrument = [ electrode ] ratio = [ 1:1 ] sample pretreatment = [ sieved over 2 mm sieve ] solution = [ water [H2O] ]""}",7.4,US-NCSS,Philippines,1 km - 10 km,South-Eastern Asia,Asia,1985-??-??,U.S. Public Domain http://www.usa.gov/publicdomain/label/1.0/
123.8458328,10.2569447,1052058,600145,85P0599,Bw1,49,78,0,{7.4},"{""instrument = [ electrode ] ratio = [ 1:1 ] sample pretreatment = [ sieved over 2 mm sieve ] solution = [ water [H2O] ]""}",7.4,US-NCSS,Philippines,1 km - 10 km,South-Eastern Asia,Asia,1985-??-??,U.S. Public Domain http://www.usa.gov/publicdomain/label/1.0/
123.8458328,10.2569447,1052058,600146,85P0599,Bw21,78,104,0,{7.5},"{""instrument = [ electrode ] ratio = [ 1:1 ] sample pretreatment = [ sieved over 2 mm sieve ] solution = [ water [H2O] ]""}",7.5,US-NCSS,Philippines,1 km - 10 km,South-Eastern Asia,Asia,1985-??-??,U.S. Public Domain http://www.usa.gov/publicdomain/label/1.0/
123.8458328,10.2569447,1052058,600147,85P0599,Bw22,104,133,0,{7.7},"{""instrument = [ electrode ] ratio = [ 1:1 ] sample pretreatment = [ sieved over 2 mm sieve ] solution = [ water [H2O] ]""}",7.7,US-NCSS,Philippines,1 km - 10 km,South-Eastern Asia,Asia,1985-??-??,U.S. Public Domain http://www.usa.gov/publicdomain/label/1.0/
123.8458328,10.2569447,1052058,600148,85P0599,C,133,150,0,{8.1},"{""instrument = [ electrode ] ratio = [ 1:1 ] sample pretreatment = [ sieved over 2 mm sieve ] solution = [ water [H2O] ]""}",8.1,US-NCSS,Philippines,1 km - 10 km,South-Eastern Asia,Asia,1985-??-??,U.S. Public Domain http://www.usa.gov/publicdomain/label/1.0/
124.8125,10.6875,1052059,600149,87P0488,A,0,5,0,{5.3},"{""instrument = [ electrode ] ratio = [ 1:1 ] sample pretreatment = [ sieved over 2 mm sieve ] solution = [ water [H2O] ]""}",5.3,US-NCSS,Philippines,1 km - 10 km,South-Eastern Asia,Asia,1987-5-1,U.S. Public Domain http://www.usa.gov/publicdomain/label/1.0/
124.8125,10.6875,1052059,600150,87P0488,,5,20,0,{5.3},"{""instrument = [ electrode ] ratio = [ 1:1 ] sample pretreatment = [ sieved over 2 mm sieve ] solution = [ water [H2O] ]""}",5.3,US-NCSS,Philippines,1 km - 10 km,South-Eastern Asia,Asia,1987-5-1,U.S. Public Domain http://www.usa.gov/publicdomain/label/1.0/
124.8125,10.6875,1052059,600151,87P0488,Bw,20,33,0,{5.5},"{""instrument = [ electrode ] ratio = [ 1:1 ] sample pretreatment = [ sieved over 2 mm sieve ] solution = [ water [H2O] ]""}",5.5,US-NCSS,Philippines,1 km - 10 km,South-Eastern Asia,Asia,1987-5-1,U.S. Public Domain http://www.usa.gov/publicdomain/label/1.0/
124.8125,10.6875,1052059,600152,87P0488,BC11,33,60,0,{5.6},"{""instrument = [ electrode ] ratio = [ 1:1 ] sample pretreatment = [ sieved over 2 mm sieve ] solution = [ water [H2O] ]""}",5.6,US-NCSS,Philippines,1 km - 10 km,South-Eastern Asia,Asia,1987-5-1,U.S. Public Domain http://www.usa.gov/publicdomain/label/1.0/
124.8125,10.6875,1052059,600153,87P0488,BC12,60,87,0,{5.8},"{""instrument = [ electrode ] ratio = [ 1:1 ] sample pretreatment = [ sieved over 2 mm sieve ] solution = [ water [H2O] ]""}",5.8,US-NCSS,Philippines,1 km - 10 km,South-Eastern Asia,Asia,1987-5-1,U.S. Public Domain http://www.usa.gov/publicdomain/label/1.0/
124.8125,10.6875,1052059,600154,87P0488,BC21,87,104,0,{6.0},"{""instrument = [ electrode ] ratio = [ 1:1 ] sample pretreatment = [ sieved over 2 mm sieve ] solution = [ water [H2O] ]""}",6,US-NCSS,Philippines,1 km - 10 km,South-Eastern Asia,Asia,1987-5-1,U.S. Public Domain http://www.usa.gov/publicdomain/label/1.0/
124.8125,10.6875,1052059,600155,87P0488,BC22,104,120,0,{6.0},"{""instrument = [ electrode ] ratio = [ 1:1 ] sample pretreatment = [ sieved over 2 mm sieve ] solution = [ water [H2O] ]""}",6,US-NCSS,Philippines,1 km - 10 km,South-Eastern Asia,Asia,1987-5-1,U.S. Public Domain http://www.usa.gov/publicdomain/label/1.0/
124.8125,10.6875,1052059,600156,87P0488,C,120,150,0,{6.1},"{""instrument = [ electrode ] ratio = [ 1:1 ] sample pretreatment = [ sieved over 2 mm sieve ] solution = [ water [H2O] ]""}",6.1,US-NCSS,Philippines,1 km - 10 km,South-Eastern Asia,Asia,1987-5-1,U.S. Public Domain http://www.usa.gov/publicdomain/label/1.0/
124.016666666667,12.9833333333333,1052268,601531,82P0402,BA,12,30,0,{5.2},"{""instrument = [ electrode ] ratio = [ 1:1 ] sample pretreatment = [ sieved over 2 mm sieve ] solution = [ water [H2O] ]""}",5.2,US-NCSS,Philippines,Over 10 km,South-Eastern Asia,Asia,1982-3-1,U.S. Public Domain http://www.usa.gov/publicdomain/label/1.0/
124.016666666667,12.9833333333333,1052268,601532,82P0402,Bt1,30,55,0,{5.2},"{""instrument = [ electrode ] ratio = [ 1:1 ] sample pretreatment = [ sieved over 2 mm sieve ] solution = [ water [H2O] ]""}",5.2,US-NCSS,Philippines,Over 10 km,South-Eastern Asia,Asia,1982-3-1,U.S. Public Domain http://www.usa.gov/publicdomain/label/1.0/
124.016666666667,12.9833333333333,1052268,601533,82P0402,Bt2,55,75,0,{5.2},"{""instrument = [ electrode ] ratio = [ 1:1 ] sample pretreatment = [ sieved over 2 mm sieve ] solution = [ water [H2O] ]""}",5.2,US-NCSS,Philippines,Over 10 km,South-Eastern Asia,Asia,1982-3-1,U.S. Public Domain http://www.usa.gov/publicdomain/label/1.0/
124.016666666667,12.9833333333333,1052268,601534,82P0402,Bt3,75,100,0,{5.3},"{""instrument = [ electrode ] ratio = [ 1:1 ] sample pretreatment = [ sieved over 2 mm sieve ] solution = [ water [H2O] ]""}",5.3,US-NCSS,Philippines,Over 10 km,South-Eastern Asia,Asia,1982-3-1,U.S. Public Domain http://www.usa.gov/publicdomain/label/1.0/
124.016666666667,12.9833333333333,1052268,601535,82P0402,BC1,100,160,0,{5.3},"{""instrument = [ electrode ] ratio = [ 1:1 ] sample pretreatment = [ sieved over 2 mm sieve ] solution = [ water [H2O] ]""}",5.3,US-NCSS,Philippines,Over 10 km,South-Eastern Asia,Asia,1982-3-1,U.S. Public Domain http://www.usa.gov/publicdomain/label/1.0/
124.016666666667,12.9833333333333,1052268,601536,82P0402,BC2,160,195,0,{5.5},"{""instrument = [ electrode ] ratio = [ 1:1 ] sample pretreatment = [ sieved over 2 mm sieve ] solution = [ water [H2O] ]""}",5.5,US-NCSS,Philippines,Over 10 km,South-Eastern Asia,Asia,1982-3-1,U.S. Public Domain http://www.usa.gov/publicdomain/label/1.0/
121.3,14.1666666666667,1052270,601543,84P0058,Ap1,0,15,0,{5.3},"{""instrument = [ electrode ] ratio = [ 1:1 ] sample pretreatment = [ sieved over 2 mm sieve ] solution = [ water [H2O] ]""}",5.3,US-NCSS,Philippines,Over 10 km,South-Eastern Asia,Asia,1983-9-1,U.S. Public Domain http://www.usa.gov/publicdomain/label/1.0/
121.3,14.1666666666667,1052270,601544,84P0058,Ap2,15,31,0,{5.3},"{""instrument = [ electrode ] ratio = [ 1:1 ] sample pretreatment = [ sieved over 2 mm sieve ] solution = [ water [H2O] ]""}",5.3,US-NCSS,Philippines,Over 10 km,South-Eastern Asia,Asia,1983-9-1,U.S. Public Domain http://www.usa.gov/publicdomain/label/1.0/
121.3,14.1666666666667,1052270,601545,84P0058,Bg1,31,45,0,{5.4},"{""instrument = [ electrode ] ratio = [ 1:1 ] sample pretreatment = [ sieved over 2 mm sieve ] solution = [ water [H2O] ]""}",5.4,US-NCSS,Philippines,Over 10 km,South-Eastern Asia,Asia,1983-9-1,U.S. Public Domain http://www.usa.gov/publicdomain/label/1.0/
121.3,14.1666666666667,1052270,601546,84P0058,Bg2,45,64,0,{5.3},"{""instrument = [ electrode ] ratio = [ 1:1 ] sample pretreatment = [ sieved over 2 mm sieve ] solution = [ water [H2O] ]""}",5.3,US-NCSS,Philippines,Over 10 km,South-Eastern Asia,Asia,1983-9-1,U.S. Public Domain http://www.usa.gov/publicdomain/label/1.0/
121.3,14.1666666666667,1052270,601547,84P0058,Btg,64,94,0,{5.7},"{""instrument = [ electrode ] ratio = [ 1:1 ] sample pretreatment = [ sieved over 2 mm sieve ] solution = [ water [H2O] ]""}",5.7,US-NCSS,Philippines,Over 10 km,South-Eastern Asia,Asia,1983-9-1,U.S. Public Domain http://www.usa.gov/publicdomain/label/1.0/
121.3,14.1666666666667,1052270,601548,84P0058,Cg,94,130,0,{6.0},"{""instrument = [ electrode ] ratio = [ 1:1 ] sample pretreatment = [ sieved over 2 mm sieve ] solution = [ water [H2O] ]""}",6,US-NCSS,Philippines,Over 10 km,South-Eastern Asia,Asia,1983-9-1,U.S. Public Domain http://www.usa.gov/publicdomain/label/1.0/
120.5,14.5,1052271,601549,84P0078,Ap1,0,13,0,{5.3},"{""instrument = [ electrode ] ratio = [ 1:1 ] sample pretreatment = [ sieved over 2 mm sieve ] solution = [ water [H2O] ]""}",5.3,US-NCSS,Philippines,Over 10 km,South-Eastern Asia,Asia,1983-9-3,U.S. Public Domain http://www.usa.gov/publicdomain/label/1.0/
120.5,14.5,1052271,601550,84P0078,Ap2,13,22,0,{5.2},"{""instrument = [ electrode ] ratio = [ 1:1 ] sample pretreatment = [ sieved over 2 mm sieve ] solution = [ water [H2O] ]""}",5.2,US-NCSS,Philippines,Over 10 km,South-Eastern Asia,Asia,1983-9-3,U.S. Public Domain http://www.usa.gov/publicdomain/label/1.0/
120.5,14.5,1052271,601551,84P0078,C1,22,33,0,{5.6},"{""instrument = [ electrode ] ratio = [ 1:1 ] sample pretreatment = [ sieved over 2 mm sieve ] solution = [ water [H2O] ]""}",5.6,US-NCSS,Philippines,Over 10 km,South-Eastern Asia,Asia,1983-9-3,U.S. Public Domain http://www.usa.gov/publicdomain/label/1.0/
120.5,14.5,1052271,601552,84P0078,C2,33,40,0,{5.7},"{""instrument = [ electrode ] ratio = [ 1:1 ] sample pretreatment = [ sieved over 2 mm sieve ] solution = [ water [H2O] ]""}",5.7,US-NCSS,Philippines,Over 10 km,South-Eastern Asia,Asia,1983-9-3,U.S. Public Domain http://www.usa.gov/publicdomain/label/1.0/
120.5,14.5,1052271,601553,84P0078,C3,40,57,0,{5.9},"{""instrument = [ electrode ] ratio = [ 1:1 ] sample pretreatment = [ sieved over 2 mm sieve ] solution = [ water [H2O] ]""}",5.9,US-NCSS,Philippines,Over 10 km,South-Eastern Asia,Asia,1983-9-3,U.S. Public Domain http://www.usa.gov/publicdomain/label/1.0/
121.133331299999,15.9611111,1052568,603529,87P0487,A,0,14,0,{5.3},"{""instrument = [ electrode ] ratio = [ 1:1 ] sample pretreatment = [ sieved over 2 mm sieve ] solution = [ water [H2O] ]""}",5.3,US-NCSS,Philippines,1 km - 10 km,South-Eastern Asia,Asia,1987-5-1,U.S. Public Domain http://www.usa.gov/publicdomain/label/1.0/
121.133331299999,15.9611111,1052568,603530,87P0487,BA,14,30,0,{5.5},"{""instrument = [ electrode ] ratio = [ 1:1 ] sample pretreatment = [ sieved over 2 mm sieve ] solution = [ water [H2O] ]""}",5.5,US-NCSS,Philippines,1 km - 10 km,South-Eastern Asia,Asia,1987-5-1,U.S. Public Domain http://www.usa.gov/publicdomain/label/1.0/
121.133331299999,15.9611111,1052568,603531,87P0487,Bw1,30,50,0,{5.6},"{""instrument = [ electrode ] ratio = [ 1:1 ] sample pretreatment = [ sieved over 2 mm sieve ] solution = [ water [H2O] ]""}",5.6,US-NCSS,Philippines,1 km - 10 km,South-Eastern Asia,Asia,1987-5-1,U.S. Public Domain http://www.usa.gov/publicdomain/label/1.0/
121.133331299999,15.9611111,1052568,603532,87P0487,Bw2,50,70,0,{5.8},"{""instrument = [ electrode ] ratio = [ 1:1 ] sample pretreatment = [ sieved over 2 mm sieve ] solution = [ water [H2O] ]""}",5.8,US-NCSS,Philippines,1 km - 10 km,South-Eastern Asia,Asia,1987-5-1,U.S. Public Domain http://www.usa.gov/publicdomain/label/1.0/
121.133331299999,15.9611111,1052568,603533,87P0487,Bt,70,90,0,{5.9},"{""instrument = [ electrode ] ratio = [ 1:1 ] sample pretreatment = [ sieved over 2 mm sieve ] solution = [ water [H2O] ]""}",5.9,US-NCSS,Philippines,1 km - 10 km,South-Eastern Asia,Asia,1987-5-1,U.S. Public Domain http://www.usa.gov/publicdomain/label/1.0/
121.133331299999,15.9611111,1052568,603534,87P0487,,90,107,0,{6.1},"{""instrument = [ electrode ] ratio = [ 1:1 ] sample pretreatment = [ sieved over 2 mm sieve ] solution = [ water [H2O] ]""}",6.1,US-NCSS,Philippines,1 km - 10 km,South-Eastern Asia,Asia,1987-5-1,U.S. Public Domain http://www.usa.gov/publicdomain/label/1.0/
121.133331299999,15.9611111,1052568,603535,87P0487,2Cg,107,137,0,{6.4},"{""instrument = [ electrode ] ratio = [ 1:1 ] sample pretreatment = [ sieved over 2 mm sieve ] solution = [ water [H2O] ]""}",6.4,US-NCSS,Philippines,1 km - 10 km,South-Eastern Asia,Asia,1987-5-1,U.S. Public Domain http://www.usa.gov/publicdomain/label/1.0/
121.133331299999,15.9611111,1052568,603536,87P0487,3C,137,190,0,{6.4},"{""instrument = [ electrode ] ratio = [ 1:1 ] sample pretreatment = [ sieved over 2 mm sieve ] solution = [ water [H2O] ]""}",6.4,US-NCSS,Philippines,1 km - 10 km,South-Eastern Asia,Asia,1987-5-1,U.S. Public Domain http://www.usa.gov/publicdomain/label/1.0/
121.133331299999,15.9611111,1052568,603537,87P0487,,0,15,0,{5.3},"{""instrument = [ electrode ] ratio = [ 1:1 ] sample pretreatment = [ sieved over 2 mm sieve ] solution = [ water [H2O] ]""}",5.3,US-NCSS,Philippines,1 km - 10 km,South-Eastern Asia,Asia,1987-5-1,U.S. Public Domain http://www.usa.gov/publicdomain/label/1.0/
121.133331299999,15.9611111,1052568,603538,87P0487,,15,30,0,{5.4},"{""instrument = [ electrode ] ratio = [ 1:1 ] sample pretreatment = [ sieved over 2 mm sieve ] solution = [ water [H2O] ]""}",5.4,US-NCSS,Philippines,1 km - 10 km,South-Eastern Asia,Asia,1987-5-1,U.S. Public Domain http://www.usa.gov/publicdomain/label/1.0/
120.5,14.5,1052271,601554,84P0078,C4,57,71,0,{6.1},"{""instrument = [ electrode ] ratio = [ 1:1 ] sample pretreatment = [ sieved over 2 mm sieve ] solution = [ water [H2O] ]""}",6.1,US-NCSS,Philippines,Over 10 km,South-Eastern Asia,Asia,1983-9-3,U.S. Public Domain http://www.usa.gov/publicdomain/label/1.0/
120.5,14.5,1052271,601555,84P0078,C5,71,124,0,{6.3},"{""instrument = [ electrode ] ratio = [ 1:1 ] sample pretreatment = [ sieved over 2 mm sieve ] solution = [ water [H2O] ]""}",6.3,US-NCSS,Philippines,Over 10 km,South-Eastern Asia,Asia,1983-9-3,U.S. Public Domain http://www.usa.gov/publicdomain/label/1.0/
120.5,14.5,1052271,601556,84P0078,C6,124,154,0,{6.5},"{""instrument = [ electrode ] ratio = [ 1:1 ] sample pretreatment = [ sieved over 2 mm sieve ] solution = [ water [H2O] ]""}",6.5,US-NCSS,Philippines,Over 10 km,South-Eastern Asia,Asia,1983-9-3,U.S. Public Domain http://www.usa.gov/publicdomain/label/1.0/
124.016666666667,12.9833333333333,1052272,601557,84P0069,Ap1,0,9,0,{5.2},"{""instrument = [ electrode ] ratio = [ 1:1 ] sample pretreatment = [ sieved over 2 mm sieve ] solution = [ water [H2O] ]""}",5.2,US-NCSS,Philippines,Over 10 km,South-Eastern Asia,Asia,1983-9-1,U.S. Public Domain http://www.usa.gov/publicdomain/label/1.0/
124.016666666667,12.9833333333333,1052272,601558,84P0069,Ap2,9,13,0,{5.6},"{""instrument = [ electrode ] ratio = [ 1:1 ] sample pretreatment = [ sieved over 2 mm sieve ] solution = [ water [H2O] ]""}",5.6,US-NCSS,Philippines,Over 10 km,South-Eastern Asia,Asia,1983-9-1,U.S. Public Domain http://www.usa.gov/publicdomain/label/1.0/
124.016666666667,12.9833333333333,1052272,601559,84P0069,BAg,13,26,0,{5.8},"{""instrument = [ electrode ] ratio = [ 1:1 ] sample pretreatment = [ sieved over 2 mm sieve ] solution = [ water [H2O] ]""}",5.8,US-NCSS,Philippines,Over 10 km,South-Eastern Asia,Asia,1983-9-1,U.S. Public Domain http://www.usa.gov/publicdomain/label/1.0/
124.016666666667,12.9833333333333,1052272,601560,84P0069,Bg1,26,48,0,{6.1},"{""instrument = [ electrode ] ratio = [ 1:1 ] sample pretreatment = [ sieved over 2 mm sieve ] solution = [ water [H2O] ]""}",6.1,US-NCSS,Philippines,Over 10 km,South-Eastern Asia,Asia,1983-9-1,U.S. Public Domain http://www.usa.gov/publicdomain/label/1.0/
124.016666666667,12.9833333333333,1052272,601561,84P0069,Bg2,48,68,0,{6.3},"{""instrument = [ electrode ] ratio = [ 1:1 ] sample pretreatment = [ sieved over 2 mm sieve ] solution = [ water [H2O] ]""}",6.3,US-NCSS,Philippines,Over 10 km,South-Eastern Asia,Asia,1983-9-1,U.S. Public Domain http://www.usa.gov/publicdomain/label/1.0/
124.016666666667,12.9833333333333,1052272,601562,84P0069,BCg,68,93,0,{6.3},"{""instrument = [ electrode ] ratio = [ 1:1 ] sample pretreatment = [ sieved over 2 mm sieve ] solution = [ water [H2O] ]""}",6.3,US-NCSS,Philippines,Over 10 km,South-Eastern Asia,Asia,1983-9-1,U.S. Public Domain http://www.usa.gov/publicdomain/label/1.0/
124.016666666667,12.9833333333333,1052272,601563,84P0069,Cg1,93,105,0,{6.6},"{""instrument = [ electrode ] ratio = [ 1:1 ] sample pretreatment = [ sieved over 2 mm sieve ] solution = [ water [H2O] ]""}",6.6,US-NCSS,Philippines,Over 10 km,South-Eastern Asia,Asia,1983-9-1,U.S. Public Domain http://www.usa.gov/publicdomain/label/1.0/
124.016666666667,12.9833333333333,1052272,601564,84P0069,Cg2,105,125,0,"{6.2,6.3}","{""instrument = [ electrode ] ratio = [ 1:1 ] sample pretreatment = [ sieved over 2 mm sieve ] solution = [ water [H2O] ]"",""instrument = [ electrode ] sample pretreatment = [ sieved over 2 mm sieve ] solution = [ water [H2O] ]""}",6.25,US-NCSS,Philippines,Over 10 km,South-Eastern Asia,Asia,1983-9-1,U.S. Public Domain http://www.usa.gov/publicdomain/label/1.0/
120.516666666667,15.9666666666667,1052274,601570,84P0067,Ap1,0,12,0,"{7.1,7.5}","{""instrument = [ electrode ] sample pretreatment = [ sieved over 2 mm sieve ] solution = [ water [H2O] ]"",""instrument = [ electrode ] ratio = [ 1:1 ] sample pretreatment = [ sieved over 2 mm sieve ] solution = [ water [H2O] ]""}",7.3,US-NCSS,Philippines,Over 10 km,South-Eastern Asia,Asia,1983-9-1,U.S. Public Domain http://www.usa.gov/publicdomain/label/1.0/
120.516666666667,15.9666666666667,1052274,601571,84P0067,Ap2,12,23,0,"{7.7,7.8}","{""instrument = [ electrode ] ratio = [ 1:1 ] sample pretreatment = [ sieved over 2 mm sieve ] solution = [ water [H2O] ]"",""instrument = [ electrode ] sample pretreatment = [ sieved over 2 mm sieve ] solution = [ water [H2O] ]""}",7.75,US-NCSS,Philippines,Over 10 km,South-Eastern Asia,Asia,1983-9-1,U.S. Public Domain http://www.usa.gov/publicdomain/label/1.0/
120.516666666667,15.9666666666667,1052274,601572,84P0067,,23,40,0,"{7.6,7.7}","{""instrument = [ electrode ] sample pretreatment = [ sieved over 2 mm sieve ] solution = [ water [H2O] ]"",""instrument = [ electrode ] ratio = [ 1:1 ] sample pretreatment = [ sieved over 2 mm sieve ] solution = [ water [H2O] ]""}",7.65,US-NCSS,Philippines,Over 10 km,South-Eastern Asia,Asia,1983-9-1,U.S. Public Domain http://www.usa.gov/publicdomain/label/1.0/
120.516666666667,15.9666666666667,1052274,601573,84P0067,Bg1,40,57,0,{7.5},"{""instrument = [ electrode ] ratio = [ 1:1 ] sample pretreatment = [ sieved over 2 mm sieve ] solution = [ water [H2O] ]""}",7.5,US-NCSS,Philippines,Over 10 km,South-Eastern Asia,Asia,1983-9-1,U.S. Public Domain http://www.usa.gov/publicdomain/label/1.0/
120.516666666667,15.9666666666667,1052274,601574,84P0067,Bg2,57,81,0,{7.6},"{""instrument = [ electrode ] ratio = [ 1:1 ] sample pretreatment = [ sieved over 2 mm sieve ] solution = [ water [H2O] ]""}",7.6,US-NCSS,Philippines,Over 10 km,South-Eastern Asia,Asia,1983-9-1,U.S. Public Domain http://www.usa.gov/publicdomain/label/1.0/
120.516666666667,15.9666666666667,1052274,601575,84P0067,BCg,81,119,0,{7.3},"{""instrument = [ electrode ] ratio = [ 1:1 ] sample pretreatment = [ sieved over 2 mm sieve ] solution = [ water [H2O] ]""}",7.3,US-NCSS,Philippines,Over 10 km,South-Eastern Asia,Asia,1983-9-1,U.S. Public Domain http://www.usa.gov/publicdomain/label/1.0/
120.583333333333,15.4833333333333,1052275,601576,84P0068,Ap1,0,10,0,{6.1},"{""instrument = [ electrode ] ratio = [ 1:1 ] sample pretreatment = [ sieved over 2 mm sieve ] solution = [ water [H2O] ]""}",6.1,US-NCSS,Philippines,Over 10 km,South-Eastern Asia,Asia,1983-9-1,U.S. Public Domain http://www.usa.gov/publicdomain/label/1.0/
120.583333333333,15.4833333333333,1052275,601577,84P0068,Ap2,10,17,0,{6.7},"{""instrument = [ electrode ] ratio = [ 1:1 ] sample pretreatment = [ sieved over 2 mm sieve ] solution = [ water [H2O] ]""}",6.7,US-NCSS,Philippines,Over 10 km,South-Eastern Asia,Asia,1983-9-1,U.S. Public Domain http://www.usa.gov/publicdomain/label/1.0/
120.583333333333,15.4833333333333,1052275,601578,84P0068,Bg,17,56,0,{7.1},"{""instrument = [ electrode ] ratio = [ 1:1 ] sample pretreatment = [ sieved over 2 mm sieve ] solution = [ water [H2O] ]""}",7.1,US-NCSS,Philippines,Over 10 km,South-Eastern Asia,Asia,1983-9-1,U.S. Public Domain http://www.usa.gov/publicdomain/label/1.0/
120.583333333333,15.4833333333333,1052275,601579,84P0068,Btg,56,86,0,{7.2},"{""instrument = [ electrode ] ratio = [ 1:1 ] sample pretreatment = [ sieved over 2 mm sieve ] solution = [ water [H2O] ]""}",7.2,US-NCSS,Philippines,Over 10 km,South-Eastern Asia,Asia,1983-9-1,U.S. Public Domain http://www.usa.gov/publicdomain/label/1.0/
120.583333333333,15.4833333333333,1052275,601580,84P0068,C,86,106,0,{7.3},"{""instrument = [ electrode ] ratio = [ 1:1 ] sample pretreatment = [ sieved over 2 mm sieve ] solution = [ water [H2O] ]""}",7.3,US-NCSS,Philippines,Over 10 km,South-Eastern Asia,Asia,1983-9-1,U.S. Public Domain http://www.usa.gov/publicdomain/label/1.0/
120.316666666667,15.7333333333333,1052276,601581,84P0062,Apg1,0,10,0,"{7.1,7.2}","{""instrument = [ electrode ] ratio = [ 1:1 ] sample pretreatment = [ sieved over 2 mm sieve ] solution = [ water [H2O] ]"",""instrument = [ electrode ] sample pretreatment = [ sieved over 2 mm sieve ] solution = [ water [H2O] ]""}",7.15,US-NCSS,Philippines,Over 10 km,South-Eastern Asia,Asia,1983-9-1,U.S. Public Domain http://www.usa.gov/publicdomain/label/1.0/
120.316666666667,15.7333333333333,1052276,601582,84P0062,Apg2,10,16,0,{7.2},"{""instrument = [ electrode ] ratio = [ 1:1 ] sample pretreatment = [ sieved over 2 mm sieve ] solution = [ water [H2O] ]""}",7.2,US-NCSS,Philippines,Over 10 km,South-Eastern Asia,Asia,1983-9-1,U.S. Public Domain http://www.usa.gov/publicdomain/label/1.0/
120.316666666667,15.7333333333333,1052276,601583,84P0062,Bw1,16,41,0,{7.3},"{""instrument = [ electrode ] ratio = [ 1:1 ] sample pretreatment = [ sieved over 2 mm sieve ] solution = [ water [H2O] ]""}",7.3,US-NCSS,Philippines,Over 10 km,South-Eastern Asia,Asia,1983-9-1,U.S. Public Domain http://www.usa.gov/publicdomain/label/1.0/
120.316666666667,15.7333333333333,1052276,601584,84P0062,Bw2,41,58,0,{7.2},"{""instrument = [ electrode ] ratio = [ 1:1 ] sample pretreatment = [ sieved over 2 mm sieve ] solution = [ water [H2O] ]""}",7.2,US-NCSS,Philippines,Over 10 km,South-Eastern Asia,Asia,1983-9-1,U.S. Public Domain http://www.usa.gov/publicdomain/label/1.0/
120.316666666667,15.7333333333333,1052276,601585,84P0062,Bg,58,83,0,{7.0},"{""instrument = [ electrode ] ratio = [ 1:1 ] sample pretreatment = [ sieved over 2 mm sieve ] solution = [ water [H2O] ]""}",7,US-NCSS,Philippines,Over 10 km,South-Eastern Asia,Asia,1983-9-1,U.S. Public Domain http://www.usa.gov/publicdomain/label/1.0/
120.316666666667,15.7333333333333,1052276,601586,84P0062,,83,122,0,{7.2},"{""instrument = [ electrode ] ratio = [ 1:1 ] sample pretreatment = [ sieved over 2 mm sieve ] solution = [ water [H2O] ]""}",7.2,US-NCSS,Philippines,Over 10 km,South-Eastern Asia,Asia,1983-9-1,U.S. Public Domain http://www.usa.gov/publicdomain/label/1.0/
120.966666666667,15.3,1052277,601587,84P0060,Apg1,0,8,0,{6.1},"{""instrument = [ electrode ] ratio = [ 1:1 ] sample pretreatment = [ sieved over 2 mm sieve ] solution = [ water [H2O] ]""}",6.1,US-NCSS,Philippines,Over 10 km,South-Eastern Asia,Asia,1983-9-1,U.S. Public Domain http://www.usa.gov/publicdomain/label/1.0/
120.966666666667,15.3,1052277,601588,84P0060,Apg2,8,19,0,{7.1},"{""instrument = [ electrode ] ratio = [ 1:1 ] sample pretreatment = [ sieved over 2 mm sieve ] solution = [ water [H2O] ]""}",7.1,US-NCSS,Philippines,Over 10 km,South-Eastern Asia,Asia,1983-9-1,U.S. Public Domain http://www.usa.gov/publicdomain/label/1.0/
120.966666666667,15.3,1052277,601589,84P0060,BAg,19,38,0,{7.3},"{""instrument = [ electrode ] ratio = [ 1:1 ] sample pretreatment = [ sieved over 2 mm sieve ] solution = [ water [H2O] ]""}",7.3,US-NCSS,Philippines,Over 10 km,South-Eastern Asia,Asia,1983-9-1,U.S. Public Domain http://www.usa.gov/publicdomain/label/1.0/
120.966666666667,15.3,1052277,601590,84P0060,Bw,38,64,0,{7.1},"{""instrument = [ electrode ] ratio = [ 1:1 ] sample pretreatment = [ sieved over 2 mm sieve ] solution = [ water [H2O] ]""}",7.1,US-NCSS,Philippines,Over 10 km,South-Eastern Asia,Asia,1983-9-1,U.S. Public Domain http://www.usa.gov/publicdomain/label/1.0/
120.966666666667,15.3,1052277,601591,84P0060,Bt1,64,86,0,{7.2},"{""instrument = [ electrode ] ratio = [ 1:1 ] sample pretreatment = [ sieved over 2 mm sieve ] solution = [ water [H2O] ]""}",7.2,US-NCSS,Philippines,Over 10 km,South-Eastern Asia,Asia,1983-9-1,U.S. Public Domain http://www.usa.gov/publicdomain/label/1.0/
120.966666666667,15.3,1052277,601592,84P0060,Bt2,86,132,0,{7.2},"{""instrument = [ electrode ] ratio = [ 1:1 ] sample pretreatment = [ sieved over 2 mm sieve ] solution = [ water [H2O] ]""}",7.2,US-NCSS,Philippines,Over 10 km,South-Eastern Asia,Asia,1983-9-1,U.S. Public Domain http://www.usa.gov/publicdomain/label/1.0/
121.3,14.1666666666667,1052278,601593,84P0054,Apg,0,8,0,"{6.5,6.6}","{""instrument = [ electrode ] ratio = [ 1:1 ] sample pretreatment = [ sieved over 2 mm sieve ] solution = [ water [H2O] ]"",""instrument = [ electrode ] sample pretreatment = [ sieved over 2 mm sieve ] solution = [ water [H2O] ]""}",6.55,US-NCSS,Philippines,Over 10 km,South-Eastern Asia,Asia,1983-9-1,U.S. Public Domain http://www.usa.gov/publicdomain/label/1.0/
121.3,14.1666666666667,1052278,601594,84P0054,ABg,8,20,0,{6.8},"{""instrument = [ electrode ] ratio = [ 1:1 ] sample pretreatment = [ sieved over 2 mm sieve ] solution = [ water [H2O] ]""}",6.8,US-NCSS,Philippines,Over 10 km,South-Eastern Asia,Asia,1983-9-1,U.S. Public Domain http://www.usa.gov/publicdomain/label/1.0/
121.3,14.1666666666667,1052278,601595,84P0054,Bwg,20,40,0,{7.0},"{""instrument = [ electrode ] ratio = [ 1:1 ] sample pretreatment = [ sieved over 2 mm sieve ] solution = [ water [H2O] ]""}",7,US-NCSS,Philippines,Over 10 km,South-Eastern Asia,Asia,1983-9-1,U.S. Public Domain http://www.usa.gov/publicdomain/label/1.0/
121.3,14.1666666666667,1052278,601596,84P0054,Btg1,40,70,0,{7.1},"{""instrument = [ electrode ] ratio = [ 1:1 ] sample pretreatment = [ sieved over 2 mm sieve ] solution = [ water [H2O] ]""}",7.1,US-NCSS,Philippines,Over 10 km,South-Eastern Asia,Asia,1983-9-1,U.S. Public Domain http://www.usa.gov/publicdomain/label/1.0/
121.3,14.1666666666667,1052278,601597,84P0054,Btg2,70,107,0,{7.1},"{""instrument = [ electrode ] ratio = [ 1:1 ] sample pretreatment = [ sieved over 2 mm sieve ] solution = [ water [H2O] ]""}",7.1,US-NCSS,Philippines,Over 10 km,South-Eastern Asia,Asia,1983-9-1,U.S. Public Domain http://www.usa.gov/publicdomain/label/1.0/
121.3,14.1666666666667,1052278,601598,84P0054,Cg,107,118,0,{6.9},"{""instrument = [ electrode ] ratio = [ 1:1 ] sample pretreatment = [ sieved over 2 mm sieve ] solution = [ water [H2O] ]""}",6.9,US-NCSS,Philippines,Over 10 km,South-Eastern Asia,Asia,1983-9-1,U.S. Public Domain http://www.usa.gov/publicdomain/label/1.0/
121.3,14.1666666666667,1052279,601599,84P0056,Apg1,0,18,0,"{7.0,6.7}","{""instrument = [ electrode ] ratio = [ 1:1 ] sample pretreatment = [ sieved over 2 mm sieve ] solution = [ water [H2O] ]"",""instrument = [ electrode ] sample pretreatment = [ sieved over 2 mm sieve ] solution = [ water [H2O] ]""}",6.85,US-NCSS,Philippines,Over 10 km,South-Eastern Asia,Asia,1983-9-1,U.S. Public Domain http://www.usa.gov/publicdomain/label/1.0/
121.3,14.1666666666667,1052279,601600,84P0056,Apg2,18,26,0,"{6.4,6.8}","{""instrument = [ electrode ] sample pretreatment = [ sieved over 2 mm sieve ] solution = [ water [H2O] ]"",""instrument = [ electrode ] ratio = [ 1:1 ] sample pretreatment = [ sieved over 2 mm sieve ] solution = [ water [H2O] ]""}",6.6,US-NCSS,Philippines,Over 10 km,South-Eastern Asia,Asia,1983-9-1,U.S. Public Domain http://www.usa.gov/publicdomain/label/1.0/
121.3,14.1666666666667,1052279,601601,84P0056,Bg1,26,48,0,{6.8},"{""instrument = [ electrode ] ratio = [ 1:1 ] sample pretreatment = [ sieved over 2 mm sieve ] solution = [ water [H2O] ]""}",6.8,US-NCSS,Philippines,Over 10 km,South-Eastern Asia,Asia,1983-9-1,U.S. Public Domain http://www.usa.gov/publicdomain/label/1.0/
121.3,14.1666666666667,1052279,601602,84P0056,Bg2,48,64,0,{6.8},"{""instrument = [ electrode ] ratio = [ 1:1 ] sample pretreatment = [ sieved over 2 mm sieve ] solution = [ water [H2O] ]""}",6.8,US-NCSS,Philippines,Over 10 km,South-Eastern Asia,Asia,1983-9-1,U.S. Public Domain http://www.usa.gov/publicdomain/label/1.0/
121.3,14.1666666666667,1052279,601603,84P0056,Btg,64,87,0,{7.2},"{""instrument = [ electrode ] ratio = [ 1:1 ] sample pretreatment = [ sieved over 2 mm sieve ] solution = [ water [H2O] ]""}",7.2,US-NCSS,Philippines,Over 10 km,South-Eastern Asia,Asia,1983-9-1,U.S. Public Domain http://www.usa.gov/publicdomain/label/1.0/
120.516666666667,15.9666666666667,1052280,601604,84P0066,Ap,0,10,0,{7.3},"{""instrument = [ electrode ] ratio = [ 1:1 ] sample pretreatment = [ sieved over 2 mm sieve ] solution = [ water [H2O] ]""}",7.3,US-NCSS,Philippines,Over 10 km,South-Eastern Asia,Asia,1983-9-1,U.S. Public Domain http://www.usa.gov/publicdomain/label/1.0/
120.516666666667,15.9666666666667,1052280,601605,84P0066,ABg,10,31,0,{7.3},"{""instrument = [ electrode ] ratio = [ 1:1 ] sample pretreatment = [ sieved over 2 mm sieve ] solution = [ water [H2O] ]""}",7.3,US-NCSS,Philippines,Over 10 km,South-Eastern Asia,Asia,1983-9-1,U.S. Public Domain http://www.usa.gov/publicdomain/label/1.0/
120.516666666667,15.9666666666667,1052280,601606,84P0066,Bg,31,55,0,{7.2},"{""instrument = [ electrode ] ratio = [ 1:1 ] sample pretreatment = [ sieved over 2 mm sieve ] solution = [ water [H2O] ]""}",7.2,US-NCSS,Philippines,Over 10 km,South-Eastern Asia,Asia,1983-9-1,U.S. Public Domain http://www.usa.gov/publicdomain/label/1.0/
120.516666666667,15.9666666666667,1052280,601607,84P0066,CBg,55,85,0,{7.7},"{""instrument = [ electrode ] ratio = [ 1:1 ] sample pretreatment = [ sieved over 2 mm sieve ] solution = [ water [H2O] ]""}",7.7,US-NCSS,Philippines,Over 10 km,South-Eastern Asia,Asia,1983-9-1,U.S. Public Domain http://www.usa.gov/publicdomain/label/1.0/
120.516666666667,15.9666666666667,1052280,601608,84P0066,Cg,85,117,0,{7.7},"{""instrument = [ electrode ] ratio = [ 1:1 ] sample pretreatment = [ sieved over 2 mm sieve ] solution = [ water [H2O] ]""}",7.7,US-NCSS,Philippines,Over 10 km,South-Eastern Asia,Asia,1983-9-1,U.S. Public Domain http://www.usa.gov/publicdomain/label/1.0/
120.516666666667,15.9666666666667,1052281,601609,84P0065,Apg1,0,10,0,"{7.3,6.8}","{""instrument = [ electrode ] ratio = [ 1:1 ] sample pretreatment = [ sieved over 2 mm sieve ] solution = [ water [H2O] ]"",""instrument = [ electrode ] sample pretreatment = [ sieved over 2 mm sieve ] solution = [ water [H2O] ]""}",7.05,US-NCSS,Philippines,Over 10 km,South-Eastern Asia,Asia,1983-9-1,U.S. Public Domain http://www.usa.gov/publicdomain/label/1.0/
120.516666666667,15.9666666666667,1052281,601610,84P0065,Apg2,10,23,0,{7.2},"{""instrument = [ electrode ] ratio = [ 1:1 ] sample pretreatment = [ sieved over 2 mm sieve ] solution = [ water [H2O] ]""}",7.2,US-NCSS,Philippines,Over 10 km,South-Eastern Asia,Asia,1983-9-1,U.S. Public Domain http://www.usa.gov/publicdomain/label/1.0/
120.516666666667,15.9666666666667,1052281,601611,84P0065,Bg,23,49,0,{7.4},"{""instrument = [ electrode ] ratio = [ 1:1 ] sample pretreatment = [ sieved over 2 mm sieve ] solution = [ water [H2O] ]""}",7.4,US-NCSS,Philippines,Over 10 km,South-Eastern Asia,Asia,1983-9-1,U.S. Public Domain http://www.usa.gov/publicdomain/label/1.0/
120.516666666667,15.9666666666667,1052281,601612,84P0065,BCg,49,72,0,{7.6},"{""instrument = [ electrode ] ratio = [ 1:1 ] sample pretreatment = [ sieved over 2 mm sieve ] solution = [ water [H2O] ]""}",7.6,US-NCSS,Philippines,Over 10 km,South-Eastern Asia,Asia,1983-9-1,U.S. Public Domain http://www.usa.gov/publicdomain/label/1.0/
120.316666666667,15.7333333333333,1052283,601620,84P0063,Ap1,0,10,0,"{7.8,7.2}","{""instrument = [ electrode ] ratio = [ 1:1 ] sample pretreatment = [ sieved over 2 mm sieve ] solution = [ water [H2O] ]"",""instrument = [ electrode ] sample pretreatment = [ sieved over 2 mm sieve ] solution = [ water [H2O] ]""}",7.5,US-NCSS,Philippines,Over 10 km,South-Eastern Asia,Asia,1983-9-1,U.S. Public Domain http://www.usa.gov/publicdomain/label/1.0/
120.316666666667,15.7333333333333,1052283,601621,84P0063,Ap2,10,23,0,"{7.5,7.9}","{""instrument = [ electrode ] sample pretreatment = [ sieved over 2 mm sieve ] solution = [ water [H2O] ]"",""instrument = [ electrode ] ratio = [ 1:1 ] sample pretreatment = [ sieved over 2 mm sieve ] solution = [ water [H2O] ]""}",7.7,US-NCSS,Philippines,Over 10 km,South-Eastern Asia,Asia,1983-9-1,U.S. Public Domain http://www.usa.gov/publicdomain/label/1.0/
120.316666666667,15.7333333333333,1052283,601622,84P0063,Bw,23,38,0,"{8.0,7.6}","{""instrument = [ electrode ] ratio = [ 1:1 ] sample pretreatment = [ sieved over 2 mm sieve ] solution = [ water [H2O] ]"",""instrument = [ electrode ] sample pretreatment = [ sieved over 2 mm sieve ] solution = [ water [H2O] ]""}",7.8,US-NCSS,Philippines,Over 10 km,South-Eastern Asia,Asia,1983-9-1,U.S. Public Domain http://www.usa.gov/publicdomain/label/1.0/
120.316666666667,15.7333333333333,1052283,601623,84P0063,,38,78,0,{8.1},"{""instrument = [ electrode ] ratio = [ 1:1 ] sample pretreatment = [ sieved over 2 mm sieve ] solution = [ water [H2O] ]""}",8.1,US-NCSS,Philippines,Over 10 km,South-Eastern Asia,Asia,1983-9-1,U.S. Public Domain http://www.usa.gov/publicdomain/label/1.0/
120.316666666667,15.7333333333333,1052283,601624,84P0063,C,78,132,0,{8.1},"{""instrument = [ electrode ] ratio = [ 1:1 ] sample pretreatment = [ sieved over 2 mm sieve ] solution = [ water [H2O] ]""}",8.1,US-NCSS,Philippines,Over 10 km,South-Eastern Asia,Asia,1983-9-1,U.S. Public Domain http://www.usa.gov/publicdomain/label/1.0/
121.45,14.4333333333333,1052284,601625,84P0052,Apg,0,15,0,"{6.0,6.6}","{""instrument = [ electrode ] ratio = [ 1:1 ] sample pretreatment = [ sieved over 2 mm sieve ] solution = [ water [H2O] ]"",""instrument = [ electrode ] sample pretreatment = [ sieved over 2 mm sieve ] solution = [ water [H2O] ]""}",6.3,US-NCSS,Philippines,Over 10 km,South-Eastern Asia,Asia,1983-9-1,U.S. Public Domain http://www.usa.gov/publicdomain/label/1.0/
121.45,14.4333333333333,1052284,601626,84P0052,BAg,15,29,0,"{6.5,6.5}","{""instrument = [ electrode ] sample pretreatment = [ sieved over 2 mm sieve ] solution = [ water [H2O] ]"",""instrument = [ electrode ] ratio = [ 1:1 ] sample pretreatment = [ sieved over 2 mm sieve ] solution = [ water [H2O] ]""}",6.5,US-NCSS,Philippines,Over 10 km,South-Eastern Asia,Asia,1983-9-1,U.S. Public Domain http://www.usa.gov/publicdomain/label/1.0/
121.45,14.4333333333333,1052284,601627,84P0052,Btg,29,47,0,"{7.0,6.6}","{""instrument = [ electrode ] ratio = [ 1:1 ] sample pretreatment = [ sieved over 2 mm sieve ] solution = [ water [H2O] ]"",""instrument = [ electrode ] sample pretreatment = [ sieved over 2 mm sieve ] solution = [ water [H2O] ]""}",6.8,US-NCSS,Philippines,Over 10 km,South-Eastern Asia,Asia,1983-9-1,U.S. Public Domain http://www.usa.gov/publicdomain/label/1.0/
121.45,14.4333333333333,1052284,601628,84P0052,BCg,47,69,0,"{6.6,6.9}","{""instrument = [ electrode ] sample pretreatment = [ sieved over 2 mm sieve ] solution = [ water [H2O] ]"",""instrument = [ electrode ] ratio = [ 1:1 ] sample pretreatment = [ sieved over 2 mm sieve ] solution = [ water [H2O] ]""}",6.75,US-NCSS,Philippines,Over 10 km,South-Eastern Asia,Asia,1983-9-1,U.S. Public Domain http://www.usa.gov/publicdomain/label/1.0/
121.45,14.4333333333333,1052284,601629,84P0052,Cg,69,123,0,"{7.0,6.7}","{""instrument = [ electrode ] ratio = [ 1:1 ] sample pretreatment = [ sieved over 2 mm sieve ] solution = [ water [H2O] ]"",""instrument = [ electrode ] sample pretreatment = [ sieved over 2 mm sieve ] solution = [ water [H2O] ]""}",6.85,US-NCSS,Philippines,Over 10 km,South-Eastern Asia,Asia,1983-9-1,U.S. Public Domain http://www.usa.gov/publicdomain/label/1.0/
121.45,14.4333333333333,1052284,601630,84P0052,Cr,123,135,0,"{6.8,7.0}","{""instrument = [ electrode ] sample pretreatment = [ sieved over 2 mm sieve ] solution = [ water [H2O] ]"",""instrument = [ electrode ] ratio = [ 1:1 ] sample pretreatment = [ sieved over 2 mm sieve ] solution = [ water [H2O] ]""}",6.9,US-NCSS,Philippines,Over 10 km,South-Eastern Asia,Asia,1983-9-1,U.S. Public Domain http://www.usa.gov/publicdomain/label/1.0/
120.6,18.05,1052285,601631,84P0077,Ap1,0,13,0,"{7.8,7.6}","{""instrument = [ electrode ] ratio = [ 1:1 ] sample pretreatment = [ sieved over 2 mm sieve ] solution = [ water [H2O] ]"",""instrument = [ electrode ] sample pretreatment = [ sieved over 2 mm sieve ] solution = [ water [H2O] ]""}",7.7,US-NCSS,Philippines,Over 10 km,South-Eastern Asia,Asia,1983-9-1,U.S. Public Domain http://www.usa.gov/publicdomain/label/1.0/
120.6,18.05,1052285,601632,84P0077,Ap2,13,25,0,"{7.6,8.0}","{""instrument = [ electrode ] sample pretreatment = [ sieved over 2 mm sieve ] solution = [ water [H2O] ]"",""instrument = [ electrode ] ratio = [ 1:1 ] sample pretreatment = [ sieved over 2 mm sieve ] solution = [ water [H2O] ]""}",7.8,US-NCSS,Philippines,Over 10 km,South-Eastern Asia,Asia,1983-9-1,U.S. Public Domain http://www.usa.gov/publicdomain/label/1.0/
120.6,18.05,1052285,601633,84P0077,Bw1,25,45,0,{8.0},"{""instrument = [ electrode ] ratio = [ 1:1 ] sample pretreatment = [ sieved over 2 mm sieve ] solution = [ water [H2O] ]""}",8,US-NCSS,Philippines,Over 10 km,South-Eastern Asia,Asia,1983-9-1,U.S. Public Domain http://www.usa.gov/publicdomain/label/1.0/
120.6,18.05,1052285,601634,84P0077,Bw2,45,65,0,{7.9},"{""instrument = [ electrode ] ratio = [ 1:1 ] sample pretreatment = [ sieved over 2 mm sieve ] solution = [ water [H2O] ]""}",7.9,US-NCSS,Philippines,Over 10 km,South-Eastern Asia,Asia,1983-9-1,U.S. Public Domain http://www.usa.gov/publicdomain/label/1.0/
120.6,18.05,1052285,601635,84P0077,,65,125,0,{8.0},"{""instrument = [ electrode ] ratio = [ 1:1 ] sample pretreatment = [ sieved over 2 mm sieve ] solution = [ water [H2O] ]""}",8,US-NCSS,Philippines,Over 10 km,South-Eastern Asia,Asia,1983-9-1,U.S. Public Domain http://www.usa.gov/publicdomain/label/1.0/
120.6,18.05,1052285,601636,84P0077,C,125,144,0,{8.0},"{""instrument = [ electrode ] ratio = [ 1:1 ] sample pretreatment = [ sieved over 2 mm sieve ] solution = [ water [H2O] ]""}",8,US-NCSS,Philippines,Over 10 km,South-Eastern Asia,Asia,1983-9-1,U.S. Public Domain http://www.usa.gov/publicdomain/label/1.0/
123.283333333333,13.6166666666667,1052286,601637,84P0072,Ap1,0,10,0,"{5.7,5.8}","{""instrument = [ electrode ] ratio = [ 1:1 ] sample pretreatment = [ sieved over 2 mm sieve ] solution = [ water [H2O] ]"",""instrument = [ electrode ] sample pretreatment = [ sieved over 2 mm sieve ] solution = [ water [H2O] ]""}",5.75,US-NCSS,Philippines,Over 10 km,South-Eastern Asia,Asia,1983-9-1,U.S. Public Domain http://www.usa.gov/publicdomain/label/1.0/
123.283333333333,13.6166666666667,1052286,601638,84P0072,Ap2,10,21,0,"{5.7,5.8}","{""instrument = [ electrode ] sample pretreatment = [ sieved over 2 mm sieve ] solution = [ water [H2O] ]"",""instrument = [ electrode ] ratio = [ 1:1 ] sample pretreatment = [ sieved over 2 mm sieve ] solution = [ water [H2O] ]""}",5.75,US-NCSS,Philippines,Over 10 km,South-Eastern Asia,Asia,1983-9-1,U.S. Public Domain http://www.usa.gov/publicdomain/label/1.0/
123.283333333333,13.6166666666667,1052286,601639,84P0072,Ag,21,37,0,"{6.3,6.1}","{""instrument = [ electrode ] ratio = [ 1:1 ] sample pretreatment = [ sieved over 2 mm sieve ] solution = [ water [H2O] ]"",""instrument = [ electrode ] sample pretreatment = [ sieved over 2 mm sieve ] solution = [ water [H2O] ]""}",6.2,US-NCSS,Philippines,Over 10 km,South-Eastern Asia,Asia,1983-9-1,U.S. Public Domain http://www.usa.gov/publicdomain/label/1.0/
123.283333333333,13.6166666666667,1052286,601640,84P0072,ACg1,37,75,0,"{6.7,6.8}","{""instrument = [ electrode ] sample pretreatment = [ sieved over 2 mm sieve ] solution = [ water [H2O] ]"",""instrument = [ electrode ] ratio = [ 1:1 ] sample pretreatment = [ sieved over 2 mm sieve ] solution = [ water [H2O] ]""}",6.75,US-NCSS,Philippines,Over 10 km,South-Eastern Asia,Asia,1983-9-1,U.S. Public Domain http://www.usa.gov/publicdomain/label/1.0/
123.283333333333,13.6166666666667,1052286,601641,84P0072,ACg2,75,100,0,"{6.9,6.8}","{""instrument = [ electrode ] ratio = [ 1:1 ] sample pretreatment = [ sieved over 2 mm sieve ] solution = [ water [H2O] ]"",""instrument = [ electrode ] sample pretreatment = [ sieved over 2 mm sieve ] solution = [ water [H2O] ]""}",6.85,US-NCSS,Philippines,Over 10 km,South-Eastern Asia,Asia,1983-9-1,U.S. Public Domain http://www.usa.gov/publicdomain/label/1.0/
123.283333333333,13.6166666666667,1052286,601642,84P0072,Cg1,100,130,0,{6.7},"{""instrument = [ electrode ] ratio = [ 1:1 ] sample pretreatment = [ sieved over 2 mm sieve ] solution = [ water [H2O] ]""}",6.7,US-NCSS,Philippines,Over 10 km,South-Eastern Asia,Asia,1983-9-1,U.S. Public Domain http://www.usa.gov/publicdomain/label/1.0/
123.283333333333,13.6166666666667,1052286,601643,84P0072,Cg2,130,147,0,{6.6},"{""instrument = [ electrode ] ratio = [ 1:1 ] sample pretreatment = [ sieved over 2 mm sieve ] solution = [ water [H2O] ]""}",6.6,US-NCSS,Philippines,Over 10 km,South-Eastern Asia,Asia,1983-9-1,U.S. Public Domain http://www.usa.gov/publicdomain/label/1.0/
120.316666666667,15.7333333333333,1052287,601644,84P0064,Ap1,0,10,0,{6.7},"{""instrument = [ electrode ] ratio = [ 1:1 ] sample pretreatment = [ sieved over 2 mm sieve ] solution = [ water [H2O] ]""}",6.7,US-NCSS,Philippines,Over 10 km,South-Eastern Asia,Asia,1983-9-1,U.S. Public Domain http://www.usa.gov/publicdomain/label/1.0/
120.316666666667,15.7333333333333,1052287,601645,84P0064,Ap2,10,23,0,{7.2},"{""instrument = [ electrode ] ratio = [ 1:1 ] sample pretreatment = [ sieved over 2 mm sieve ] solution = [ water [H2O] ]""}",7.2,US-NCSS,Philippines,Over 10 km,South-Eastern Asia,Asia,1983-9-1,U.S. Public Domain http://www.usa.gov/publicdomain/label/1.0/
120.316666666667,15.7333333333333,1052287,601646,84P0064,Ag,23,50,0,"{7.5,7.4}","{""instrument = [ electrode ] ratio = [ 1:1 ] sample pretreatment = [ sieved over 2 mm sieve ] solution = [ water [H2O] ]"",""instrument = [ electrode ] sample pretreatment = [ sieved over 2 mm sieve ] solution = [ water [H2O] ]""}",7.45,US-NCSS,Philippines,Over 10 km,South-Eastern Asia,Asia,1983-9-1,U.S. Public Domain http://www.usa.gov/publicdomain/label/1.0/
120.316666666667,15.7333333333333,1052287,601647,84P0064,ACg1,50,70,0,"{7.4,7.6}","{""instrument = [ electrode ] sample pretreatment = [ sieved over 2 mm sieve ] solution = [ water [H2O] ]"",""instrument = [ electrode ] ratio = [ 1:1 ] sample pretreatment = [ sieved over 2 mm sieve ] solution = [ water [H2O] ]""}",7.5,US-NCSS,Philippines,Over 10 km,South-Eastern Asia,Asia,1983-9-1,U.S. Public Domain http://www.usa.gov/publicdomain/label/1.0/
120.316666666667,15.7333333333333,1052287,601648,84P0064,ACg2,70,93,0,"{7.7,7.5}","{""instrument = [ electrode ] ratio = [ 1:1 ] sample pretreatment = [ sieved over 2 mm sieve ] solution = [ water [H2O] ]"",""instrument = [ electrode ] sample pretreatment = [ sieved over 2 mm sieve ] solution = [ water [H2O] ]""}",7.6,US-NCSS,Philippines,Over 10 km,South-Eastern Asia,Asia,1983-9-1,U.S. Public Domain http://www.usa.gov/publicdomain/label/1.0/
120.316666666667,15.7333333333333,1052287,601649,84P0064,C,93,148,0,"{7.7,8.0}","{""instrument = [ electrode ] sample pretreatment = [ sieved over 2 mm sieve ] solution = [ water [H2O] ]"",""instrument = [ electrode ] ratio = [ 1:1 ] sample pretreatment = [ sieved over 2 mm sieve ] solution = [ water [H2O] ]""}",7.85,US-NCSS,Philippines,Over 10 km,South-Eastern Asia,Asia,1983-9-1,U.S. Public Domain http://www.usa.gov/publicdomain/label/1.0/
121.083333333333,15.7,1052290,601662,84P0059,Ap1,0,10,0,"{7.2,6.6}","{""instrument = [ electrode ] ratio = [ 1:1 ] sample pretreatment = [ sieved over 2 mm sieve ] solution = [ water [H2O] ]"",""instrument = [ electrode ] sample pretreatment = [ sieved over 2 mm sieve ] solution = [ water [H2O] ]""}",6.9,US-NCSS,Philippines,Over 10 km,South-Eastern Asia,Asia,1983-9-1,U.S. Public Domain http://www.usa.gov/publicdomain/label/1.0/
121.083333333333,15.7,1052290,601663,84P0059,Ap2,10,29,0,{7.2},"{""instrument = [ electrode ] ratio = [ 1:1 ] sample pretreatment = [ sieved over 2 mm sieve ] solution = [ water [H2O] ]""}",7.2,US-NCSS,Philippines,Over 10 km,South-Eastern Asia,Asia,1983-9-1,U.S. Public Domain http://www.usa.gov/publicdomain/label/1.0/
121.083333333333,15.7,1052290,601664,84P0059,ACg,29,51,0,{6.7},"{""instrument = [ electrode ] ratio = [ 1:1 ] sample pretreatment = [ sieved over 2 mm sieve ] solution = [ water [H2O] ]""}",6.7,US-NCSS,Philippines,Over 10 km,South-Eastern Asia,Asia,1983-9-1,U.S. Public Domain http://www.usa.gov/publicdomain/label/1.0/
121.083333333333,15.7,1052290,601665,84P0059,Ccg,51,82,0,{7.1},"{""instrument = [ electrode ] ratio = [ 1:1 ] sample pretreatment = [ sieved over 2 mm sieve ] solution = [ water [H2O] ]""}",7.1,US-NCSS,Philippines,Over 10 km,South-Eastern Asia,Asia,1983-9-1,U.S. Public Domain http://www.usa.gov/publicdomain/label/1.0/
121.083333333333,15.7,1052290,601666,84P0059,ACgb,82,122,0,"{7.8,7.4}","{""instrument = [ electrode ] ratio = [ 1:1 ] sample pretreatment = [ sieved over 2 mm sieve ] solution = [ water [H2O] ]"",""instrument = [ electrode ] sample pretreatment = [ sieved over 2 mm sieve ] solution = [ water [H2O] ]""}",7.6,US-NCSS,Philippines,Over 10 km,South-Eastern Asia,Asia,1983-9-1,U.S. Public Domain http://www.usa.gov/publicdomain/label/1.0/
125.0,11.4833336,1052291,601667,85P0600,Ap,0,10,0,{5.3},"{""instrument = [ electrode ] ratio = [ 1:1 ] sample pretreatment = [ sieved over 2 mm sieve ] solution = [ water [H2O] ]""}",5.3,US-NCSS,Philippines,Over 10 km,South-Eastern Asia,Asia,1985-??-??,U.S. Public Domain http://www.usa.gov/publicdomain/label/1.0/
125.0,11.4833336,1052291,601668,85P0600,Bw,10,28,0,{5.6},"{""instrument = [ electrode ] ratio = [ 1:1 ] sample pretreatment = [ sieved over 2 mm sieve ] solution = [ water [H2O] ]""}",5.6,US-NCSS,Philippines,Over 10 km,South-Eastern Asia,Asia,1985-??-??,U.S. Public Domain http://www.usa.gov/publicdomain/label/1.0/
125.0,11.4833336,1052291,601669,85P0600,,28,48,0,{5.8},"{""instrument = [ electrode ] ratio = [ 1:1 ] sample pretreatment = [ sieved over 2 mm sieve ] solution = [ water [H2O] ]""}",5.8,US-NCSS,Philippines,Over 10 km,South-Eastern Asia,Asia,1985-??-??,U.S. Public Domain http://www.usa.gov/publicdomain/label/1.0/
125.0,11.4833336,1052291,601670,85P0600,C,48,67,0,{6.4},"{""instrument = [ electrode ] ratio = [ 1:1 ] sample pretreatment = [ sieved over 2 mm sieve ] solution = [ water [H2O] ]""}",6.4,US-NCSS,Philippines,Over 10 km,South-Eastern Asia,Asia,1985-??-??,U.S. Public Domain http://www.usa.gov/publicdomain/label/1.0/
125.0,11.4833336,1052291,601671,85P0600,Cr,67,110,0,{7.1},"{""instrument = [ electrode ] ratio = [ 1:1 ] sample pretreatment = [ sieved over 2 mm sieve ] solution = [ water [H2O] ]""}",7.1,US-NCSS,Philippines,Over 10 km,South-Eastern Asia,Asia,1985-??-??,U.S. Public Domain http://www.usa.gov/publicdomain/label/1.0/
124.75,10.3833331999999,1052292,601672,85P0602,Ap1,0,7,0,{6.3},"{""instrument = [ electrode ] ratio = [ 1:1 ] sample pretreatment = [ sieved over 2 mm sieve ] solution = [ water [H2O] ]""}",6.3,US-NCSS,Philippines,Over 10 km,South-Eastern Asia,Asia,1985-??-??,U.S. Public Domain http://www.usa.gov/publicdomain/label/1.0/
124.75,10.3833331999999,1052292,601673,85P0602,Ap2,7,18,0,{6.8},"{""instrument = [ electrode ] ratio = [ 1:1 ] sample pretreatment = [ sieved over 2 mm sieve ] solution = [ water [H2O] ]""}",6.8,US-NCSS,Philippines,Over 10 km,South-Eastern Asia,Asia,1985-??-??,U.S. Public Domain http://www.usa.gov/publicdomain/label/1.0/
124.75,10.3833331999999,1052292,601674,85P0602,2Bw1,18,33,0,{7.0},"{""instrument = [ electrode ] ratio = [ 1:1 ] sample pretreatment = [ sieved over 2 mm sieve ] solution = [ water [H2O] ]""}",7,US-NCSS,Philippines,Over 10 km,South-Eastern Asia,Asia,1985-??-??,U.S. Public Domain http://www.usa.gov/publicdomain/label/1.0/
124.75,10.3833331999999,1052292,601675,85P0602,2Bw2,33,56,0,{7.2},"{""instrument = [ electrode ] ratio = [ 1:1 ] sample pretreatment = [ sieved over 2 mm sieve ] solution = [ water [H2O] ]""}",7.2,US-NCSS,Philippines,Over 10 km,South-Eastern Asia,Asia,1985-??-??,U.S. Public Domain http://www.usa.gov/publicdomain/label/1.0/
124.75,10.3833331999999,1052292,601676,85P0602,2Bt1,56,88,0,{7.2},"{""instrument = [ electrode ] ratio = [ 1:1 ] sample pretreatment = [ sieved over 2 mm sieve ] solution = [ water [H2O] ]""}",7.2,US-NCSS,Philippines,Over 10 km,South-Eastern Asia,Asia,1985-??-??,U.S. Public Domain http://www.usa.gov/publicdomain/label/1.0/
124.75,10.3833331999999,1052292,601677,85P0602,2Bt2,88,108,0,{7.3},"{""instrument = [ electrode ] ratio = [ 1:1 ] sample pretreatment = [ sieved over 2 mm sieve ] solution = [ water [H2O] ]""}",7.3,US-NCSS,Philippines,Over 10 km,South-Eastern Asia,Asia,1985-??-??,U.S. Public Domain http://www.usa.gov/publicdomain/label/1.0/
124.7750015,10.9833336,1052293,601678,85P0603,A,0,12,0,{5.0},"{""instrument = [ electrode ] ratio = [ 1:1 ] sample pretreatment = [ sieved over 2 mm sieve ] solution = [ water [H2O] ]""}",5,US-NCSS,Philippines,Over 10 km,South-Eastern Asia,Asia,1985-??-??,U.S. Public Domain http://www.usa.gov/publicdomain/label/1.0/
124.7750015,10.9833336,1052293,601679,85P0603,,12,32,0,{4.8},"{""instrument = [ electrode ] ratio = [ 1:1 ] sample pretreatment = [ sieved over 2 mm sieve ] solution = [ water [H2O] ]""}",4.8,US-NCSS,Philippines,Over 10 km,South-Eastern Asia,Asia,1985-??-??,U.S. Public Domain http://www.usa.gov/publicdomain/label/1.0/
124.7750015,10.9833336,1052293,601680,85P0603,Bw1,32,53,0,{5.2},"{""instrument = [ electrode ] ratio = [ 1:1 ] sample pretreatment = [ sieved over 2 mm sieve ] solution = [ water [H2O] ]""}",5.2,US-NCSS,Philippines,Over 10 km,South-Eastern Asia,Asia,1985-??-??,U.S. Public Domain http://www.usa.gov/publicdomain/label/1.0/
124.7750015,10.9833336,1052293,601681,85P0603,Bw21,53,91,0,{5.2},"{""instrument = [ electrode ] ratio = [ 1:1 ] sample pretreatment = [ sieved over 2 mm sieve ] solution = [ water [H2O] ]""}",5.2,US-NCSS,Philippines,Over 10 km,South-Eastern Asia,Asia,1985-??-??,U.S. Public Domain http://www.usa.gov/publicdomain/label/1.0/
124.7750015,10.9833336,1052293,601682,85P0603,Bw22,91,118,0,{5.2},"{""instrument = [ electrode ] ratio = [ 1:1 ] sample pretreatment = [ sieved over 2 mm sieve ] solution = [ water [H2O] ]""}",5.2,US-NCSS,Philippines,Over 10 km,South-Eastern Asia,Asia,1985-??-??,U.S. Public Domain http://www.usa.gov/publicdomain/label/1.0/
124.7750015,10.9833336,1052293,601683,85P0603,Cr,118,188,0,{5.3},"{""instrument = [ electrode ] ratio = [ 1:1 ] sample pretreatment = [ sieved over 2 mm sieve ] solution = [ water [H2O] ]""}",5.3,US-NCSS,Philippines,Over 10 km,South-Eastern Asia,Asia,1985-??-??,U.S. Public Domain http://www.usa.gov/publicdomain/label/1.0/
123.994445799999,10.4333334,1052294,601684,85P0597,Ap,0,16,0,"{7.9,7.9}","{""instrument = [ electrode ] ratio = [ 1:1 ] sample pretreatment = [ sieved over 2 mm sieve ] solution = [ water [H2O] ]"",""instrument = [ electrode ] sample pretreatment = [ sieved over 2 mm sieve ] solution = [ water [H2O] ]""}",7.9,US-NCSS,Philippines,Over 10 km,South-Eastern Asia,Asia,1985-??-??,U.S. Public Domain http://www.usa.gov/publicdomain/label/1.0/
123.994445799999,10.4333334,1052294,601685,85P0597,Bw1,16,34,0,"{7.8,8.0}","{""instrument = [ electrode ] sample pretreatment = [ sieved over 2 mm sieve ] solution = [ water [H2O] ]"",""instrument = [ electrode ] ratio = [ 1:1 ] sample pretreatment = [ sieved over 2 mm sieve ] solution = [ water [H2O] ]""}",7.9,US-NCSS,Philippines,Over 10 km,South-Eastern Asia,Asia,1985-??-??,U.S. Public Domain http://www.usa.gov/publicdomain/label/1.0/
123.994445799999,10.4333334,1052294,601686,85P0597,Bw2,34,42,0,"{7.9,7.9}","{""instrument = [ electrode ] ratio = [ 1:1 ] sample pretreatment = [ sieved over 2 mm sieve ] solution = [ water [H2O] ]"",""instrument = [ electrode ] sample pretreatment = [ sieved over 2 mm sieve ] solution = [ water [H2O] ]""}",7.9,US-NCSS,Philippines,Over 10 km,South-Eastern Asia,Asia,1985-??-??,U.S. Public Domain http://www.usa.gov/publicdomain/label/1.0/
123.994445799999,10.4333334,1052294,601687,85P0597,Bw3,42,66,0,"{7.8,7.9}","{""instrument = [ electrode ] sample pretreatment = [ sieved over 2 mm sieve ] solution = [ water [H2O] ]"",""instrument = [ electrode ] ratio = [ 1:1 ] sample pretreatment = [ sieved over 2 mm sieve ] solution = [ water [H2O] ]""}",7.85,US-NCSS,Philippines,Over 10 km,South-Eastern Asia,Asia,1985-??-??,U.S. Public Domain http://www.usa.gov/publicdomain/label/1.0/
123.994445799999,10.4333334,1052294,601688,85P0597,2B11,66,77,0,"{7.6,7.5}","{""instrument = [ electrode ] ratio = [ 1:1 ] sample pretreatment = [ sieved over 2 mm sieve ] solution = [ water [H2O] ]"",""instrument = [ electrode ] sample pretreatment = [ sieved over 2 mm sieve ] solution = [ water [H2O] ]""}",7.55,US-NCSS,Philippines,Over 10 km,South-Eastern Asia,Asia,1985-??-??,U.S. Public Domain http://www.usa.gov/publicdomain/label/1.0/
123.994445799999,10.4333334,1052294,601689,85P0597,2B12,77,97,0,{7.6},"{""instrument = [ electrode ] ratio = [ 1:1 ] sample pretreatment = [ sieved over 2 mm sieve ] solution = [ water [H2O] ]""}",7.6,US-NCSS,Philippines,Over 10 km,South-Eastern Asia,Asia,1985-??-??,U.S. Public Domain http://www.usa.gov/publicdomain/label/1.0/
123.994445799999,10.4333334,1052294,601690,85P0597,2B2,97,153,0,"{7.6,7.6}","{""instrument = [ electrode ] ratio = [ 1:1 ] sample pretreatment = [ sieved over 2 mm sieve ] solution = [ water [H2O] ]"",""instrument = [ electrode ] sample pretreatment = [ sieved over 2 mm sieve ] solution = [ water [H2O] ]""}",7.6,US-NCSS,Philippines,Over 10 km,South-Eastern Asia,Asia,1985-??-??,U.S. Public Domain http://www.usa.gov/publicdomain/label/1.0/
125.0513916,11.333333,1052295,601691,85P0604,A,0,7,0,{4.2},"{""instrument = [ electrode ] ratio = [ 1:1 ] sample pretreatment = [ sieved over 2 mm sieve ] solution = [ water [H2O] ]""}",4.2,US-NCSS,Philippines,Over 10 km,South-Eastern Asia,Asia,1985-??-??,U.S. Public Domain http://www.usa.gov/publicdomain/label/1.0/
125.0513916,11.333333,1052295,601692,85P0604,Bw,7,26,0,{4.8},"{""instrument = [ electrode ] ratio = [ 1:1 ] sample pretreatment = [ sieved over 2 mm sieve ] solution = [ water [H2O] ]""}",4.8,US-NCSS,Philippines,Over 10 km,South-Eastern Asia,Asia,1985-??-??,U.S. Public Domain http://www.usa.gov/publicdomain/label/1.0/
125.0513916,11.333333,1052295,601693,85P0604,Oe,26,38,0,{4.7},"{""instrument = [ electrode ] ratio = [ 1:1 ] sample pretreatment = [ sieved over 2 mm sieve ] solution = [ water [H2O] ]""}",4.7,US-NCSS,Philippines,Over 10 km,South-Eastern Asia,Asia,1985-??-??,U.S. Public Domain http://www.usa.gov/publicdomain/label/1.0/
125.0513916,11.333333,1052295,601694,85P0604,2Oa,38,56,0,{4.4},"{""instrument = [ electrode ] ratio = [ 1:1 ] sample pretreatment = [ sieved over 2 mm sieve ] solution = [ water [H2O] ]""}",4.4,US-NCSS,Philippines,Over 10 km,South-Eastern Asia,Asia,1985-??-??,U.S. Public Domain http://www.usa.gov/publicdomain/label/1.0/
125.0513916,11.333333,1052295,601695,85P0604,2Oe1,56,90,0,{5.0},"{""instrument = [ electrode ] ratio = [ 1:1 ] sample pretreatment = [ sieved over 2 mm sieve ] solution = [ water [H2O] ]""}",5,US-NCSS,Philippines,Over 10 km,South-Eastern Asia,Asia,1985-??-??,U.S. Public Domain http://www.usa.gov/publicdomain/label/1.0/
125.0513916,11.333333,1052295,601696,85P0604,2Oe2,90,112,0,{5.0},"{""instrument = [ electrode ] ratio = [ 1:1 ] sample pretreatment = [ sieved over 2 mm sieve ] solution = [ water [H2O] ]""}",5,US-NCSS,Philippines,Over 10 km,South-Eastern Asia,Asia,1985-??-??,U.S. Public Domain http://www.usa.gov/publicdomain/label/1.0/
125.0513916,11.333333,1052295,601697,85P0604,3C,112,131,0,{6.3},"{""instrument = [ electrode ] ratio = [ 1:1 ] sample pretreatment = [ sieved over 2 mm sieve ] solution = [ water [H2O] ]""}",6.3,US-NCSS,Philippines,Over 10 km,South-Eastern Asia,Asia,1985-??-??,U.S. Public Domain http://www.usa.gov/publicdomain/label/1.0/
123.020835899999,10.7666664,1052296,601699,85P0592,Ap,0,20,0,{5.5},"{""instrument = [ electrode ] ratio = [ 1:1 ] sample pretreatment = [ sieved over 2 mm sieve ] solution = [ water [H2O] ]""}",5.5,US-NCSS,Philippines,Over 10 km,South-Eastern Asia,Asia,1985-??-??,U.S. Public Domain http://www.usa.gov/publicdomain/label/1.0/
123.020835899999,10.7666664,1052296,601700,85P0592,Bw1,20,38,0,{4.8},"{""instrument = [ electrode ] ratio = [ 1:1 ] sample pretreatment = [ sieved over 2 mm sieve ] solution = [ water [H2O] ]""}",4.8,US-NCSS,Philippines,Over 10 km,South-Eastern Asia,Asia,1985-??-??,U.S. Public Domain http://www.usa.gov/publicdomain/label/1.0/
123.020835899999,10.7666664,1052296,601701,85P0592,Bw2,38,58,0,{5.7},"{""instrument = [ electrode ] ratio = [ 1:1 ] sample pretreatment = [ sieved over 2 mm sieve ] solution = [ water [H2O] ]""}",5.7,US-NCSS,Philippines,Over 10 km,South-Eastern Asia,Asia,1985-??-??,U.S. Public Domain http://www.usa.gov/publicdomain/label/1.0/
123.020835899999,10.7666664,1052296,601702,85P0592,Bwg,58,89,0,{6.3},"{""instrument = [ electrode ] ratio = [ 1:1 ] sample pretreatment = [ sieved over 2 mm sieve ] solution = [ water [H2O] ]""}",6.3,US-NCSS,Philippines,Over 10 km,South-Eastern Asia,Asia,1985-??-??,U.S. Public Domain http://www.usa.gov/publicdomain/label/1.0/
123.020835899999,10.7666664,1052296,601703,85P0592,Cg,89,150,0,{6.6},"{""instrument = [ electrode ] ratio = [ 1:1 ] sample pretreatment = [ sieved over 2 mm sieve ] solution = [ water [H2O] ]""}",6.6,US-NCSS,Philippines,Over 10 km,South-Eastern Asia,Asia,1985-??-??,U.S. Public Domain http://www.usa.gov/publicdomain/label/1.0/
120.948611111111,15.2130555555556,1115865,3965,PH003,Ap,0,11,0,{6.0},"{""concentration = [ not applied ] instrument = [ electrode ] monitoring = [ not applied ] ratio = [ 1:2.5 ] sample pretreatment = [ sieved over 2 mm sieve ] solution = [ water [H2O] ]""}",6,WD-ISIS,Philippines,1 km - 10 km,South-Eastern Asia,Asia,1982-4-1,"Attribution 4.0 International (CC BY 4.0), https://creativecommons.org/licenses/by/4.0/"
120.6263885,13.4855556,1084246,836952,94P0496,Ap,0,12,0,{4.9},"{""instrument = [ electrode ] ratio = [ 1:1 ] sample pretreatment = [ sieved over 2 mm sieve ] solution = [ water [H2O] ]""}",4.9,US-NCSS,Philippines,Circa 100 m,South-Eastern Asia,Asia,1993-11-26,U.S. Public Domain http://www.usa.gov/publicdomain/label/1.0/
120.6263885,13.4855556,1084246,836953,94P0496,BA,12,30,0,{5.4},"{""instrument = [ electrode ] ratio = [ 1:1 ] sample pretreatment = [ sieved over 2 mm sieve ] solution = [ water [H2O] ]""}",5.4,US-NCSS,Philippines,Circa 100 m,South-Eastern Asia,Asia,1993-11-26,U.S. Public Domain http://www.usa.gov/publicdomain/label/1.0/
120.6263885,13.4855556,1084246,836954,94P0496,Bt1,30,67,0,{5.8},"{""instrument = [ electrode ] ratio = [ 1:1 ] sample pretreatment = [ sieved over 2 mm sieve ] solution = [ water [H2O] ]""}",5.8,US-NCSS,Philippines,Circa 100 m,South-Eastern Asia,Asia,1993-11-26,U.S. Public Domain http://www.usa.gov/publicdomain/label/1.0/
120.6263885,13.4855556,1084246,836955,94P0496,Bt2,67,106,0,{5.7},"{""instrument = [ electrode ] ratio = [ 1:1 ] sample pretreatment = [ sieved over 2 mm sieve ] solution = [ water [H2O] ]""}",5.7,US-NCSS,Philippines,Circa 100 m,South-Eastern Asia,Asia,1993-11-26,U.S. Public Domain http://www.usa.gov/publicdomain/label/1.0/
120.6263885,13.4855556,1084246,836956,94P0496,Bt3,106,142,0,{5.8},"{""instrument = [ electrode ] ratio = [ 1:1 ] sample pretreatment = [ sieved over 2 mm sieve ] solution = [ water [H2O] ]""}",5.8,US-NCSS,Philippines,Circa 100 m,South-Eastern Asia,Asia,1993-11-26,U.S. Public Domain http://www.usa.gov/publicdomain/label/1.0/
120.6263885,13.4855556,1084246,836957,94P0496,BC1,142,178,0,{5.8},"{""instrument = [ electrode ] ratio = [ 1:1 ] sample pretreatment = [ sieved over 2 mm sieve ] solution = [ water [H2O] ]""}",5.8,US-NCSS,Philippines,Circa 100 m,South-Eastern Asia,Asia,1993-11-26,U.S. Public Domain http://www.usa.gov/publicdomain/label/1.0/
120.6263885,13.4855556,1084246,836958,94P0496,BC2,178,210,0,{5.9},"{""instrument = [ electrode ] ratio = [ 1:1 ] sample pretreatment = [ sieved over 2 mm sieve ] solution = [ water [H2O] ]""}",5.9,US-NCSS,Philippines,Circa 100 m,South-Eastern Asia,Asia,1993-11-26,U.S. Public Domain http://www.usa.gov/publicdomain/label/1.0/
125.099670399999,8.0139446,1084249,836978,94P0499,Ap1,0,11,0,{5.5},"{""instrument = [ electrode ] ratio = [ 1:1 ] sample pretreatment = [ sieved over 2 mm sieve ] solution = [ water [H2O] ]""}",5.5,US-NCSS,Philippines,Circa 100 m,South-Eastern Asia,Asia,1993-11-30,U.S. Public Domain http://www.usa.gov/publicdomain/label/1.0/
125.099670399999,8.0139446,1084249,836979,94P0499,Ap2,11,22,0,{5.2},"{""instrument = [ electrode ] ratio = [ 1:1 ] sample pretreatment = [ sieved over 2 mm sieve ] solution = [ water [H2O] ]""}",5.2,US-NCSS,Philippines,Circa 100 m,South-Eastern Asia,Asia,1993-11-30,U.S. Public Domain http://www.usa.gov/publicdomain/label/1.0/
125.099670399999,8.0139446,1084249,836980,94P0499,Bw1,22,47,0,{5.7},"{""instrument = [ electrode ] ratio = [ 1:1 ] sample pretreatment = [ sieved over 2 mm sieve ] solution = [ water [H2O] ]""}",5.7,US-NCSS,Philippines,Circa 100 m,South-Eastern Asia,Asia,1993-11-30,U.S. Public Domain http://www.usa.gov/publicdomain/label/1.0/
125.099670399999,8.0139446,1084249,836981,94P0499,Bw2,47,69,0,{6.2},"{""instrument = [ electrode ] ratio = [ 1:1 ] sample pretreatment = [ sieved over 2 mm sieve ] solution = [ water [H2O] ]""}",6.2,US-NCSS,Philippines,Circa 100 m,South-Eastern Asia,Asia,1993-11-30,U.S. Public Domain http://www.usa.gov/publicdomain/label/1.0/
125.099670399999,8.0139446,1084249,836982,94P0499,Bw3,69,113,0,{6.3},"{""instrument = [ electrode ] ratio = [ 1:1 ] sample pretreatment = [ sieved over 2 mm sieve ] solution = [ water [H2O] ]""}",6.3,US-NCSS,Philippines,Circa 100 m,South-Eastern Asia,Asia,1993-11-30,U.S. Public Domain http://www.usa.gov/publicdomain/label/1.0/
125.099670399999,8.0139446,1084249,836983,94P0499,Bw4,113,140,0,{5.9},"{""instrument = [ electrode ] ratio = [ 1:1 ] sample pretreatment = [ sieved over 2 mm sieve ] solution = [ water [H2O] ]""}",5.9,US-NCSS,Philippines,Circa 100 m,South-Eastern Asia,Asia,1993-11-30,U.S. Public Domain http://www.usa.gov/publicdomain/label/1.0/
125.1045532,8.0398054,1084254,837015,94P0504,Ap,0,14,0,{4.7},"{""instrument = [ electrode ] ratio = [ 1:1 ] sample pretreatment = [ sieved over 2 mm sieve ] solution = [ water [H2O] ]""}",4.7,US-NCSS,Philippines,Circa 100 m,South-Eastern Asia,Asia,1993-12-4,U.S. Public Domain http://www.usa.gov/publicdomain/label/1.0/
125.1045532,8.0398054,1084254,837016,94P0504,BA,14,27,0,{5.2},"{""instrument = [ electrode ] ratio = [ 1:1 ] sample pretreatment = [ sieved over 2 mm sieve ] solution = [ water [H2O] ]""}",5.2,US-NCSS,Philippines,Circa 100 m,South-Eastern Asia,Asia,1993-12-4,U.S. Public Domain http://www.usa.gov/publicdomain/label/1.0/
125.1045532,8.0398054,1084254,837017,94P0504,Bt11,27,43,0,{5.5},"{""instrument = [ electrode ] ratio = [ 1:1 ] sample pretreatment = [ sieved over 2 mm sieve ] solution = [ water [H2O] ]""}",5.5,US-NCSS,Philippines,Circa 100 m,South-Eastern Asia,Asia,1993-12-4,U.S. Public Domain http://www.usa.gov/publicdomain/label/1.0/
125.1045532,8.0398054,1084254,837018,94P0504,Bt12,43,60,0,{5.6},"{""instrument = [ electrode ] ratio = [ 1:1 ] sample pretreatment = [ sieved over 2 mm sieve ] solution = [ water [H2O] ]""}",5.6,US-NCSS,Philippines,Circa 100 m,South-Eastern Asia,Asia,1993-12-4,U.S. Public Domain http://www.usa.gov/publicdomain/label/1.0/
125.1045532,8.0398054,1084254,837019,94P0504,Bt21,60,82,0,{5.6},"{""instrument = [ electrode ] ratio = [ 1:1 ] sample pretreatment = [ sieved over 2 mm sieve ] solution = [ water [H2O] ]""}",5.6,US-NCSS,Philippines,Circa 100 m,South-Eastern Asia,Asia,1993-12-4,U.S. Public Domain http://www.usa.gov/publicdomain/label/1.0/
125.1045532,8.0398054,1084254,837020,94P0504,Bt22,82,104,0,{5.5},"{""instrument = [ electrode ] ratio = [ 1:1 ] sample pretreatment = [ sieved over 2 mm sieve ] solution = [ water [H2O] ]""}",5.5,US-NCSS,Philippines,Circa 100 m,South-Eastern Asia,Asia,1993-12-4,U.S. Public Domain http://www.usa.gov/publicdomain/label/1.0/
125.1045532,8.0398054,1084254,837021,94P0504,Bt3,104,156,0,{5.4},"{""instrument = [ electrode ] ratio = [ 1:1 ] sample pretreatment = [ sieved over 2 mm sieve ] solution = [ water [H2O] ]""}",5.4,US-NCSS,Philippines,Circa 100 m,South-Eastern Asia,Asia,1993-12-4,U.S. Public Domain http://www.usa.gov/publicdomain/label/1.0/
125.1045532,8.0398054,1084254,837022,94P0504,Bt4,156,200,0,{5.6},"{""instrument = [ electrode ] ratio = [ 1:1 ] sample pretreatment = [ sieved over 2 mm sieve ] solution = [ water [H2O] ]""}",5.6,US-NCSS,Philippines,Circa 100 m,South-Eastern Asia,Asia,1993-12-4,U.S. Public Domain http://www.usa.gov/publicdomain/label/1.0/
125.1045532,8.0398054,1084254,837023,94P0504,,240,300,0,{5.7},"{""instrument = [ electrode ] ratio = [ 1:1 ] sample pretreatment = [ sieved over 2 mm sieve ] solution = [ water [H2O] ]""}",5.7,US-NCSS,Philippines,Circa 100 m,South-Eastern Asia,Asia,1993-12-4,U.S. Public Domain http://www.usa.gov/publicdomain/label/1.0/
125.098586999999,8.0069447,1084257,837038,94P0507,Ap,0,15,0,{5.2},"{""instrument = [ electrode ] ratio = [ 1:1 ] sample pretreatment = [ sieved over 2 mm sieve ] solution = [ water [H2O] ]""}",5.2,US-NCSS,Philippines,Circa 100 m,South-Eastern Asia,Asia,1993-12-7,U.S. Public Domain http://www.usa.gov/publicdomain/label/1.0/
125.098586999999,8.0069447,1084257,837039,94P0507,BA,15,32,0,{5.9},"{""instrument = [ electrode ] ratio = [ 1:1 ] sample pretreatment = [ sieved over 2 mm sieve ] solution = [ water [H2O] ]""}",5.9,US-NCSS,Philippines,Circa 100 m,South-Eastern Asia,Asia,1993-12-7,U.S. Public Domain http://www.usa.gov/publicdomain/label/1.0/
125.098586999999,8.0069447,1084257,837040,94P0507,Bt1,32,66,0,{5.7},"{""instrument = [ electrode ] ratio = [ 1:1 ] sample pretreatment = [ sieved over 2 mm sieve ] solution = [ water [H2O] ]""}",5.7,US-NCSS,Philippines,Circa 100 m,South-Eastern Asia,Asia,1993-12-7,U.S. Public Domain http://www.usa.gov/publicdomain/label/1.0/
125.098586999999,8.0069447,1084257,837041,94P0507,Bt2,66,112,0,{6.2},"{""instrument = [ electrode ] ratio = [ 1:1 ] sample pretreatment = [ sieved over 2 mm sieve ] solution = [ water [H2O] ]""}",6.2,US-NCSS,Philippines,Circa 100 m,South-Eastern Asia,Asia,1993-12-7,U.S. Public Domain http://www.usa.gov/publicdomain/label/1.0/
125.098586999999,8.0069447,1084257,837042,94P0507,Bt3,112,166,0,{5.8},"{""instrument = [ electrode ] ratio = [ 1:1 ] sample pretreatment = [ sieved over 2 mm sieve ] solution = [ water [H2O] ]""}",5.8,US-NCSS,Philippines,Circa 100 m,South-Eastern Asia,Asia,1993-12-7,U.S. Public Domain http://www.usa.gov/publicdomain/label/1.0/
120.626113899999,13.4872227,1084400,838762,94P0724,AC,0,9,0,{5.2},"{""instrument = [ electrode ] ratio = [ 1:1 ] sample pretreatment = [ sieved over 2 mm sieve ] solution = [ water [H2O] ]""}",5.2,US-NCSS,Philippines,Circa 100 m,South-Eastern Asia,Asia,1993-9-23,U.S. Public Domain http://www.usa.gov/publicdomain/label/1.0/
120.626113899999,13.4872227,1084400,838763,94P0724,C1,9,33,0,{5.3},"{""instrument = [ electrode ] ratio = [ 1:1 ] sample pretreatment = [ sieved over 2 mm sieve ] solution = [ water [H2O] ]""}",5.3,US-NCSS,Philippines,Circa 100 m,South-Eastern Asia,Asia,1993-9-23,U.S. Public Domain http://www.usa.gov/publicdomain/label/1.0/
120.626113899999,13.4872227,1084400,838764,94P0724,C2,33,67,0,{5.6},"{""instrument = [ electrode ] ratio = [ 1:1 ] sample pretreatment = [ sieved over 2 mm sieve ] solution = [ water [H2O] ]""}",5.6,US-NCSS,Philippines,Circa 100 m,South-Eastern Asia,Asia,1993-9-23,U.S. Public Domain http://www.usa.gov/publicdomain/label/1.0/
120.6263885,13.4855556,1084401,838765,94P0725,A,0,16,0,{5.2},"{""instrument = [ electrode ] ratio = [ 1:1 ] sample pretreatment = [ sieved over 2 mm sieve ] solution = [ water [H2O] ]""}",5.2,US-NCSS,Philippines,Circa 100 m,South-Eastern Asia,Asia,1993-9-23,U.S. Public Domain http://www.usa.gov/publicdomain/label/1.0/
120.6263885,13.4855556,1084401,838766,94P0725,B,16,37,0,{5.6},"{""instrument = [ electrode ] ratio = [ 1:1 ] sample pretreatment = [ sieved over 2 mm sieve ] solution = [ water [H2O] ]""}",5.6,US-NCSS,Philippines,Circa 100 m,South-Eastern Asia,Asia,1993-9-23,U.S. Public Domain http://www.usa.gov/publicdomain/label/1.0/
120.6263885,13.4855556,1084401,838767,94P0725,,37,63,0,{5.8},"{""instrument = [ electrode ] ratio = [ 1:1 ] sample pretreatment = [ sieved over 2 mm sieve ] solution = [ water [H2O] ]""}",5.8,US-NCSS,Philippines,Circa 100 m,South-Eastern Asia,Asia,1993-9-23,U.S. Public Domain http://www.usa.gov/publicdomain/label/1.0/
120.6263885,13.4855556,1084401,838768,94P0725,Cr,63,102,0,{5.9},"{""instrument = [ electrode ] ratio = [ 1:1 ] sample pretreatment = [ sieved over 2 mm sieve ] solution = [ water [H2O] ]""}",5.9,US-NCSS,Philippines,Circa 100 m,South-Eastern Asia,Asia,1993-9-23,U.S. Public Domain http://www.usa.gov/publicdomain/label/1.0/
120.936944444444,15.2497222222222,1115718,2964,PH005,Apg,0,13,0,{5.8},"{""concentration = [ not applied ] instrument = [ electrode ] monitoring = [ not applied ] ratio = [ 1:2.5 ] sample pretreatment = [ sieved over 2 mm sieve ] solution = [ water [H2O] ]""}",5.8,WD-ISIS,Philippines,1 km - 10 km,South-Eastern Asia,Asia,1982-4-1,"Attribution 4.0 International (CC BY 4.0), https://creativecommons.org/licenses/by/4.0/"
120.936944444444,15.2497222222222,1115718,2965,PH005,Bg,13,24,0,{6.8},"{""concentration = [ not applied ] instrument = [ electrode ] monitoring = [ not applied ] ratio = [ 1:2.5 ] sample pretreatment = [ sieved over 2 mm sieve ] solution = [ water [H2O] ]""}",6.8,WD-ISIS,Philippines,1 km - 10 km,South-Eastern Asia,Asia,1982-4-1,"Attribution 4.0 International (CC BY 4.0), https://creativecommons.org/licenses/by/4.0/"
120.936944444444,15.2497222222222,1115718,2966,PH005,Bgi1,24,60,0,{7.0},"{""concentration = [ not applied ] instrument = [ electrode ] monitoring = [ not applied ] ratio = [ 1:2.5 ] sample pretreatment = [ sieved over 2 mm sieve ] solution = [ water [H2O] ]""}",7,WD-ISIS,Philippines,1 km - 10 km,South-Eastern Asia,Asia,1982-4-1,"Attribution 4.0 International (CC BY 4.0), https://creativecommons.org/licenses/by/4.0/"
120.936944444444,15.2497222222222,1115718,2967,PH005,Bgi2,60,103,0,{7.1},"{""concentration = [ not applied ] instrument = [ electrode ] monitoring = [ not applied ] ratio = [ 1:2.5 ] sample pretreatment = [ sieved over 2 mm sieve ] solution = [ water [H2O] ]""}",7.1,WD-ISIS,Philippines,1 km - 10 km,South-Eastern Asia,Asia,1982-4-1,"Attribution 4.0 International (CC BY 4.0), https://creativecommons.org/licenses/by/4.0/"
120.936944444444,15.2497222222222,1115718,2968,PH005,Bgi3,103,108,0,{7.5},"{""concentration = [ not applied ] instrument = [ electrode ] monitoring = [ not applied ] ratio = [ 1:2.5 ] sample pretreatment = [ sieved over 2 mm sieve ] solution = [ water [H2O] ]""}",7.5,WD-ISIS,Philippines,1 km - 10 km,South-Eastern Asia,Asia,1982-4-1,"Attribution 4.0 International (CC BY 4.0), https://creativecommons.org/licenses/by/4.0/"
123.286388888889,13.6666666666667,1115763,3247,PH001,Ah,0,27,0,{5.6},"{""concentration = [ not applied ] instrument = [ electrode ] monitoring = [ not applied ] ratio = [ 1:2.5 ] sample pretreatment = [ sieved over 2 mm sieve ] solution = [ water [H2O] ]""}",5.6,WD-ISIS,Philippines,Over 10 km,South-Eastern Asia,Asia,1982-4-1,"Attribution 4.0 International (CC BY 4.0), https://creativecommons.org/licenses/by/4.0/"
123.286388888889,13.6666666666667,1115763,3248,PH001,BA,27,52,0,{5.8},"{""concentration = [ not applied ] instrument = [ electrode ] monitoring = [ not applied ] ratio = [ 1:2.5 ] sample pretreatment = [ sieved over 2 mm sieve ] solution = [ water [H2O] ]""}",5.8,WD-ISIS,Philippines,Over 10 km,South-Eastern Asia,Asia,1982-4-1,"Attribution 4.0 International (CC BY 4.0), https://creativecommons.org/licenses/by/4.0/"
123.286388888889,13.6666666666667,1115763,3249,PH001,Bw1,52,85,0,{6.3},"{""concentration = [ not applied ] instrument = [ electrode ] monitoring = [ not applied ] ratio = [ 1:2.5 ] sample pretreatment = [ sieved over 2 mm sieve ] solution = [ water [H2O] ]""}",6.3,WD-ISIS,Philippines,Over 10 km,South-Eastern Asia,Asia,1982-4-1,"Attribution 4.0 International (CC BY 4.0), https://creativecommons.org/licenses/by/4.0/"
123.286388888889,13.6666666666667,1115763,3250,PH001,Bw2,85,121,0,{6.4},"{""concentration = [ not applied ] instrument = [ electrode ] monitoring = [ not applied ] ratio = [ 1:2.5 ] sample pretreatment = [ sieved over 2 mm sieve ] solution = [ water [H2O] ]""}",6.4,WD-ISIS,Philippines,Over 10 km,South-Eastern Asia,Asia,1982-4-1,"Attribution 4.0 International (CC BY 4.0), https://creativecommons.org/licenses/by/4.0/"
123.286388888889,13.6666666666667,1115763,3251,PH001,Bw3,121,157,0,{7.2},"{""concentration = [ not applied ] instrument = [ electrode ] monitoring = [ not applied ] ratio = [ 1:2.5 ] sample pretreatment = [ sieved over 2 mm sieve ] solution = [ water [H2O] ]""}",7.2,WD-ISIS,Philippines,Over 10 km,South-Eastern Asia,Asia,1982-4-1,"Attribution 4.0 International (CC BY 4.0), https://creativecommons.org/licenses/by/4.0/"
120.866666666667,15.2825,1115953,4587,PH004,Ap,0,12,0,{6.5},"{""concentration = [ not applied ] instrument = [ electrode ] monitoring = [ not applied ] ratio = [ 1:2.5 ] sample pretreatment = [ sieved over 2 mm sieve ] solution = [ water [H2O] ]""}",6.5,WD-ISIS,Philippines,1 km - 10 km,South-Eastern Asia,Asia,1982-4-1,"Attribution 4.0 International (CC BY 4.0), https://creativecommons.org/licenses/by/4.0/"
120.866666666667,15.2825,1115953,4588,PH004,Bt,12,35,0,{7.3},"{""concentration = [ not applied ] instrument = [ electrode ] monitoring = [ not applied ] ratio = [ 1:2.5 ] sample pretreatment = [ sieved over 2 mm sieve ] solution = [ water [H2O] ]""}",7.3,WD-ISIS,Philippines,1 km - 10 km,South-Eastern Asia,Asia,1982-4-1,"Attribution 4.0 International (CC BY 4.0), https://creativecommons.org/licenses/by/4.0/"
120.866666666667,15.2825,1115953,4589,PH004,Btg1,35,80,0,{6.7},"{""concentration = [ not applied ] instrument = [ electrode ] monitoring = [ not applied ] ratio = [ 1:2.5 ] sample pretreatment = [ sieved over 2 mm sieve ] solution = [ water [H2O] ]""}",6.7,WD-ISIS,Philippines,1 km - 10 km,South-Eastern Asia,Asia,1982-4-1,"Attribution 4.0 International (CC BY 4.0), https://creativecommons.org/licenses/by/4.0/"
120.866666666667,15.2825,1115953,4590,PH004,Btg2,80,124,0,{6.6},"{""concentration = [ not applied ] instrument = [ electrode ] monitoring = [ not applied ] ratio = [ 1:2.5 ] sample pretreatment = [ sieved over 2 mm sieve ] solution = [ water [H2O] ]""}",6.6,WD-ISIS,Philippines,1 km - 10 km,South-Eastern Asia,Asia,1982-4-1,"Attribution 4.0 International (CC BY 4.0), https://creativecommons.org/licenses/by/4.0/"
120.866666666667,15.2825,1115953,4591,PH004,Btg3,124,150,0,{6.8},"{""concentration = [ not applied ] instrument = [ electrode ] monitoring = [ not applied ] ratio = [ 1:2.5 ] sample pretreatment = [ sieved over 2 mm sieve ] solution = [ water [H2O] ]""}",6.8,WD-ISIS,Philippines,1 km - 10 km,South-Eastern Asia,Asia,1982-4-1,"Attribution 4.0 International (CC BY 4.0), https://creativecommons.org/licenses/by/4.0/"
121.261944444444,14.1602777777778,1115974,4743,PH006,Apg1,0,8,0,{6.5},"{""concentration = [ not applied ] instrument = [ electrode ] monitoring = [ not applied ] ratio = [ 1:2.5 ] sample pretreatment = [ sieved over 2 mm sieve ] solution = [ water [H2O] ]""}",6.5,WD-ISIS,Philippines,1 km - 10 km,South-Eastern Asia,Asia,1982-4-1,"Attribution 4.0 International (CC BY 4.0), https://creativecommons.org/licenses/by/4.0/"
120.948611111111,15.2130555555556,1115865,3966,PH003,,11,26,0,{6.7},"{""concentration = [ not applied ] instrument = [ electrode ] monitoring = [ not applied ] ratio = [ 1:2.5 ] sample pretreatment = [ sieved over 2 mm sieve ] solution = [ water [H2O] ]""}",6.7,WD-ISIS,Philippines,1 km - 10 km,South-Eastern Asia,Asia,1982-4-1,"Attribution 4.0 International (CC BY 4.0), https://creativecommons.org/licenses/by/4.0/"
120.948611111111,15.2130555555556,1115865,3967,PH003,BAg,26,47,0,{6.4},"{""concentration = [ not applied ] instrument = [ electrode ] monitoring = [ not applied ] ratio = [ 1:2.5 ] sample pretreatment = [ sieved over 2 mm sieve ] solution = [ water [H2O] ]""}",6.4,WD-ISIS,Philippines,1 km - 10 km,South-Eastern Asia,Asia,1982-4-1,"Attribution 4.0 International (CC BY 4.0), https://creativecommons.org/licenses/by/4.0/"
121.261944444444,14.1602777777778,1115974,4744,PH006,Apg2,8,24,0,{6.9},"{""concentration = [ not applied ] instrument = [ electrode ] monitoring = [ not applied ] ratio = [ 1:2.5 ] sample pretreatment = [ sieved over 2 mm sieve ] solution = [ water [H2O] ]""}",6.9,WD-ISIS,Philippines,1 km - 10 km,South-Eastern Asia,Asia,1982-4-1,"Attribution 4.0 International (CC BY 4.0), https://creativecommons.org/licenses/by/4.0/"
120.948611111111,15.2130555555556,1115865,3968,PH003,Bg,47,95,0,{7.3},"{""concentration = [ not applied ] instrument = [ electrode ] monitoring = [ not applied ] ratio = [ 1:2.5 ] sample pretreatment = [ sieved over 2 mm sieve ] solution = [ water [H2O] ]""}",7.3,WD-ISIS,Philippines,1 km - 10 km,South-Eastern Asia,Asia,1982-4-1,"Attribution 4.0 International (CC BY 4.0), https://creativecommons.org/licenses/by/4.0/"
121.261944444444,14.1602777777778,1115974,4745,PH006,Cg1,24,38,0,{7.5},"{""concentration = [ not applied ] instrument = [ electrode ] monitoring = [ not applied ] ratio = [ 1:2.5 ] sample pretreatment = [ sieved over 2 mm sieve ] solution = [ water [H2O] ]""}",7.5,WD-ISIS,Philippines,1 km - 10 km,South-Eastern Asia,Asia,1982-4-1,"Attribution 4.0 International (CC BY 4.0), https://creativecommons.org/licenses/by/4.0/"
121.261944444444,14.1602777777778,1115974,4746,PH006,Cg2,38,63,0,{7.4},"{""concentration = [ not applied ] instrument = [ electrode ] monitoring = [ not applied ] ratio = [ 1:2.5 ] sample pretreatment = [ sieved over 2 mm sieve ] solution = [ water [H2O] ]""}",7.4,WD-ISIS,Philippines,1 km - 10 km,South-Eastern Asia,Asia,1982-4-1,"Attribution 4.0 International (CC BY 4.0), https://creativecommons.org/licenses/by/4.0/"
120.581944444444,16.0497222222222,1121531,26675,PH0033,Ap1,0,10,0,{7.8},"{""concentration = [ not applied ] ratio = [ 1:2.5 ] sample pretreatment = [ sieved over 2 mm sieve ] solution = [ water [H2O] ]""}",7.8,WD-WISE,Philippines,1 km - 10 km,South-Eastern Asia,Asia,1983-9-1,"Attribution 3.0 International (CC BY 3.0), https://creativecommons.org/licenses/by/3.0/"
120.581944444444,16.0497222222222,1121531,26676,PH0033,Ap2,10,23,0,{7.9},"{""concentration = [ not applied ] ratio = [ 1:2.5 ] sample pretreatment = [ sieved over 2 mm sieve ] solution = [ water [H2O] ]""}",7.9,WD-WISE,Philippines,1 km - 10 km,South-Eastern Asia,Asia,1983-9-1,"Attribution 3.0 International (CC BY 3.0), https://creativecommons.org/licenses/by/3.0/"
120.581944444444,16.0497222222222,1121531,26677,PH0033,Bw,23,38,0,{8.0},"{""concentration = [ not applied ] ratio = [ 1:2.5 ] sample pretreatment = [ sieved over 2 mm sieve ] solution = [ water [H2O] ]""}",8,WD-WISE,Philippines,1 km - 10 km,South-Eastern Asia,Asia,1983-9-1,"Attribution 3.0 International (CC BY 3.0), https://creativecommons.org/licenses/by/3.0/"
120.581944444444,16.0497222222222,1121531,26678,PH0033,Bc,38,78,0,{8.1},"{""concentration = [ not applied ] ratio = [ 1:2.5 ] sample pretreatment = [ sieved over 2 mm sieve ] solution = [ water [H2O] ]""}",8.1,WD-WISE,Philippines,1 km - 10 km,South-Eastern Asia,Asia,1983-9-1,"Attribution 3.0 International (CC BY 3.0), https://creativecommons.org/licenses/by/3.0/"
120.581944444444,16.0497222222222,1121531,26679,PH0033,C,78,132,0,{8.1},"{""concentration = [ not applied ] ratio = [ 1:2.5 ] sample pretreatment = [ sieved over 2 mm sieve ] solution = [ water [H2O] ]""}",8.1,WD-WISE,Philippines,1 km - 10 km,South-Eastern Asia,Asia,1983-9-1,"Attribution 3.0 International (CC BY 3.0), https://creativecommons.org/licenses/by/3.0/"
121.450277777778,14.44,1121532,26680,PH0034,Apg1,0,18,0,{7.0},"{""concentration = [ not applied ] ratio = [ 1:2.5 ] sample pretreatment = [ sieved over 2 mm sieve ] solution = [ water [H2O] ]""}",7,WD-WISE,Philippines,1 km - 10 km,South-Eastern Asia,Asia,1983-9-1,"Attribution 3.0 International (CC BY 3.0), https://creativecommons.org/licenses/by/3.0/"
121.450277777778,14.44,1121532,26681,PH0034,Apg2,18,26,0,{6.8},"{""concentration = [ not applied ] ratio = [ 1:2.5 ] sample pretreatment = [ sieved over 2 mm sieve ] solution = [ water [H2O] ]""}",6.8,WD-WISE,Philippines,1 km - 10 km,South-Eastern Asia,Asia,1983-9-1,"Attribution 3.0 International (CC BY 3.0), https://creativecommons.org/licenses/by/3.0/"
121.450277777778,14.44,1121532,26682,PH0034,Bg1,26,48,0,{6.8},"{""concentration = [ not applied ] ratio = [ 1:2.5 ] sample pretreatment = [ sieved over 2 mm sieve ] solution = [ water [H2O] ]""}",6.8,WD-WISE,Philippines,1 km - 10 km,South-Eastern Asia,Asia,1983-9-1,"Attribution 3.0 International (CC BY 3.0), https://creativecommons.org/licenses/by/3.0/"
121.450277777778,14.44,1121532,26683,PH0034,Bg2,48,64,0,{6.8},"{""concentration = [ not applied ] ratio = [ 1:2.5 ] sample pretreatment = [ sieved over 2 mm sieve ] solution = [ water [H2O] ]""}",6.8,WD-WISE,Philippines,1 km - 10 km,South-Eastern Asia,Asia,1983-9-1,"Attribution 3.0 International (CC BY 3.0), https://creativecommons.org/licenses/by/3.0/"
121.450277777778,14.44,1121532,26684,PH0034,Btg,64,87,0,{7.2},"{""concentration = [ not applied ] ratio = [ 1:2.5 ] sample pretreatment = [ sieved over 2 mm sieve ] solution = [ water [H2O] ]""}",7.2,WD-WISE,Philippines,1 km - 10 km,South-Eastern Asia,Asia,1983-9-1,"Attribution 3.0 International (CC BY 3.0), https://creativecommons.org/licenses/by/3.0/"
121.3875,16.0622222222222,1121534,26690,PH0038,Ap1,0,10,0,{6.7},"{""concentration = [ not applied ] ratio = [ 1:2.5 ] sample pretreatment = [ sieved over 2 mm sieve ] solution = [ water [H2O] ]""}",6.7,WD-WISE,Philippines,1 km - 10 km,South-Eastern Asia,Asia,1983-9-1,"Attribution 3.0 International (CC BY 3.0), https://creativecommons.org/licenses/by/3.0/"
121.3875,16.0622222222222,1121534,26691,PH0038,Ap2,10,23,0,{7.2},"{""concentration = [ not applied ] ratio = [ 1:2.5 ] sample pretreatment = [ sieved over 2 mm sieve ] solution = [ water [H2O] ]""}",7.2,WD-WISE,Philippines,1 km - 10 km,South-Eastern Asia,Asia,1983-9-1,"Attribution 3.0 International (CC BY 3.0), https://creativecommons.org/licenses/by/3.0/"
121.3875,16.0622222222222,1121534,26692,PH0038,Ag,23,50,0,{7.5},"{""concentration = [ not applied ] ratio = [ 1:2.5 ] sample pretreatment = [ sieved over 2 mm sieve ] solution = [ water [H2O] ]""}",7.5,WD-WISE,Philippines,1 km - 10 km,South-Eastern Asia,Asia,1983-9-1,"Attribution 3.0 International (CC BY 3.0), https://creativecommons.org/licenses/by/3.0/"
121.3875,16.0622222222222,1121534,26693,PH0038,ACg1,50,70,0,{7.6},"{""concentration = [ not applied ] ratio = [ 1:2.5 ] sample pretreatment = [ sieved over 2 mm sieve ] solution = [ water [H2O] ]""}",7.6,WD-WISE,Philippines,1 km - 10 km,South-Eastern Asia,Asia,1983-9-1,"Attribution 3.0 International (CC BY 3.0), https://creativecommons.org/licenses/by/3.0/"
121.3875,16.0622222222222,1121534,26694,PH0038,ACg2,70,93,0,{7.7},"{""concentration = [ not applied ] ratio = [ 1:2.5 ] sample pretreatment = [ sieved over 2 mm sieve ] solution = [ water [H2O] ]""}",7.7,WD-WISE,Philippines,1 km - 10 km,South-Eastern Asia,Asia,1983-9-1,"Attribution 3.0 International (CC BY 3.0), https://creativecommons.org/licenses/by/3.0/"
121.3875,16.0622222222222,1121534,26695,PH0038,C,93,148,0,{8.0},"{""concentration = [ not applied ] ratio = [ 1:2.5 ] sample pretreatment = [ sieved over 2 mm sieve ] solution = [ water [H2O] ]""}",8,WD-WISE,Philippines,1 km - 10 km,South-Eastern Asia,Asia,1983-9-1,"Attribution 3.0 International (CC BY 3.0), https://creativecommons.org/licenses/by/3.0/"
121.208333333333,14.5538888888889,1121535,26696,PH0040,Ap1,0,10,0,{7.2},"{""concentration = [ not applied ] ratio = [ 1:2.5 ] sample pretreatment = [ sieved over 2 mm sieve ] solution = [ water [H2O] ]""}",7.2,WD-WISE,Philippines,1 km - 10 km,South-Eastern Asia,Asia,1983-9-1,"Attribution 3.0 International (CC BY 3.0), https://creativecommons.org/licenses/by/3.0/"
121.208333333333,14.5538888888889,1121535,26697,PH0040,Ap2,10,29,0,{7.2},"{""concentration = [ not applied ] ratio = [ 1:2.5 ] sample pretreatment = [ sieved over 2 mm sieve ] solution = [ water [H2O] ]""}",7.2,WD-WISE,Philippines,1 km - 10 km,South-Eastern Asia,Asia,1983-9-1,"Attribution 3.0 International (CC BY 3.0), https://creativecommons.org/licenses/by/3.0/"
121.208333333333,14.5538888888889,1121535,26698,PH0040,ACg,29,51,0,{6.7},"{""concentration = [ not applied ] ratio = [ 1:2.5 ] sample pretreatment = [ sieved over 2 mm sieve ] solution = [ water [H2O] ]""}",6.7,WD-WISE,Philippines,1 km - 10 km,South-Eastern Asia,Asia,1983-9-1,"Attribution 3.0 International (CC BY 3.0), https://creativecommons.org/licenses/by/3.0/"
121.208333333333,14.5538888888889,1121535,26699,PH0040,Cgc,51,82,0,{7.1},"{""concentration = [ not applied ] ratio = [ 1:2.5 ] sample pretreatment = [ sieved over 2 mm sieve ] solution = [ water [H2O] ]""}",7.1,WD-WISE,Philippines,1 km - 10 km,South-Eastern Asia,Asia,1983-9-1,"Attribution 3.0 International (CC BY 3.0), https://creativecommons.org/licenses/by/3.0/"
121.208333333333,14.5538888888889,1121535,26700,PH0040,ACgb,82,122,0,{7.8},"{""concentration = [ not applied ] ratio = [ 1:2.5 ] sample pretreatment = [ sieved over 2 mm sieve ] solution = [ water [H2O] ]""}",7.8,WD-WISE,Philippines,1 km - 10 km,South-Eastern Asia,Asia,1983-9-1,"Attribution 3.0 International (CC BY 3.0), https://creativecommons.org/licenses/by/3.0/"
120.890555555556,15.6725,1121536,26701,PH0042,Apg1,0,8,0,{5.5},"{""concentration = [ not applied ] ratio = [ 1:2.5 ] sample pretreatment = [ sieved over 2 mm sieve ] solution = [ water [H2O] ]""}",5.5,WD-WISE,Philippines,1 km - 10 km,South-Eastern Asia,Asia,1983-9-1,"Attribution 3.0 International (CC BY 3.0), https://creativecommons.org/licenses/by/3.0/"
120.890555555556,15.6725,1121536,26702,PH0042,Apg2,8,27,0,{6.6},"{""concentration = [ not applied ] ratio = [ 1:2.5 ] sample pretreatment = [ sieved over 2 mm sieve ] solution = [ water [H2O] ]""}",6.6,WD-WISE,Philippines,1 km - 10 km,South-Eastern Asia,Asia,1983-9-1,"Attribution 3.0 International (CC BY 3.0), https://creativecommons.org/licenses/by/3.0/"
120.890555555556,15.6725,1121536,26703,PH0042,Bg,27,53,0,{7.2},"{""concentration = [ not applied ] ratio = [ 1:2.5 ] sample pretreatment = [ sieved over 2 mm sieve ] solution = [ water [H2O] ]""}",7.2,WD-WISE,Philippines,1 km - 10 km,South-Eastern Asia,Asia,1983-9-1,"Attribution 3.0 International (CC BY 3.0), https://creativecommons.org/licenses/by/3.0/"
120.890555555556,15.6725,1121536,26704,PH0042,Btg,53,101,0,{7.4},"{""concentration = [ not applied ] ratio = [ 1:2.5 ] sample pretreatment = [ sieved over 2 mm sieve ] solution = [ water [H2O] ]""}",7.4,WD-WISE,Philippines,1 km - 10 km,South-Eastern Asia,Asia,1983-9-1,"Attribution 3.0 International (CC BY 3.0), https://creativecommons.org/licenses/by/3.0/"
120.890555555556,15.6725,1121536,26705,PH0042,Bt,101,140,0,{7.4},"{""concentration = [ not applied ] ratio = [ 1:2.5 ] sample pretreatment = [ sieved over 2 mm sieve ] solution = [ water [H2O] ]""}",7.4,WD-WISE,Philippines,1 km - 10 km,South-Eastern Asia,Asia,1983-9-1,"Attribution 3.0 International (CC BY 3.0), https://creativecommons.org/licenses/by/3.0/"
124.7991638,10.2608336999999,1121537,26706,PH0055,Ap,0,11,0,{4.7},"{""concentration = [ not applied ] ratio = [ 1:2.5 ] sample pretreatment = [ sieved over 2 mm sieve ] solution = [ water [H2O] ]""}",4.7,WD-WISE,Philippines,1 km - 10 km,South-Eastern Asia,Asia,1985-??-??,"Attribution 3.0 International (CC BY 3.0), https://creativecommons.org/licenses/by/3.0/"
124.7991638,10.2608336999999,1121537,26707,PH0055,BA,11,28,0,{4.8},"{""concentration = [ not applied ] ratio = [ 1:2.5 ] sample pretreatment = [ sieved over 2 mm sieve ] solution = [ water [H2O] ]""}",4.8,WD-WISE,Philippines,1 km - 10 km,South-Eastern Asia,Asia,1985-??-??,"Attribution 3.0 International (CC BY 3.0), https://creativecommons.org/licenses/by/3.0/"
124.7991638,10.2608336999999,1121537,26708,PH0055,Bw1,28,58,0,{5.1},"{""concentration = [ not applied ] ratio = [ 1:2.5 ] sample pretreatment = [ sieved over 2 mm sieve ] solution = [ water [H2O] ]""}",5.1,WD-WISE,Philippines,1 km - 10 km,South-Eastern Asia,Asia,1985-??-??,"Attribution 3.0 International (CC BY 3.0), https://creativecommons.org/licenses/by/3.0/"
124.7991638,10.2608336999999,1121537,26709,PH0055,Bt1,58,83,0,{5.2},"{""concentration = [ not applied ] ratio = [ 1:2.5 ] sample pretreatment = [ sieved over 2 mm sieve ] solution = [ water [H2O] ]""}",5.2,WD-WISE,Philippines,1 km - 10 km,South-Eastern Asia,Asia,1985-??-??,"Attribution 3.0 International (CC BY 3.0), https://creativecommons.org/licenses/by/3.0/"
124.7991638,10.2608336999999,1121537,26710,PH0055,Bt2,83,125,0,{5.3},"{""concentration = [ not applied ] ratio = [ 1:2.5 ] sample pretreatment = [ sieved over 2 mm sieve ] solution = [ water [H2O] ]""}",5.3,WD-WISE,Philippines,1 km - 10 km,South-Eastern Asia,Asia,1985-??-??,"Attribution 3.0 International (CC BY 3.0), https://creativecommons.org/licenses/by/3.0/"
124.7991638,10.2608336999999,1121537,26711,PH0055,Bw,125,200,0,{5.3},"{""concentration = [ not applied ] ratio = [ 1:2.5 ] sample pretreatment = [ sieved over 2 mm sieve ] solution = [ water [H2O] ]""}",5.3,WD-WISE,Philippines,1 km - 10 km,South-Eastern Asia,Asia,1985-??-??,"Attribution 3.0 International (CC BY 3.0), https://creativecommons.org/licenses/by/3.0/"
122.8874969,11.0569448,1121538,26712,PH0056,Ap,0,20,0,{4.9},"{""concentration = [ not applied ] ratio = [ 1:2.5 ] sample pretreatment = [ sieved over 2 mm sieve ] solution = [ water [H2O] ]""}",4.9,WD-WISE,Philippines,1 km - 10 km,South-Eastern Asia,Asia,1985-??-??,"Attribution 3.0 International (CC BY 3.0), https://creativecommons.org/licenses/by/3.0/"
122.8874969,11.0569448,1121538,26713,PH0056,Bw,20,36,0,{4.9},"{""concentration = [ not applied ] ratio = [ 1:2.5 ] sample pretreatment = [ sieved over 2 mm sieve ] solution = [ water [H2O] ]""}",4.9,WD-WISE,Philippines,1 km - 10 km,South-Eastern Asia,Asia,1985-??-??,"Attribution 3.0 International (CC BY 3.0), https://creativecommons.org/licenses/by/3.0/"
122.8874969,11.0569448,1121538,26714,PH0056,Bt1,36,83,0,{4.9},"{""concentration = [ not applied ] ratio = [ 1:2.5 ] sample pretreatment = [ sieved over 2 mm sieve ] solution = [ water [H2O] ]""}",4.9,WD-WISE,Philippines,1 km - 10 km,South-Eastern Asia,Asia,1985-??-??,"Attribution 3.0 International (CC BY 3.0), https://creativecommons.org/licenses/by/3.0/"
122.8874969,11.0569448,1121538,26715,PH0056,Bt2,83,111,0,{4.9},"{""concentration = [ not applied ] ratio = [ 1:2.5 ] sample pretreatment = [ sieved over 2 mm sieve ] solution = [ water [H2O] ]""}",4.9,WD-WISE,Philippines,1 km - 10 km,South-Eastern Asia,Asia,1985-??-??,"Attribution 3.0 International (CC BY 3.0), https://creativecommons.org/licenses/by/3.0/"
122.8874969,11.0569448,1121538,26716,PH0056,Cr,111,152,0,{5.0},"{""concentration = [ not applied ] ratio = [ 1:2.5 ] sample pretreatment = [ sieved over 2 mm sieve ] solution = [ water [H2O] ]""}",5,WD-WISE,Philippines,1 km - 10 km,South-Eastern Asia,Asia,1985-??-??,"Attribution 3.0 International (CC BY 3.0), https://creativecommons.org/licenses/by/3.0/"
123.0611115,10.4083328,1121539,26717,PH0057,Ap,0,18,0,{6.0},"{""concentration = [ not applied ] ratio = [ 1:2.5 ] sample pretreatment = [ sieved over 2 mm sieve ] solution = [ water [H2O] ]""}",6,WD-WISE,Philippines,1 km - 10 km,South-Eastern Asia,Asia,1985-??-??,"Attribution 3.0 International (CC BY 3.0), https://creativecommons.org/licenses/by/3.0/"
123.0611115,10.4083328,1121539,26718,PH0057,,18,36,0,{6.2},"{""concentration = [ not applied ] ratio = [ 1:2.5 ] sample pretreatment = [ sieved over 2 mm sieve ] solution = [ water [H2O] ]""}",6.2,WD-WISE,Philippines,1 km - 10 km,South-Eastern Asia,Asia,1985-??-??,"Attribution 3.0 International (CC BY 3.0), https://creativecommons.org/licenses/by/3.0/"
123.0611115,10.4083328,1121539,26719,PH0057,Bw,36,54,0,{6.3},"{""concentration = [ not applied ] ratio = [ 1:2.5 ] sample pretreatment = [ sieved over 2 mm sieve ] solution = [ water [H2O] ]""}",6.3,WD-WISE,Philippines,1 km - 10 km,South-Eastern Asia,Asia,1985-??-??,"Attribution 3.0 International (CC BY 3.0), https://creativecommons.org/licenses/by/3.0/"
123.0611115,10.4083328,1121539,26720,PH0057,C1,54,75,0,{6.4},"{""concentration = [ not applied ] ratio = [ 1:2.5 ] sample pretreatment = [ sieved over 2 mm sieve ] solution = [ water [H2O] ]""}",6.4,WD-WISE,Philippines,1 km - 10 km,South-Eastern Asia,Asia,1985-??-??,"Attribution 3.0 International (CC BY 3.0), https://creativecommons.org/licenses/by/3.0/"
123.0611115,10.4083328,1121539,26721,PH0057,C2,75,107,0,{6.5},"{""concentration = [ not applied ] ratio = [ 1:2.5 ] sample pretreatment = [ sieved over 2 mm sieve ] solution = [ water [H2O] ]""}",6.5,WD-WISE,Philippines,1 km - 10 km,South-Eastern Asia,Asia,1985-??-??,"Attribution 3.0 International (CC BY 3.0), https://creativecommons.org/licenses/by/3.0/"
123.0611115,10.4083328,1121539,26722,PH0057,C3,107,119,0,{6.6},"{""concentration = [ not applied ] ratio = [ 1:2.5 ] sample pretreatment = [ sieved over 2 mm sieve ] solution = [ water [H2O] ]""}",6.6,WD-WISE,Philippines,1 km - 10 km,South-Eastern Asia,Asia,1985-??-??,"Attribution 3.0 International (CC BY 3.0), https://creativecommons.org/licenses/by/3.0/"
123.0611115,10.4083328,1121539,26723,PH0057,C4,119,143,0,{6.6},"{""concentration = [ not applied ] ratio = [ 1:2.5 ] sample pretreatment = [ sieved over 2 mm sieve ] solution = [ water [H2O] ]""}",6.6,WD-WISE,Philippines,1 km - 10 km,South-Eastern Asia,Asia,1985-??-??,"Attribution 3.0 International (CC BY 3.0), https://creativecommons.org/licenses/by/3.0/"
123.0611115,10.4083328,1121539,26724,PH0057,C5,143,158,0,{6.7},"{""concentration = [ not applied ] ratio = [ 1:2.5 ] sample pretreatment = [ sieved over 2 mm sieve ] solution = [ water [H2O] ]""}",6.7,WD-WISE,Philippines,1 km - 10 km,South-Eastern Asia,Asia,1985-??-??,"Attribution 3.0 International (CC BY 3.0), https://creativecommons.org/licenses/by/3.0/"
123.1138916,10.6466665,1121540,26725,PH0058,Ap,0,21,0,{5.2},"{""concentration = [ not applied ] ratio = [ 1:2.5 ] sample pretreatment = [ sieved over 2 mm sieve ] solution = [ water [H2O] ]""}",5.2,WD-WISE,Philippines,1 km - 10 km,South-Eastern Asia,Asia,1985-??-??,"Attribution 3.0 International (CC BY 3.0), https://creativecommons.org/licenses/by/3.0/"
123.1138916,10.6466665,1121540,26726,PH0058,A3,21,29,0,{5.3},"{""concentration = [ not applied ] ratio = [ 1:2.5 ] sample pretreatment = [ sieved over 2 mm sieve ] solution = [ water [H2O] ]""}",5.3,WD-WISE,Philippines,1 km - 10 km,South-Eastern Asia,Asia,1985-??-??,"Attribution 3.0 International (CC BY 3.0), https://creativecommons.org/licenses/by/3.0/"
123.1138916,10.6466665,1121540,26727,PH0058,Bw,29,56,0,{6.2},"{""concentration = [ not applied ] ratio = [ 1:2.5 ] sample pretreatment = [ sieved over 2 mm sieve ] solution = [ water [H2O] ]""}",6.2,WD-WISE,Philippines,1 km - 10 km,South-Eastern Asia,Asia,1985-??-??,"Attribution 3.0 International (CC BY 3.0), https://creativecommons.org/licenses/by/3.0/"
123.1138916,10.6466665,1121540,26728,PH0058,Bwg,56,72,0,{6.2},"{""concentration = [ not applied ] ratio = [ 1:2.5 ] sample pretreatment = [ sieved over 2 mm sieve ] solution = [ water [H2O] ]""}",6.2,WD-WISE,Philippines,1 km - 10 km,South-Eastern Asia,Asia,1985-??-??,"Attribution 3.0 International (CC BY 3.0), https://creativecommons.org/licenses/by/3.0/"
123.1138916,10.6466665,1121540,26729,PH0058,C,72,102,0,{6.2},"{""concentration = [ not applied ] ratio = [ 1:2.5 ] sample pretreatment = [ sieved over 2 mm sieve ] solution = [ water [H2O] ]""}",6.2,WD-WISE,Philippines,1 km - 10 km,South-Eastern Asia,Asia,1985-??-??,"Attribution 3.0 International (CC BY 3.0), https://creativecommons.org/licenses/by/3.0/"
123.1138916,10.6466665,1121540,26730,PH0058,Crm,102,144,0,{6.1},"{""concentration = [ not applied ] ratio = [ 1:2.5 ] sample pretreatment = [ sieved over 2 mm sieve ] solution = [ water [H2O] ]""}",6.1,WD-WISE,Philippines,1 km - 10 km,South-Eastern Asia,Asia,1985-??-??,"Attribution 3.0 International (CC BY 3.0), https://creativecommons.org/licenses/by/3.0/"
123.5055542,10.1138887,1121541,26731,PH0059,Ap,0,12,0,{8.0},"{""concentration = [ not applied ] ratio = [ 1:2.5 ] sample pretreatment = [ sieved over 2 mm sieve ] solution = [ water [H2O] ]""}",8,WD-WISE,Philippines,1 km - 10 km,South-Eastern Asia,Asia,1985-??-??,"Attribution 3.0 International (CC BY 3.0), https://creativecommons.org/licenses/by/3.0/"
123.5055542,10.1138887,1121541,26732,PH0059,BA,12,29,0,{8.2},"{""concentration = [ not applied ] ratio = [ 1:2.5 ] sample pretreatment = [ sieved over 2 mm sieve ] solution = [ water [H2O] ]""}",8.2,WD-WISE,Philippines,1 km - 10 km,South-Eastern Asia,Asia,1985-??-??,"Attribution 3.0 International (CC BY 3.0), https://creativecommons.org/licenses/by/3.0/"
123.5055542,10.1138887,1121541,26733,PH0059,Bt1,29,52,0,{8.2},"{""concentration = [ not applied ] ratio = [ 1:2.5 ] sample pretreatment = [ sieved over 2 mm sieve ] solution = [ water [H2O] ]""}",8.2,WD-WISE,Philippines,1 km - 10 km,South-Eastern Asia,Asia,1985-??-??,"Attribution 3.0 International (CC BY 3.0), https://creativecommons.org/licenses/by/3.0/"
123.5055542,10.1138887,1121541,26734,PH0059,Bt2,52,80,0,{8.2},"{""concentration = [ not applied ] ratio = [ 1:2.5 ] sample pretreatment = [ sieved over 2 mm sieve ] solution = [ water [H2O] ]""}",8.2,WD-WISE,Philippines,1 km - 10 km,South-Eastern Asia,Asia,1985-??-??,"Attribution 3.0 International (CC BY 3.0), https://creativecommons.org/licenses/by/3.0/"
123.5055542,10.1138887,1121541,26735,PH0059,,80,103,0,{8.2},"{""concentration = [ not applied ] ratio = [ 1:2.5 ] sample pretreatment = [ sieved over 2 mm sieve ] solution = [ water [H2O] ]""}",8.2,WD-WISE,Philippines,1 km - 10 km,South-Eastern Asia,Asia,1985-??-??,"Attribution 3.0 International (CC BY 3.0), https://creativecommons.org/licenses/by/3.0/"
123.5055542,10.1138887,1121541,26736,PH0059,C1,103,134,0,{8.1},"{""concentration = [ not applied ] ratio = [ 1:2.5 ] sample pretreatment = [ sieved over 2 mm sieve ] solution = [ water [H2O] ]""}",8.1,WD-WISE,Philippines,1 km - 10 km,South-Eastern Asia,Asia,1985-??-??,"Attribution 3.0 International (CC BY 3.0), https://creativecommons.org/licenses/by/3.0/"
123.5055542,10.1138887,1121541,26737,PH0059,Cr,134,150,0,{8.2},"{""concentration = [ not applied ] ratio = [ 1:2.5 ] sample pretreatment = [ sieved over 2 mm sieve ] solution = [ water [H2O] ]""}",8.2,WD-WISE,Philippines,1 km - 10 km,South-Eastern Asia,Asia,1985-??-??,"Attribution 3.0 International (CC BY 3.0), https://creativecommons.org/licenses/by/3.0/"
123.0291672,11.1972217999999,1121542,26738,PH0060,Apg,0,15,0,{5.6},"{""concentration = [ not applied ] ratio = [ 1:2.5 ] sample pretreatment = [ sieved over 2 mm sieve ] solution = [ water [H2O] ]""}",5.6,WD-WISE,Philippines,1 km - 10 km,South-Eastern Asia,Asia,1985-??-??,"Attribution 3.0 International (CC BY 3.0), https://creativecommons.org/licenses/by/3.0/"
123.0291672,11.1972217999999,1121542,26739,PH0060,Bw1,15,52,0,{6.4},"{""concentration = [ not applied ] ratio = [ 1:2.5 ] sample pretreatment = [ sieved over 2 mm sieve ] solution = [ water [H2O] ]""}",6.4,WD-WISE,Philippines,1 km - 10 km,South-Eastern Asia,Asia,1985-??-??,"Attribution 3.0 International (CC BY 3.0), https://creativecommons.org/licenses/by/3.0/"
123.0291672,11.1972217999999,1121542,26740,PH0060,Bw2,52,66,0,{6.5},"{""concentration = [ not applied ] ratio = [ 1:2.5 ] sample pretreatment = [ sieved over 2 mm sieve ] solution = [ water [H2O] ]""}",6.5,WD-WISE,Philippines,1 km - 10 km,South-Eastern Asia,Asia,1985-??-??,"Attribution 3.0 International (CC BY 3.0), https://creativecommons.org/licenses/by/3.0/"
123.0291672,11.1972217999999,1121542,26741,PH0060,Bg1,66,102,0,{6.5},"{""concentration = [ not applied ] ratio = [ 1:2.5 ] sample pretreatment = [ sieved over 2 mm sieve ] solution = [ water [H2O] ]""}",6.5,WD-WISE,Philippines,1 km - 10 km,South-Eastern Asia,Asia,1985-??-??,"Attribution 3.0 International (CC BY 3.0), https://creativecommons.org/licenses/by/3.0/"
123.0291672,11.1972217999999,1121542,26742,PH0060,Bg2,102,131,0,{6.6},"{""concentration = [ not applied ] ratio = [ 1:2.5 ] sample pretreatment = [ sieved over 2 mm sieve ] solution = [ water [H2O] ]""}",6.6,WD-WISE,Philippines,1 km - 10 km,South-Eastern Asia,Asia,1985-??-??,"Attribution 3.0 International (CC BY 3.0), https://creativecommons.org/licenses/by/3.0/"
123.0291672,11.1972217999999,1121542,26743,PH0060,Cg,131,141,0,{6.7},"{""concentration = [ not applied ] ratio = [ 1:2.5 ] sample pretreatment = [ sieved over 2 mm sieve ] solution = [ water [H2O] ]""}",6.7,WD-WISE,Philippines,1 km - 10 km,South-Eastern Asia,Asia,1985-??-??,"Attribution 3.0 International (CC BY 3.0), https://creativecommons.org/licenses/by/3.0/"
123.395835899999,10.4916668,1121543,26744,PH0063,Ap,0,23,0,{7.2},"{""concentration = [ not applied ] ratio = [ 1:2.5 ] sample pretreatment = [ sieved over 2 mm sieve ] solution = [ water [H2O] ]""}",7.2,WD-WISE,Philippines,1 km - 10 km,South-Eastern Asia,Asia,1985-??-??,"Attribution 3.0 International (CC BY 3.0), https://creativecommons.org/licenses/by/3.0/"
123.395835899999,10.4916668,1121543,26745,PH0063,Bw,23,63,0,{7.2},"{""concentration = [ not applied ] ratio = [ 1:2.5 ] sample pretreatment = [ sieved over 2 mm sieve ] solution = [ water [H2O] ]""}",7.2,WD-WISE,Philippines,1 km - 10 km,South-Eastern Asia,Asia,1985-??-??,"Attribution 3.0 International (CC BY 3.0), https://creativecommons.org/licenses/by/3.0/"
123.395835899999,10.4916668,1121543,26746,PH0063,C,63,94,0,{7.3},"{""concentration = [ not applied ] ratio = [ 1:2.5 ] sample pretreatment = [ sieved over 2 mm sieve ] solution = [ water [H2O] ]""}",7.3,WD-WISE,Philippines,1 km - 10 km,South-Eastern Asia,Asia,1985-??-??,"Attribution 3.0 International (CC BY 3.0), https://creativecommons.org/licenses/by/3.0/"
123.395835899999,10.4916668,1121543,26747,PH0063,Bg,94,140,0,{7.2},"{""concentration = [ not applied ] ratio = [ 1:2.5 ] sample pretreatment = [ sieved over 2 mm sieve ] solution = [ water [H2O] ]""}",7.2,WD-WISE,Philippines,1 km - 10 km,South-Eastern Asia,Asia,1985-??-??,"Attribution 3.0 International (CC BY 3.0), https://creativecommons.org/licenses/by/3.0/"
123.395835899999,10.4916668,1121543,26748,PH0063,Cg,140,179,0,{6.9},"{""concentration = [ not applied ] ratio = [ 1:2.5 ] sample pretreatment = [ sieved over 2 mm sieve ] solution = [ water [H2O] ]""}",6.9,WD-WISE,Philippines,1 km - 10 km,South-Eastern Asia,Asia,1985-??-??,"Attribution 3.0 International (CC BY 3.0), https://creativecommons.org/licenses/by/3.0/"
123.3874969,10.4916668,1121544,26749,PH0064,Ap,0,24,0,{7.5},"{""concentration = [ not applied ] ratio = [ 1:2.5 ] sample pretreatment = [ sieved over 2 mm sieve ] solution = [ water [H2O] ]""}",7.5,WD-WISE,Philippines,1 km - 10 km,South-Eastern Asia,Asia,1985-??-??,"Attribution 3.0 International (CC BY 3.0), https://creativecommons.org/licenses/by/3.0/"
123.3874969,10.4916668,1121544,26750,PH0064,Bwg,24,43,0,{7.6},"{""concentration = [ not applied ] ratio = [ 1:2.5 ] sample pretreatment = [ sieved over 2 mm sieve ] solution = [ water [H2O] ]""}",7.6,WD-WISE,Philippines,1 km - 10 km,South-Eastern Asia,Asia,1985-??-??,"Attribution 3.0 International (CC BY 3.0), https://creativecommons.org/licenses/by/3.0/"
123.3874969,10.4916668,1121544,26751,PH0064,Bg1,43,73,0,{7.6},"{""concentration = [ not applied ] ratio = [ 1:2.5 ] sample pretreatment = [ sieved over 2 mm sieve ] solution = [ water [H2O] ]""}",7.6,WD-WISE,Philippines,1 km - 10 km,South-Eastern Asia,Asia,1985-??-??,"Attribution 3.0 International (CC BY 3.0), https://creativecommons.org/licenses/by/3.0/"
123.3874969,10.4916668,1121544,26752,PH0064,Bg3,73,121,0,{7.9},"{""concentration = [ not applied ] ratio = [ 1:2.5 ] sample pretreatment = [ sieved over 2 mm sieve ] solution = [ water [H2O] ]""}",7.9,WD-WISE,Philippines,1 km - 10 km,South-Eastern Asia,Asia,1985-??-??,"Attribution 3.0 International (CC BY 3.0), https://creativecommons.org/licenses/by/3.0/"
123.3874969,10.4916668,1121544,26753,PH0064,Cr,121,139,0,{8.2},"{""concentration = [ not applied ] ratio = [ 1:2.5 ] sample pretreatment = [ sieved over 2 mm sieve ] solution = [ water [H2O] ]""}",8.2,WD-WISE,Philippines,1 km - 10 km,South-Eastern Asia,Asia,1985-??-??,"Attribution 3.0 International (CC BY 3.0), https://creativecommons.org/licenses/by/3.0/"
122.4777756,10.9138889,1121545,26754,PH0066,Ap,0,10,0,{5.8},"{""concentration = [ not applied ] ratio = [ 1:2.5 ] sample pretreatment = [ sieved over 2 mm sieve ] solution = [ water [H2O] ]""}",5.8,WD-WISE,Philippines,1 km - 10 km,South-Eastern Asia,Asia,1985-??-??,"Attribution 3.0 International (CC BY 3.0), https://creativecommons.org/licenses/by/3.0/"
122.4777756,10.9138889,1121545,26755,PH0066,BA,10,34,0,{6.3},"{""concentration = [ not applied ] ratio = [ 1:2.5 ] sample pretreatment = [ sieved over 2 mm sieve ] solution = [ water [H2O] ]""}",6.3,WD-WISE,Philippines,1 km - 10 km,South-Eastern Asia,Asia,1985-??-??,"Attribution 3.0 International (CC BY 3.0), https://creativecommons.org/licenses/by/3.0/"
122.4777756,10.9138889,1121545,26756,PH0066,Bt1,34,69,0,{6.9},"{""concentration = [ not applied ] ratio = [ 1:2.5 ] sample pretreatment = [ sieved over 2 mm sieve ] solution = [ water [H2O] ]""}",6.9,WD-WISE,Philippines,1 km - 10 km,South-Eastern Asia,Asia,1985-??-??,"Attribution 3.0 International (CC BY 3.0), https://creativecommons.org/licenses/by/3.0/"
122.4777756,10.9138889,1121545,26757,PH0066,Bt2,69,104,0,{7.4},"{""concentration = [ not applied ] ratio = [ 1:2.5 ] sample pretreatment = [ sieved over 2 mm sieve ] solution = [ water [H2O] ]""}",7.4,WD-WISE,Philippines,1 km - 10 km,South-Eastern Asia,Asia,1985-??-??,"Attribution 3.0 International (CC BY 3.0), https://creativecommons.org/licenses/by/3.0/"
122.4777756,10.9138889,1121545,26758,PH0066,C1,104,151,0,{7.4},"{""concentration = [ not applied ] ratio = [ 1:2.5 ] sample pretreatment = [ sieved over 2 mm sieve ] solution = [ water [H2O] ]""}",7.4,WD-WISE,Philippines,1 km - 10 km,South-Eastern Asia,Asia,1985-??-??,"Attribution 3.0 International (CC BY 3.0), https://creativecommons.org/licenses/by/3.0/"
122.4777756,10.9138889,1121545,26759,PH0066,,151,172,0,{7.6},"{""concentration = [ not applied ] ratio = [ 1:2.5 ] sample pretreatment = [ sieved over 2 mm sieve ] solution = [ water [H2O] ]""}",7.6,WD-WISE,Philippines,1 km - 10 km,South-Eastern Asia,Asia,1985-??-??,"Attribution 3.0 International (CC BY 3.0), https://creativecommons.org/licenses/by/3.0/"
122.9111099,10.5319442999999,1121546,26760,PH0070,Ap,0,17,0,{6.8},"{""concentration = [ not applied ] ratio = [ 1:2.5 ] sample pretreatment = [ sieved over 2 mm sieve ] solution = [ water [H2O] ]""}",6.8,WD-WISE,Philippines,1 km - 10 km,South-Eastern Asia,Asia,1985-??-??,"Attribution 3.0 International (CC BY 3.0), https://creativecommons.org/licenses/by/3.0/"
122.9111099,10.5319442999999,1121546,26761,PH0070,BA,17,31,0,{6.9},"{""concentration = [ not applied ] ratio = [ 1:2.5 ] sample pretreatment = [ sieved over 2 mm sieve ] solution = [ water [H2O] ]""}",6.9,WD-WISE,Philippines,1 km - 10 km,South-Eastern Asia,Asia,1985-??-??,"Attribution 3.0 International (CC BY 3.0), https://creativecommons.org/licenses/by/3.0/"
122.9111099,10.5319442999999,1121546,26762,PH0070,Bg1,31,61,0,{7.3},"{""concentration = [ not applied ] ratio = [ 1:2.5 ] sample pretreatment = [ sieved over 2 mm sieve ] solution = [ water [H2O] ]""}",7.3,WD-WISE,Philippines,1 km - 10 km,South-Eastern Asia,Asia,1985-??-??,"Attribution 3.0 International (CC BY 3.0), https://creativecommons.org/licenses/by/3.0/"
122.9111099,10.5319442999999,1121546,26763,PH0070,Bg2,61,93,0,{7.1},"{""concentration = [ not applied ] ratio = [ 1:2.5 ] sample pretreatment = [ sieved over 2 mm sieve ] solution = [ water [H2O] ]""}",7.1,WD-WISE,Philippines,1 km - 10 km,South-Eastern Asia,Asia,1985-??-??,"Attribution 3.0 International (CC BY 3.0), https://creativecommons.org/licenses/by/3.0/"
122.9111099,10.5319442999999,1121546,26764,PH0070,Bg3,93,121,0,{7.0},"{""concentration = [ not applied ] ratio = [ 1:2.5 ] sample pretreatment = [ sieved over 2 mm sieve ] solution = [ water [H2O] ]""}",7,WD-WISE,Philippines,1 km - 10 km,South-Eastern Asia,Asia,1985-??-??,"Attribution 3.0 International (CC BY 3.0), https://creativecommons.org/licenses/by/3.0/"
122.9111099,10.5319442999999,1121546,26765,PH0070,Crm,121,146,0,{7.3},"{""concentration = [ not applied ] ratio = [ 1:2.5 ] sample pretreatment = [ sieved over 2 mm sieve ] solution = [ water [H2O] ]""}",7.3,WD-WISE,Philippines,1 km - 10 km,South-Eastern Asia,Asia,1985-??-??,"Attribution 3.0 International (CC BY 3.0), https://creativecommons.org/licenses/by/3.0/"
123.8458328,10.2569447,1121547,26766,PH0071,Ap,0,18,0,{7.1},"{""concentration = [ not applied ] ratio = [ 1:2.5 ] sample pretreatment = [ sieved over 2 mm sieve ] solution = [ water [H2O] ]""}",7.1,WD-WISE,Philippines,1 km - 10 km,South-Eastern Asia,Asia,1985-??-??,"Attribution 3.0 International (CC BY 3.0), https://creativecommons.org/licenses/by/3.0/"
123.8458328,10.2569447,1121547,26767,PH0071,BA,18,34,0,{7.4},"{""concentration = [ not applied ] ratio = [ 1:2.5 ] sample pretreatment = [ sieved over 2 mm sieve ] solution = [ water [H2O] ]""}",7.4,WD-WISE,Philippines,1 km - 10 km,South-Eastern Asia,Asia,1985-??-??,"Attribution 3.0 International (CC BY 3.0), https://creativecommons.org/licenses/by/3.0/"
123.8458328,10.2569447,1121547,26768,PH0071,,34,49,0,{7.4},"{""concentration = [ not applied ] ratio = [ 1:2.5 ] sample pretreatment = [ sieved over 2 mm sieve ] solution = [ water [H2O] ]""}",7.4,WD-WISE,Philippines,1 km - 10 km,South-Eastern Asia,Asia,1985-??-??,"Attribution 3.0 International (CC BY 3.0), https://creativecommons.org/licenses/by/3.0/"
123.8458328,10.2569447,1121547,26769,PH0071,Bw1,49,78,0,{7.4},"{""concentration = [ not applied ] ratio = [ 1:2.5 ] sample pretreatment = [ sieved over 2 mm sieve ] solution = [ water [H2O] ]""}",7.4,WD-WISE,Philippines,1 km - 10 km,South-Eastern Asia,Asia,1985-??-??,"Attribution 3.0 International (CC BY 3.0), https://creativecommons.org/licenses/by/3.0/"
123.8458328,10.2569447,1121547,26770,PH0071,Bw2,78,133,0,{7.5},"{""concentration = [ not applied ] ratio = [ 1:2.5 ] sample pretreatment = [ sieved over 2 mm sieve ] solution = [ water [H2O] ]""}",7.5,WD-WISE,Philippines,1 km - 10 km,South-Eastern Asia,Asia,1985-??-??,"Attribution 3.0 International (CC BY 3.0), https://creativecommons.org/licenses/by/3.0/"
123.8458328,10.2569447,1121547,26771,PH0071,C,133,150,0,{7.7},"{""concentration = [ not applied ] ratio = [ 1:2.5 ] sample pretreatment = [ sieved over 2 mm sieve ] solution = [ water [H2O] ]""}",7.7,WD-WISE,Philippines,1 km - 10 km,South-Eastern Asia,Asia,1985-??-??,"Attribution 3.0 International (CC BY 3.0), https://creativecommons.org/licenses/by/3.0/"
124.8125,10.6875,1121548,26772,PH0072,A,0,5,0,{5.3},"{""concentration = [ not applied ] ratio = [ 1:2.5 ] sample pretreatment = [ sieved over 2 mm sieve ] solution = [ water [H2O] ]""}",5.3,WD-WISE,Philippines,1 km - 10 km,South-Eastern Asia,Asia,1987-5-1,"Attribution 3.0 International (CC BY 3.0), https://creativecommons.org/licenses/by/3.0/"
124.8125,10.6875,1121548,26773,PH0072,,5,20,0,{5.3},"{""concentration = [ not applied ] ratio = [ 1:2.5 ] sample pretreatment = [ sieved over 2 mm sieve ] solution = [ water [H2O] ]""}",5.3,WD-WISE,Philippines,1 km - 10 km,South-Eastern Asia,Asia,1987-5-1,"Attribution 3.0 International (CC BY 3.0), https://creativecommons.org/licenses/by/3.0/"
124.8125,10.6875,1121548,26774,PH0072,Bw,20,33,0,{5.5},"{""concentration = [ not applied ] ratio = [ 1:2.5 ] sample pretreatment = [ sieved over 2 mm sieve ] solution = [ water [H2O] ]""}",5.5,WD-WISE,Philippines,1 km - 10 km,South-Eastern Asia,Asia,1987-5-1,"Attribution 3.0 International (CC BY 3.0), https://creativecommons.org/licenses/by/3.0/"
124.8125,10.6875,1121548,26775,PH0072,BC1,33,87,0,{5.6},"{""concentration = [ not applied ] ratio = [ 1:2.5 ] sample pretreatment = [ sieved over 2 mm sieve ] solution = [ water [H2O] ]""}",5.6,WD-WISE,Philippines,1 km - 10 km,South-Eastern Asia,Asia,1987-5-1,"Attribution 3.0 International (CC BY 3.0), https://creativecommons.org/licenses/by/3.0/"
124.8125,10.6875,1121548,26776,PH0072,BC2,87,120,0,{5.8},"{""concentration = [ not applied ] ratio = [ 1:2.5 ] sample pretreatment = [ sieved over 2 mm sieve ] solution = [ water [H2O] ]""}",5.8,WD-WISE,Philippines,1 km - 10 km,South-Eastern Asia,Asia,1987-5-1,"Attribution 3.0 International (CC BY 3.0), https://creativecommons.org/licenses/by/3.0/"
124.8125,10.6875,1121548,26777,PH0072,C3,120,150,0,{6.0},"{""concentration = [ not applied ] ratio = [ 1:2.5 ] sample pretreatment = [ sieved over 2 mm sieve ] solution = [ water [H2O] ]""}",6,WD-WISE,Philippines,1 km - 10 km,South-Eastern Asia,Asia,1987-5-1,"Attribution 3.0 International (CC BY 3.0), https://creativecommons.org/licenses/by/3.0/"
120.216666666667,15.0,1122841,33418,PH0050,A11,0,10,0,{5.7},"{""concentration = [ not applied ] ratio = [ 1:2.5 ] sample pretreatment = [ sieved over 2 mm sieve ] solution = [ water [H2O] ]""}",5.7,WD-WISE,Philippines,Over 10 km,South-Eastern Asia,Asia,1984-??-??,"Attribution 3.0 International (CC BY 3.0), https://creativecommons.org/licenses/by/3.0/"
121.4,14.2666666666667,1122507,31681,PH0001,A1,0,10,0,{5.6},"{""concentration = [ not applied ] ratio = [ 1:2.5 ] sample pretreatment = [ sieved over 2 mm sieve ] solution = [ water [H2O] ]""}",5.6,WD-WISE,Philippines,Over 10 km,South-Eastern Asia,Asia,1982-11-1,"Attribution 3.0 International (CC BY 3.0), https://creativecommons.org/licenses/by/3.0/"
121.4,14.2666666666667,1122507,31682,PH0001,A3,10,24,0,{4.9},"{""concentration = [ not applied ] ratio = [ 1:2.5 ] sample pretreatment = [ sieved over 2 mm sieve ] solution = [ water [H2O] ]""}",4.9,WD-WISE,Philippines,Over 10 km,South-Eastern Asia,Asia,1982-11-1,"Attribution 3.0 International (CC BY 3.0), https://creativecommons.org/licenses/by/3.0/"
121.4,14.2666666666667,1122507,31683,PH0001,B1,24,40,0,{4.8},"{""concentration = [ not applied ] ratio = [ 1:2.5 ] sample pretreatment = [ sieved over 2 mm sieve ] solution = [ water [H2O] ]""}",4.8,WD-WISE,Philippines,Over 10 km,South-Eastern Asia,Asia,1982-11-1,"Attribution 3.0 International (CC BY 3.0), https://creativecommons.org/licenses/by/3.0/"
121.4,14.2666666666667,1122507,31684,PH0001,B21,40,70,0,{4.9},"{""concentration = [ not applied ] ratio = [ 1:2.5 ] sample pretreatment = [ sieved over 2 mm sieve ] solution = [ water [H2O] ]""}",4.9,WD-WISE,Philippines,Over 10 km,South-Eastern Asia,Asia,1982-11-1,"Attribution 3.0 International (CC BY 3.0), https://creativecommons.org/licenses/by/3.0/"
121.4,14.2666666666667,1122507,31685,PH0001,B22,70,85,0,{5.1},"{""concentration = [ not applied ] ratio = [ 1:2.5 ] sample pretreatment = [ sieved over 2 mm sieve ] solution = [ water [H2O] ]""}",5.1,WD-WISE,Philippines,Over 10 km,South-Eastern Asia,Asia,1982-11-1,"Attribution 3.0 International (CC BY 3.0), https://creativecommons.org/licenses/by/3.0/"
121.4,14.2666666666667,1122507,31686,PH0001,IIB3,85,120,0,{5.0},"{""concentration = [ not applied ] ratio = [ 1:2.5 ] sample pretreatment = [ sieved over 2 mm sieve ] solution = [ water [H2O] ]""}",5,WD-WISE,Philippines,Over 10 km,South-Eastern Asia,Asia,1982-11-1,"Attribution 3.0 International (CC BY 3.0), https://creativecommons.org/licenses/by/3.0/"
120.916666666667,14.0833333333333,1122508,31687,PH0003,A,0,12,0,{6.1},"{""concentration = [ not applied ] ratio = [ 1:2.5 ] sample pretreatment = [ sieved over 2 mm sieve ] solution = [ water [H2O] ]""}",6.1,WD-WISE,Philippines,Over 10 km,South-Eastern Asia,Asia,1982-11-1,"Attribution 3.0 International (CC BY 3.0), https://creativecommons.org/licenses/by/3.0/"
120.916666666667,14.0833333333333,1122508,31688,PH0003,IIA,12,27,0,{6.3},"{""concentration = [ not applied ] ratio = [ 1:2.5 ] sample pretreatment = [ sieved over 2 mm sieve ] solution = [ water [H2O] ]""}",6.3,WD-WISE,Philippines,Over 10 km,South-Eastern Asia,Asia,1982-11-1,"Attribution 3.0 International (CC BY 3.0), https://creativecommons.org/licenses/by/3.0/"
120.916666666667,14.0833333333333,1122508,31689,PH0003,IIA11,27,35,0,{6.2},"{""concentration = [ not applied ] ratio = [ 1:2.5 ] sample pretreatment = [ sieved over 2 mm sieve ] solution = [ water [H2O] ]""}",6.2,WD-WISE,Philippines,Over 10 km,South-Eastern Asia,Asia,1982-11-1,"Attribution 3.0 International (CC BY 3.0), https://creativecommons.org/licenses/by/3.0/"
120.916666666667,14.0833333333333,1122508,31690,PH0003,IIIA12,35,44,0,{6.3},"{""concentration = [ not applied ] ratio = [ 1:2.5 ] sample pretreatment = [ sieved over 2 mm sieve ] solution = [ water [H2O] ]""}",6.3,WD-WISE,Philippines,Over 10 km,South-Eastern Asia,Asia,1982-11-1,"Attribution 3.0 International (CC BY 3.0), https://creativecommons.org/licenses/by/3.0/"
120.916666666667,14.0833333333333,1122508,31691,PH0003,IVA1,44,51,0,{6.3},"{""concentration = [ not applied ] ratio = [ 1:2.5 ] sample pretreatment = [ sieved over 2 mm sieve ] solution = [ water [H2O] ]""}",6.3,WD-WISE,Philippines,Over 10 km,South-Eastern Asia,Asia,1982-11-1,"Attribution 3.0 International (CC BY 3.0), https://creativecommons.org/licenses/by/3.0/"
120.916666666667,14.0833333333333,1122508,31692,PH0003,IVB2,51,136,0,{6.3},"{""concentration = [ not applied ] ratio = [ 1:2.5 ] sample pretreatment = [ sieved over 2 mm sieve ] solution = [ water [H2O] ]""}",6.3,WD-WISE,Philippines,Over 10 km,South-Eastern Asia,Asia,1982-11-1,"Attribution 3.0 International (CC BY 3.0), https://creativecommons.org/licenses/by/3.0/"
123.2,13.6,1122510,31698,PH0004,A11,0,6,0,{5.4},"{""concentration = [ not applied ] ratio = [ 1:2.5 ] sample pretreatment = [ sieved over 2 mm sieve ] solution = [ water [H2O] ]""}",5.4,WD-WISE,Philippines,Over 10 km,South-Eastern Asia,Asia,1982-11-1,"Attribution 3.0 International (CC BY 3.0), https://creativecommons.org/licenses/by/3.0/"
123.2,13.6,1122510,31699,PH0004,A12,6,15,0,{5.4},"{""concentration = [ not applied ] ratio = [ 1:2.5 ] sample pretreatment = [ sieved over 2 mm sieve ] solution = [ water [H2O] ]""}",5.4,WD-WISE,Philippines,Over 10 km,South-Eastern Asia,Asia,1982-11-1,"Attribution 3.0 International (CC BY 3.0), https://creativecommons.org/licenses/by/3.0/"
123.2,13.6,1122510,31700,PH0004,A13,15,25,0,{5.6},"{""concentration = [ not applied ] ratio = [ 1:2.5 ] sample pretreatment = [ sieved over 2 mm sieve ] solution = [ water [H2O] ]""}",5.6,WD-WISE,Philippines,Over 10 km,South-Eastern Asia,Asia,1982-11-1,"Attribution 3.0 International (CC BY 3.0), https://creativecommons.org/licenses/by/3.0/"
123.2,13.6,1122510,31701,PH0004,IIA,25,32,0,{5.7},"{""concentration = [ not applied ] ratio = [ 1:2.5 ] sample pretreatment = [ sieved over 2 mm sieve ] solution = [ water [H2O] ]""}",5.7,WD-WISE,Philippines,Over 10 km,South-Eastern Asia,Asia,1982-11-1,"Attribution 3.0 International (CC BY 3.0), https://creativecommons.org/licenses/by/3.0/"
123.2,13.6,1122510,31702,PH0004,IIIB,32,77,0,{5.8},"{""concentration = [ not applied ] ratio = [ 1:2.5 ] sample pretreatment = [ sieved over 2 mm sieve ] solution = [ water [H2O] ]""}",5.8,WD-WISE,Philippines,Over 10 km,South-Eastern Asia,Asia,1982-11-1,"Attribution 3.0 International (CC BY 3.0), https://creativecommons.org/licenses/by/3.0/"
123.2,13.6,1122510,31703,PH0004,IVB,77,120,0,{5.9},"{""concentration = [ not applied ] ratio = [ 1:2.5 ] sample pretreatment = [ sieved over 2 mm sieve ] solution = [ water [H2O] ]""}",5.9,WD-WISE,Philippines,Over 10 km,South-Eastern Asia,Asia,1982-11-1,"Attribution 3.0 International (CC BY 3.0), https://creativecommons.org/licenses/by/3.0/"
120.916666666667,14.1666666666667,1122511,31704,PH0006,Ap,0,25,0,{6.2},"{""concentration = [ not applied ] ratio = [ 1:2.5 ] sample pretreatment = [ sieved over 2 mm sieve ] solution = [ water [H2O] ]""}",6.2,WD-WISE,Philippines,Over 10 km,South-Eastern Asia,Asia,1982-11-1,"Attribution 3.0 International (CC BY 3.0), https://creativecommons.org/licenses/by/3.0/"
120.916666666667,14.1666666666667,1122511,31705,PH0006,B2,25,45,0,{6.0},"{""concentration = [ not applied ] ratio = [ 1:2.5 ] sample pretreatment = [ sieved over 2 mm sieve ] solution = [ water [H2O] ]""}",6,WD-WISE,Philippines,Over 10 km,South-Eastern Asia,Asia,1982-11-1,"Attribution 3.0 International (CC BY 3.0), https://creativecommons.org/licenses/by/3.0/"
120.916666666667,14.1666666666667,1122511,31706,PH0006,IIC1,45,75,0,{6.1},"{""concentration = [ not applied ] ratio = [ 1:2.5 ] sample pretreatment = [ sieved over 2 mm sieve ] solution = [ water [H2O] ]""}",6.1,WD-WISE,Philippines,Over 10 km,South-Eastern Asia,Asia,1982-11-1,"Attribution 3.0 International (CC BY 3.0), https://creativecommons.org/licenses/by/3.0/"
120.916666666667,14.1666666666667,1122511,31707,PH0006,IIC2,75,105,0,{6.5},"{""concentration = [ not applied ] ratio = [ 1:2.5 ] sample pretreatment = [ sieved over 2 mm sieve ] solution = [ water [H2O] ]""}",6.5,WD-WISE,Philippines,Over 10 km,South-Eastern Asia,Asia,1982-11-1,"Attribution 3.0 International (CC BY 3.0), https://creativecommons.org/licenses/by/3.0/"
120.916666666667,14.1666666666667,1122511,31708,PH0006,IVC2,105,120,0,{6.3},"{""concentration = [ not applied ] ratio = [ 1:2.5 ] sample pretreatment = [ sieved over 2 mm sieve ] solution = [ water [H2O] ]""}",6.3,WD-WISE,Philippines,Over 10 km,South-Eastern Asia,Asia,1982-11-1,"Attribution 3.0 International (CC BY 3.0), https://creativecommons.org/licenses/by/3.0/"
124.016666666667,12.9833333333333,1122513,31715,PH0008,A,0,12,0,{5.1},"{""concentration = [ not applied ] ratio = [ 1:2.5 ] sample pretreatment = [ sieved over 2 mm sieve ] solution = [ water [H2O] ]""}",5.1,WD-WISE,Philippines,Over 10 km,South-Eastern Asia,Asia,1982-3-1,"Attribution 3.0 International (CC BY 3.0), https://creativecommons.org/licenses/by/3.0/"
124.016666666667,12.9833333333333,1122513,31716,PH0008,BA,12,30,0,{5.2},"{""concentration = [ not applied ] ratio = [ 1:2.5 ] sample pretreatment = [ sieved over 2 mm sieve ] solution = [ water [H2O] ]""}",5.2,WD-WISE,Philippines,Over 10 km,South-Eastern Asia,Asia,1982-3-1,"Attribution 3.0 International (CC BY 3.0), https://creativecommons.org/licenses/by/3.0/"
124.016666666667,12.9833333333333,1122513,31717,PH0008,Bt1,30,55,0,{5.2},"{""concentration = [ not applied ] ratio = [ 1:2.5 ] sample pretreatment = [ sieved over 2 mm sieve ] solution = [ water [H2O] ]""}",5.2,WD-WISE,Philippines,Over 10 km,South-Eastern Asia,Asia,1982-3-1,"Attribution 3.0 International (CC BY 3.0), https://creativecommons.org/licenses/by/3.0/"
124.016666666667,12.9833333333333,1122513,31718,PH0008,Bt2,55,75,0,{5.2},"{""concentration = [ not applied ] ratio = [ 1:2.5 ] sample pretreatment = [ sieved over 2 mm sieve ] solution = [ water [H2O] ]""}",5.2,WD-WISE,Philippines,Over 10 km,South-Eastern Asia,Asia,1982-3-1,"Attribution 3.0 International (CC BY 3.0), https://creativecommons.org/licenses/by/3.0/"
124.016666666667,12.9833333333333,1122513,31719,PH0008,Bt3,75,100,0,{5.3},"{""concentration = [ not applied ] ratio = [ 1:2.5 ] sample pretreatment = [ sieved over 2 mm sieve ] solution = [ water [H2O] ]""}",5.3,WD-WISE,Philippines,Over 10 km,South-Eastern Asia,Asia,1982-3-1,"Attribution 3.0 International (CC BY 3.0), https://creativecommons.org/licenses/by/3.0/"
124.016666666667,12.9833333333333,1122513,31720,PH0008,BC1,100,160,0,{5.3},"{""concentration = [ not applied ] ratio = [ 1:2.5 ] sample pretreatment = [ sieved over 2 mm sieve ] solution = [ water [H2O] ]""}",5.3,WD-WISE,Philippines,Over 10 km,South-Eastern Asia,Asia,1982-3-1,"Attribution 3.0 International (CC BY 3.0), https://creativecommons.org/licenses/by/3.0/"
124.016666666667,12.9833333333333,1122513,31721,PH0008,BC2,160,195,0,{5.5},"{""concentration = [ not applied ] ratio = [ 1:2.5 ] sample pretreatment = [ sieved over 2 mm sieve ] solution = [ water [H2O] ]""}",5.5,WD-WISE,Philippines,Over 10 km,South-Eastern Asia,Asia,1982-3-1,"Attribution 3.0 International (CC BY 3.0), https://creativecommons.org/licenses/by/3.0/"
123.4,13.4333333333333,1122515,31728,PH0013,A11,0,15,0,{6.4},"{""concentration = [ not applied ] ratio = [ 1:2.5 ] sample pretreatment = [ sieved over 2 mm sieve ] solution = [ water [H2O] ]""}",6.4,WD-WISE,Philippines,Over 10 km,South-Eastern Asia,Asia,1983-12-1,"Attribution 3.0 International (CC BY 3.0), https://creativecommons.org/licenses/by/3.0/"
123.4,13.4333333333333,1122515,31729,PH0013,A12,15,30,0,{6.4},"{""concentration = [ not applied ] ratio = [ 1:2.5 ] sample pretreatment = [ sieved over 2 mm sieve ] solution = [ water [H2O] ]""}",6.4,WD-WISE,Philippines,Over 10 km,South-Eastern Asia,Asia,1983-12-1,"Attribution 3.0 International (CC BY 3.0), https://creativecommons.org/licenses/by/3.0/"
123.4,13.4333333333333,1122515,31730,PH0013,A13,30,50,0,{6.4},"{""concentration = [ not applied ] ratio = [ 1:2.5 ] sample pretreatment = [ sieved over 2 mm sieve ] solution = [ water [H2O] ]""}",6.4,WD-WISE,Philippines,Over 10 km,South-Eastern Asia,Asia,1983-12-1,"Attribution 3.0 International (CC BY 3.0), https://creativecommons.org/licenses/by/3.0/"
123.4,13.4333333333333,1122515,31731,PH0013,IIB11,50,70,0,{6.6},"{""concentration = [ not applied ] ratio = [ 1:2.5 ] sample pretreatment = [ sieved over 2 mm sieve ] solution = [ water [H2O] ]""}",6.6,WD-WISE,Philippines,Over 10 km,South-Eastern Asia,Asia,1983-12-1,"Attribution 3.0 International (CC BY 3.0), https://creativecommons.org/licenses/by/3.0/"
123.4,13.4333333333333,1122515,31732,PH0013,IIB12,70,85,0,{6.7},"{""concentration = [ not applied ] ratio = [ 1:2.5 ] sample pretreatment = [ sieved over 2 mm sieve ] solution = [ water [H2O] ]""}",6.7,WD-WISE,Philippines,Over 10 km,South-Eastern Asia,Asia,1983-12-1,"Attribution 3.0 International (CC BY 3.0), https://creativecommons.org/licenses/by/3.0/"
123.4,13.4333333333333,1122515,31733,PH0013,IIIC,85,90,0,{6.7},"{""concentration = [ not applied ] ratio = [ 1:2.5 ] sample pretreatment = [ sieved over 2 mm sieve ] solution = [ water [H2O] ]""}",6.7,WD-WISE,Philippines,Over 10 km,South-Eastern Asia,Asia,1983-12-1,"Attribution 3.0 International (CC BY 3.0), https://creativecommons.org/licenses/by/3.0/"
124,13,1122516,31734,PH0014,A1,0,10,0,{5.5},"{""concentration = [ not applied ] ratio = [ 1:2.5 ] sample pretreatment = [ sieved over 2 mm sieve ] solution = [ water [H2O] ]""}",5.5,WD-WISE,Philippines,Over 10 km,South-Eastern Asia,Asia,1983-12-1,"Attribution 3.0 International (CC BY 3.0), https://creativecommons.org/licenses/by/3.0/"
124,13,1122516,31735,PH0014,A3,10,20,0,{5.3},"{""concentration = [ not applied ] ratio = [ 1:2.5 ] sample pretreatment = [ sieved over 2 mm sieve ] solution = [ water [H2O] ]""}",5.3,WD-WISE,Philippines,Over 10 km,South-Eastern Asia,Asia,1983-12-1,"Attribution 3.0 International (CC BY 3.0), https://creativecommons.org/licenses/by/3.0/"
124,13,1122516,31736,PH0014,B1,20,30,0,{5.3},"{""concentration = [ not applied ] ratio = [ 1:2.5 ] sample pretreatment = [ sieved over 2 mm sieve ] solution = [ water [H2O] ]""}",5.3,WD-WISE,Philippines,Over 10 km,South-Eastern Asia,Asia,1983-12-1,"Attribution 3.0 International (CC BY 3.0), https://creativecommons.org/licenses/by/3.0/"
124,13,1122516,31737,PH0014,B2,30,75,0,{5.3},"{""concentration = [ not applied ] ratio = [ 1:2.5 ] sample pretreatment = [ sieved over 2 mm sieve ] solution = [ water [H2O] ]""}",5.3,WD-WISE,Philippines,Over 10 km,South-Eastern Asia,Asia,1983-12-1,"Attribution 3.0 International (CC BY 3.0), https://creativecommons.org/licenses/by/3.0/"
124,13,1122516,31738,PH0014,B3,75,95,0,{5.1},"{""concentration = [ not applied ] ratio = [ 1:2.5 ] sample pretreatment = [ sieved over 2 mm sieve ] solution = [ water [H2O] ]""}",5.1,WD-WISE,Philippines,Over 10 km,South-Eastern Asia,Asia,1983-12-1,"Attribution 3.0 International (CC BY 3.0), https://creativecommons.org/licenses/by/3.0/"
124,13,1122516,31739,PH0014,C,95,125,0,{5.1},"{""concentration = [ not applied ] ratio = [ 1:2.5 ] sample pretreatment = [ sieved over 2 mm sieve ] solution = [ water [H2O] ]""}",5.1,WD-WISE,Philippines,Over 10 km,South-Eastern Asia,Asia,1983-12-1,"Attribution 3.0 International (CC BY 3.0), https://creativecommons.org/licenses/by/3.0/"
123.7,13.1666666666667,1122517,31740,PH0015,A1,0,15,0,{6.3},"{""concentration = [ not applied ] ratio = [ 1:2.5 ] sample pretreatment = [ sieved over 2 mm sieve ] solution = [ water [H2O] ]""}",6.3,WD-WISE,Philippines,Over 10 km,South-Eastern Asia,Asia,1983-12-1,"Attribution 3.0 International (CC BY 3.0), https://creativecommons.org/licenses/by/3.0/"
123.7,13.1666666666667,1122517,31741,PH0015,IIAC,15,30,0,{6.3},"{""concentration = [ not applied ] ratio = [ 1:2.5 ] sample pretreatment = [ sieved over 2 mm sieve ] solution = [ water [H2O] ]""}",6.3,WD-WISE,Philippines,Over 10 km,South-Eastern Asia,Asia,1983-12-1,"Attribution 3.0 International (CC BY 3.0), https://creativecommons.org/licenses/by/3.0/"
123.7,13.1666666666667,1122517,31742,PH0015,IIIA3,30,53,0,{6.5},"{""concentration = [ not applied ] ratio = [ 1:2.5 ] sample pretreatment = [ sieved over 2 mm sieve ] solution = [ water [H2O] ]""}",6.5,WD-WISE,Philippines,Over 10 km,South-Eastern Asia,Asia,1983-12-1,"Attribution 3.0 International (CC BY 3.0), https://creativecommons.org/licenses/by/3.0/"
123.7,13.1666666666667,1122517,31743,PH0015,IVA3,53,65,0,{6.5},"{""concentration = [ not applied ] ratio = [ 1:2.5 ] sample pretreatment = [ sieved over 2 mm sieve ] solution = [ water [H2O] ]""}",6.5,WD-WISE,Philippines,Over 10 km,South-Eastern Asia,Asia,1983-12-1,"Attribution 3.0 International (CC BY 3.0), https://creativecommons.org/licenses/by/3.0/"
123.7,13.1666666666667,1122517,31744,PH0015,VA1+2,65,95,0,{6.5},"{""concentration = [ not applied ] ratio = [ 1:2.5 ] sample pretreatment = [ sieved over 2 mm sieve ] solution = [ water [H2O] ]""}",6.5,WD-WISE,Philippines,Over 10 km,South-Eastern Asia,Asia,1983-12-1,"Attribution 3.0 International (CC BY 3.0), https://creativecommons.org/licenses/by/3.0/"
123.7,13.1666666666667,1122517,31745,PH0015,VA3,95,109,0,{6.7},"{""concentration = [ not applied ] ratio = [ 1:2.5 ] sample pretreatment = [ sieved over 2 mm sieve ] solution = [ water [H2O] ]""}",6.7,WD-WISE,Philippines,Over 10 km,South-Eastern Asia,Asia,1983-12-1,"Attribution 3.0 International (CC BY 3.0), https://creativecommons.org/licenses/by/3.0/"
120.9,14.1166666666667,1122518,31746,PH0016,A,0,15,0,{6.3},"{""concentration = [ not applied ] ratio = [ 1:2.5 ] sample pretreatment = [ sieved over 2 mm sieve ] solution = [ water [H2O] ]""}",6.3,WD-WISE,Philippines,Over 10 km,South-Eastern Asia,Asia,1983-5-1,"Attribution 3.0 International (CC BY 3.0), https://creativecommons.org/licenses/by/3.0/"
120.9,14.1166666666667,1122518,31747,PH0016,B,15,35,0,{6.2},"{""concentration = [ not applied ] ratio = [ 1:2.5 ] sample pretreatment = [ sieved over 2 mm sieve ] solution = [ water [H2O] ]""}",6.2,WD-WISE,Philippines,Over 10 km,South-Eastern Asia,Asia,1983-5-1,"Attribution 3.0 International (CC BY 3.0), https://creativecommons.org/licenses/by/3.0/"
120.9,14.1166666666667,1122518,31748,PH0016,IIC,35,43,0,{6.2},"{""concentration = [ not applied ] ratio = [ 1:2.5 ] sample pretreatment = [ sieved over 2 mm sieve ] solution = [ water [H2O] ]""}",6.2,WD-WISE,Philippines,Over 10 km,South-Eastern Asia,Asia,1983-5-1,"Attribution 3.0 International (CC BY 3.0), https://creativecommons.org/licenses/by/3.0/"
120.9,14.1166666666667,1122518,31749,PH0016,IIIA,43,60,0,{6.2},"{""concentration = [ not applied ] ratio = [ 1:2.5 ] sample pretreatment = [ sieved over 2 mm sieve ] solution = [ water [H2O] ]""}",6.2,WD-WISE,Philippines,Over 10 km,South-Eastern Asia,Asia,1983-5-1,"Attribution 3.0 International (CC BY 3.0), https://creativecommons.org/licenses/by/3.0/"
120.9,14.1166666666667,1122518,31750,PH0016,IVB1+2,60,125,0,{6.4},"{""concentration = [ not applied ] ratio = [ 1:2.5 ] sample pretreatment = [ sieved over 2 mm sieve ] solution = [ water [H2O] ]""}",6.4,WD-WISE,Philippines,Over 10 km,South-Eastern Asia,Asia,1983-5-1,"Attribution 3.0 International (CC BY 3.0), https://creativecommons.org/licenses/by/3.0/"
120.9,14.1166666666667,1122518,31751,PH0016,VC1,125,150,0,{6.1},"{""concentration = [ not applied ] ratio = [ 1:2.5 ] sample pretreatment = [ sieved over 2 mm sieve ] solution = [ water [H2O] ]""}",6.1,WD-WISE,Philippines,Over 10 km,South-Eastern Asia,Asia,1983-5-1,"Attribution 3.0 International (CC BY 3.0), https://creativecommons.org/licenses/by/3.0/"
123.7,13.1666666666667,1122519,31752,PH0017,A1,0,15,0,{6.0},"{""concentration = [ not applied ] ratio = [ 1:2.5 ] sample pretreatment = [ sieved over 2 mm sieve ] solution = [ water [H2O] ]""}",6,WD-WISE,Philippines,Over 10 km,South-Eastern Asia,Asia,1983-12-1,"Attribution 3.0 International (CC BY 3.0), https://creativecommons.org/licenses/by/3.0/"
123.7,13.1666666666667,1122519,31753,PH0017,A3,15,25,0,{6.3},"{""concentration = [ not applied ] ratio = [ 1:2.5 ] sample pretreatment = [ sieved over 2 mm sieve ] solution = [ water [H2O] ]""}",6.3,WD-WISE,Philippines,Over 10 km,South-Eastern Asia,Asia,1983-12-1,"Attribution 3.0 International (CC BY 3.0), https://creativecommons.org/licenses/by/3.0/"
123.7,13.1666666666667,1122519,31754,PH0017,B,25,50,0,{6.4},"{""concentration = [ not applied ] ratio = [ 1:2.5 ] sample pretreatment = [ sieved over 2 mm sieve ] solution = [ water [H2O] ]""}",6.4,WD-WISE,Philippines,Over 10 km,South-Eastern Asia,Asia,1983-12-1,"Attribution 3.0 International (CC BY 3.0), https://creativecommons.org/licenses/by/3.0/"
123.7,13.1666666666667,1122519,31755,PH0017,IIB,50,80,0,{6.4},"{""concentration = [ not applied ] ratio = [ 1:2.5 ] sample pretreatment = [ sieved over 2 mm sieve ] solution = [ water [H2O] ]""}",6.4,WD-WISE,Philippines,Over 10 km,South-Eastern Asia,Asia,1983-12-1,"Attribution 3.0 International (CC BY 3.0), https://creativecommons.org/licenses/by/3.0/"
123.7,13.1666666666667,1122519,31756,PH0017,IIIA1,80,105,0,{6.4},"{""concentration = [ not applied ] ratio = [ 1:2.5 ] sample pretreatment = [ sieved over 2 mm sieve ] solution = [ water [H2O] ]""}",6.4,WD-WISE,Philippines,Over 10 km,South-Eastern Asia,Asia,1983-12-1,"Attribution 3.0 International (CC BY 3.0), https://creativecommons.org/licenses/by/3.0/"
123.7,13.1666666666667,1122519,31757,PH0017,IVA3,105,120,0,{6.5},"{""concentration = [ not applied ] ratio = [ 1:2.5 ] sample pretreatment = [ sieved over 2 mm sieve ] solution = [ water [H2O] ]""}",6.5,WD-WISE,Philippines,Over 10 km,South-Eastern Asia,Asia,1983-12-1,"Attribution 3.0 International (CC BY 3.0), https://creativecommons.org/licenses/by/3.0/"
120.916666666667,14.2,1122520,31758,PH0018,Ap,0,10,0,{5.6},"{""concentration = [ not applied ] ratio = [ 1:2.5 ] sample pretreatment = [ sieved over 2 mm sieve ] solution = [ water [H2O] ]""}",5.6,WD-WISE,Philippines,Over 10 km,South-Eastern Asia,Asia,1983-5-1,"Attribution 3.0 International (CC BY 3.0), https://creativecommons.org/licenses/by/3.0/"
120.916666666667,14.2,1122520,31759,PH0018,A3,10,20,0,{5.8},"{""concentration = [ not applied ] ratio = [ 1:2.5 ] sample pretreatment = [ sieved over 2 mm sieve ] solution = [ water [H2O] ]""}",5.8,WD-WISE,Philippines,Over 10 km,South-Eastern Asia,Asia,1983-5-1,"Attribution 3.0 International (CC BY 3.0), https://creativecommons.org/licenses/by/3.0/"
120.916666666667,14.2,1122520,31760,PH0018,IIA,20,35,0,{5.7},"{""concentration = [ not applied ] ratio = [ 1:2.5 ] sample pretreatment = [ sieved over 2 mm sieve ] solution = [ water [H2O] ]""}",5.7,WD-WISE,Philippines,Over 10 km,South-Eastern Asia,Asia,1983-5-1,"Attribution 3.0 International (CC BY 3.0), https://creativecommons.org/licenses/by/3.0/"
120.916666666667,14.2,1122520,31761,PH0018,III+IVA,35,65,0,{5.9},"{""concentration = [ not applied ] ratio = [ 1:2.5 ] sample pretreatment = [ sieved over 2 mm sieve ] solution = [ water [H2O] ]""}",5.9,WD-WISE,Philippines,Over 10 km,South-Eastern Asia,Asia,1983-5-1,"Attribution 3.0 International (CC BY 3.0), https://creativecommons.org/licenses/by/3.0/"
120.916666666667,14.2,1122520,31762,PH0018,IVB1,65,80,0,{5.8},"{""concentration = [ not applied ] ratio = [ 1:2.5 ] sample pretreatment = [ sieved over 2 mm sieve ] solution = [ water [H2O] ]""}",5.8,WD-WISE,Philippines,Over 10 km,South-Eastern Asia,Asia,1983-5-1,"Attribution 3.0 International (CC BY 3.0), https://creativecommons.org/licenses/by/3.0/"
120.916666666667,14.2,1122520,31763,PH0018,IVB2,80,100,0,{5.8},"{""concentration = [ not applied ] ratio = [ 1:2.5 ] sample pretreatment = [ sieved over 2 mm sieve ] solution = [ water [H2O] ]""}",5.8,WD-WISE,Philippines,Over 10 km,South-Eastern Asia,Asia,1983-5-1,"Attribution 3.0 International (CC BY 3.0), https://creativecommons.org/licenses/by/3.0/"
121.3,14.1666666666667,1122521,31764,PH0019,Ap1,0,15,0,{5.3},"{""concentration = [ not applied ] ratio = [ 1:2.5 ] sample pretreatment = [ sieved over 2 mm sieve ] solution = [ water [H2O] ]""}",5.3,WD-WISE,Philippines,Over 10 km,South-Eastern Asia,Asia,1983-9-1,"Attribution 3.0 International (CC BY 3.0), https://creativecommons.org/licenses/by/3.0/"
121.3,14.1666666666667,1122521,31765,PH0019,Ap2,15,31,0,{5.3},"{""concentration = [ not applied ] ratio = [ 1:2.5 ] sample pretreatment = [ sieved over 2 mm sieve ] solution = [ water [H2O] ]""}",5.3,WD-WISE,Philippines,Over 10 km,South-Eastern Asia,Asia,1983-9-1,"Attribution 3.0 International (CC BY 3.0), https://creativecommons.org/licenses/by/3.0/"
121.3,14.1666666666667,1122521,31766,PH0019,Bg1,31,45,0,{5.4},"{""concentration = [ not applied ] ratio = [ 1:2.5 ] sample pretreatment = [ sieved over 2 mm sieve ] solution = [ water [H2O] ]""}",5.4,WD-WISE,Philippines,Over 10 km,South-Eastern Asia,Asia,1983-9-1,"Attribution 3.0 International (CC BY 3.0), https://creativecommons.org/licenses/by/3.0/"
121.3,14.1666666666667,1122521,31767,PH0019,Bg2,45,64,0,{5.3},"{""concentration = [ not applied ] ratio = [ 1:2.5 ] sample pretreatment = [ sieved over 2 mm sieve ] solution = [ water [H2O] ]""}",5.3,WD-WISE,Philippines,Over 10 km,South-Eastern Asia,Asia,1983-9-1,"Attribution 3.0 International (CC BY 3.0), https://creativecommons.org/licenses/by/3.0/"
121.3,14.1666666666667,1122521,31768,PH0019,Btg,64,94,0,{5.7},"{""concentration = [ not applied ] ratio = [ 1:2.5 ] sample pretreatment = [ sieved over 2 mm sieve ] solution = [ water [H2O] ]""}",5.7,WD-WISE,Philippines,Over 10 km,South-Eastern Asia,Asia,1983-9-1,"Attribution 3.0 International (CC BY 3.0), https://creativecommons.org/licenses/by/3.0/"
121.3,14.1666666666667,1122521,31769,PH0019,Cg,94,130,0,{6.0},"{""concentration = [ not applied ] ratio = [ 1:2.5 ] sample pretreatment = [ sieved over 2 mm sieve ] solution = [ water [H2O] ]""}",6,WD-WISE,Philippines,Over 10 km,South-Eastern Asia,Asia,1983-9-1,"Attribution 3.0 International (CC BY 3.0), https://creativecommons.org/licenses/by/3.0/"
120.5,14.5,1122522,31770,PH0020,Ap1,0,13,0,{5.3},"{""concentration = [ not applied ] ratio = [ 1:2.5 ] sample pretreatment = [ sieved over 2 mm sieve ] solution = [ water [H2O] ]""}",5.3,WD-WISE,Philippines,Over 10 km,South-Eastern Asia,Asia,1983-9-3,"Attribution 3.0 International (CC BY 3.0), https://creativecommons.org/licenses/by/3.0/"
120.5,14.5,1122522,31771,PH0020,Ap2,13,22,0,{5.2},"{""concentration = [ not applied ] ratio = [ 1:2.5 ] sample pretreatment = [ sieved over 2 mm sieve ] solution = [ water [H2O] ]""}",5.2,WD-WISE,Philippines,Over 10 km,South-Eastern Asia,Asia,1983-9-3,"Attribution 3.0 International (CC BY 3.0), https://creativecommons.org/licenses/by/3.0/"
120.5,14.5,1122522,31772,PH0020,C1,22,33,0,{5.6},"{""concentration = [ not applied ] ratio = [ 1:2.5 ] sample pretreatment = [ sieved over 2 mm sieve ] solution = [ water [H2O] ]""}",5.6,WD-WISE,Philippines,Over 10 km,South-Eastern Asia,Asia,1983-9-3,"Attribution 3.0 International (CC BY 3.0), https://creativecommons.org/licenses/by/3.0/"
120.5,14.5,1122522,31773,PH0020,C2,33,40,0,{5.7},"{""concentration = [ not applied ] ratio = [ 1:2.5 ] sample pretreatment = [ sieved over 2 mm sieve ] solution = [ water [H2O] ]""}",5.7,WD-WISE,Philippines,Over 10 km,South-Eastern Asia,Asia,1983-9-3,"Attribution 3.0 International (CC BY 3.0), https://creativecommons.org/licenses/by/3.0/"
120.5,14.5,1122522,31774,PH0020,C3,40,57,0,{5.9},"{""concentration = [ not applied ] ratio = [ 1:2.5 ] sample pretreatment = [ sieved over 2 mm sieve ] solution = [ water [H2O] ]""}",5.9,WD-WISE,Philippines,Over 10 km,South-Eastern Asia,Asia,1983-9-3,"Attribution 3.0 International (CC BY 3.0), https://creativecommons.org/licenses/by/3.0/"
120.5,14.5,1122522,31775,PH0020,C4,57,71,0,{6.1},"{""concentration = [ not applied ] ratio = [ 1:2.5 ] sample pretreatment = [ sieved over 2 mm sieve ] solution = [ water [H2O] ]""}",6.1,WD-WISE,Philippines,Over 10 km,South-Eastern Asia,Asia,1983-9-3,"Attribution 3.0 International (CC BY 3.0), https://creativecommons.org/licenses/by/3.0/"
120.5,14.5,1122522,31776,PH0020,C5,71,124,0,{6.3},"{""concentration = [ not applied ] ratio = [ 1:2.5 ] sample pretreatment = [ sieved over 2 mm sieve ] solution = [ water [H2O] ]""}",6.3,WD-WISE,Philippines,Over 10 km,South-Eastern Asia,Asia,1983-9-3,"Attribution 3.0 International (CC BY 3.0), https://creativecommons.org/licenses/by/3.0/"
120.5,14.5,1122522,31777,PH0020,C6,124,154,0,{6.5},"{""concentration = [ not applied ] ratio = [ 1:2.5 ] sample pretreatment = [ sieved over 2 mm sieve ] solution = [ water [H2O] ]""}",6.5,WD-WISE,Philippines,Over 10 km,South-Eastern Asia,Asia,1983-9-3,"Attribution 3.0 International (CC BY 3.0), https://creativecommons.org/licenses/by/3.0/"
124.016666666667,12.9833333333333,1122523,31778,PH0021,Ap1,0,9,0,{5.2},"{""concentration = [ not applied ] ratio = [ 1:2.5 ] sample pretreatment = [ sieved over 2 mm sieve ] solution = [ water [H2O] ]""}",5.2,WD-WISE,Philippines,Over 10 km,South-Eastern Asia,Asia,1983-9-1,"Attribution 3.0 International (CC BY 3.0), https://creativecommons.org/licenses/by/3.0/"
124.016666666667,12.9833333333333,1122523,31779,PH0021,Ap2,9,13,0,{5.6},"{""concentration = [ not applied ] ratio = [ 1:2.5 ] sample pretreatment = [ sieved over 2 mm sieve ] solution = [ water [H2O] ]""}",5.6,WD-WISE,Philippines,Over 10 km,South-Eastern Asia,Asia,1983-9-1,"Attribution 3.0 International (CC BY 3.0), https://creativecommons.org/licenses/by/3.0/"
124.016666666667,12.9833333333333,1122523,31780,PH0021,BAg,13,26,0,{5.8},"{""concentration = [ not applied ] ratio = [ 1:2.5 ] sample pretreatment = [ sieved over 2 mm sieve ] solution = [ water [H2O] ]""}",5.8,WD-WISE,Philippines,Over 10 km,South-Eastern Asia,Asia,1983-9-1,"Attribution 3.0 International (CC BY 3.0), https://creativecommons.org/licenses/by/3.0/"
124.016666666667,12.9833333333333,1122523,31781,PH0021,Bg1,26,48,0,{6.1},"{""concentration = [ not applied ] ratio = [ 1:2.5 ] sample pretreatment = [ sieved over 2 mm sieve ] solution = [ water [H2O] ]""}",6.1,WD-WISE,Philippines,Over 10 km,South-Eastern Asia,Asia,1983-9-1,"Attribution 3.0 International (CC BY 3.0), https://creativecommons.org/licenses/by/3.0/"
124.016666666667,12.9833333333333,1122523,31782,PH0021,Bg2,48,68,0,{6.3},"{""concentration = [ not applied ] ratio = [ 1:2.5 ] sample pretreatment = [ sieved over 2 mm sieve ] solution = [ water [H2O] ]""}",6.3,WD-WISE,Philippines,Over 10 km,South-Eastern Asia,Asia,1983-9-1,"Attribution 3.0 International (CC BY 3.0), https://creativecommons.org/licenses/by/3.0/"
124.016666666667,12.9833333333333,1122523,31783,PH0021,BCg,68,93,0,{6.3},"{""concentration = [ not applied ] ratio = [ 1:2.5 ] sample pretreatment = [ sieved over 2 mm sieve ] solution = [ water [H2O] ]""}",6.3,WD-WISE,Philippines,Over 10 km,South-Eastern Asia,Asia,1983-9-1,"Attribution 3.0 International (CC BY 3.0), https://creativecommons.org/licenses/by/3.0/"
124.016666666667,12.9833333333333,1122523,31784,PH0021,Cg1,93,105,0,{6.6},"{""concentration = [ not applied ] ratio = [ 1:2.5 ] sample pretreatment = [ sieved over 2 mm sieve ] solution = [ water [H2O] ]""}",6.6,WD-WISE,Philippines,Over 10 km,South-Eastern Asia,Asia,1983-9-1,"Attribution 3.0 International (CC BY 3.0), https://creativecommons.org/licenses/by/3.0/"
124.016666666667,12.9833333333333,1122523,31785,PH0021,Cg2,105,125,0,{6.2},"{""concentration = [ not applied ] ratio = [ 1:2.5 ] sample pretreatment = [ sieved over 2 mm sieve ] solution = [ water [H2O] ]""}",6.2,WD-WISE,Philippines,Over 10 km,South-Eastern Asia,Asia,1983-9-1,"Attribution 3.0 International (CC BY 3.0), https://creativecommons.org/licenses/by/3.0/"
120.516666666667,15.9666666666667,1122525,31791,PH0023,Ap1,0,12,0,{7.5},"{""concentration = [ not applied ] ratio = [ 1:2.5 ] sample pretreatment = [ sieved over 2 mm sieve ] solution = [ water [H2O] ]""}",7.5,WD-WISE,Philippines,Over 10 km,South-Eastern Asia,Asia,1983-9-1,"Attribution 3.0 International (CC BY 3.0), https://creativecommons.org/licenses/by/3.0/"
120.516666666667,15.9666666666667,1122525,31792,PH0023,Ap2,12,23,0,{7.7},"{""concentration = [ not applied ] ratio = [ 1:2.5 ] sample pretreatment = [ sieved over 2 mm sieve ] solution = [ water [H2O] ]""}",7.7,WD-WISE,Philippines,Over 10 km,South-Eastern Asia,Asia,1983-9-1,"Attribution 3.0 International (CC BY 3.0), https://creativecommons.org/licenses/by/3.0/"
120.516666666667,15.9666666666667,1122525,31793,PH0023,,23,40,0,{7.7},"{""concentration = [ not applied ] ratio = [ 1:2.5 ] sample pretreatment = [ sieved over 2 mm sieve ] solution = [ water [H2O] ]""}",7.7,WD-WISE,Philippines,Over 10 km,South-Eastern Asia,Asia,1983-9-1,"Attribution 3.0 International (CC BY 3.0), https://creativecommons.org/licenses/by/3.0/"
120.516666666667,15.9666666666667,1122525,31794,PH0023,Bg1,40,57,0,{7.5},"{""concentration = [ not applied ] ratio = [ 1:2.5 ] sample pretreatment = [ sieved over 2 mm sieve ] solution = [ water [H2O] ]""}",7.5,WD-WISE,Philippines,Over 10 km,South-Eastern Asia,Asia,1983-9-1,"Attribution 3.0 International (CC BY 3.0), https://creativecommons.org/licenses/by/3.0/"
120.516666666667,15.9666666666667,1122525,31795,PH0023,Bg2,57,81,0,{7.6},"{""concentration = [ not applied ] ratio = [ 1:2.5 ] sample pretreatment = [ sieved over 2 mm sieve ] solution = [ water [H2O] ]""}",7.6,WD-WISE,Philippines,Over 10 km,South-Eastern Asia,Asia,1983-9-1,"Attribution 3.0 International (CC BY 3.0), https://creativecommons.org/licenses/by/3.0/"
120.516666666667,15.9666666666667,1122525,31796,PH0023,BCg,81,119,0,{7.3},"{""concentration = [ not applied ] ratio = [ 1:2.5 ] sample pretreatment = [ sieved over 2 mm sieve ] solution = [ water [H2O] ]""}",7.3,WD-WISE,Philippines,Over 10 km,South-Eastern Asia,Asia,1983-9-1,"Attribution 3.0 International (CC BY 3.0), https://creativecommons.org/licenses/by/3.0/"
120.583333333333,15.4833333333333,1122526,31797,PH0024,Ap1,0,10,0,{6.1},"{""concentration = [ not applied ] ratio = [ 1:2.5 ] sample pretreatment = [ sieved over 2 mm sieve ] solution = [ water [H2O] ]""}",6.1,WD-WISE,Philippines,Over 10 km,South-Eastern Asia,Asia,1983-9-1,"Attribution 3.0 International (CC BY 3.0), https://creativecommons.org/licenses/by/3.0/"
120.583333333333,15.4833333333333,1122526,31798,PH0024,Ap2,10,17,0,{6.7},"{""concentration = [ not applied ] ratio = [ 1:2.5 ] sample pretreatment = [ sieved over 2 mm sieve ] solution = [ water [H2O] ]""}",6.7,WD-WISE,Philippines,Over 10 km,South-Eastern Asia,Asia,1983-9-1,"Attribution 3.0 International (CC BY 3.0), https://creativecommons.org/licenses/by/3.0/"
120.583333333333,15.4833333333333,1122526,31799,PH0024,Bg1,17,56,0,{7.1},"{""concentration = [ not applied ] ratio = [ 1:2.5 ] sample pretreatment = [ sieved over 2 mm sieve ] solution = [ water [H2O] ]""}",7.1,WD-WISE,Philippines,Over 10 km,South-Eastern Asia,Asia,1983-9-1,"Attribution 3.0 International (CC BY 3.0), https://creativecommons.org/licenses/by/3.0/"
120.583333333333,15.4833333333333,1122526,31800,PH0024,Btg,56,86,0,{7.2},"{""concentration = [ not applied ] ratio = [ 1:2.5 ] sample pretreatment = [ sieved over 2 mm sieve ] solution = [ water [H2O] ]""}",7.2,WD-WISE,Philippines,Over 10 km,South-Eastern Asia,Asia,1983-9-1,"Attribution 3.0 International (CC BY 3.0), https://creativecommons.org/licenses/by/3.0/"
120.583333333333,15.4833333333333,1122526,31801,PH0024,C,86,106,0,{7.3},"{""concentration = [ not applied ] ratio = [ 1:2.5 ] sample pretreatment = [ sieved over 2 mm sieve ] solution = [ water [H2O] ]""}",7.3,WD-WISE,Philippines,Over 10 km,South-Eastern Asia,Asia,1983-9-1,"Attribution 3.0 International (CC BY 3.0), https://creativecommons.org/licenses/by/3.0/"
120.316666666667,15.7333333333333,1122527,31802,PH0025,Ap1,0,10,0,{7.1},"{""concentration = [ not applied ] ratio = [ 1:2.5 ] sample pretreatment = [ sieved over 2 mm sieve ] solution = [ water [H2O] ]""}",7.1,WD-WISE,Philippines,Over 10 km,South-Eastern Asia,Asia,1983-9-1,"Attribution 3.0 International (CC BY 3.0), https://creativecommons.org/licenses/by/3.0/"
120.316666666667,15.7333333333333,1122527,31803,PH0025,Ap2,10,16,0,{7.2},"{""concentration = [ not applied ] ratio = [ 1:2.5 ] sample pretreatment = [ sieved over 2 mm sieve ] solution = [ water [H2O] ]""}",7.2,WD-WISE,Philippines,Over 10 km,South-Eastern Asia,Asia,1983-9-1,"Attribution 3.0 International (CC BY 3.0), https://creativecommons.org/licenses/by/3.0/"
120.316666666667,15.7333333333333,1122527,31804,PH0025,Bw1,16,41,0,{7.3},"{""concentration = [ not applied ] ratio = [ 1:2.5 ] sample pretreatment = [ sieved over 2 mm sieve ] solution = [ water [H2O] ]""}",7.3,WD-WISE,Philippines,Over 10 km,South-Eastern Asia,Asia,1983-9-1,"Attribution 3.0 International (CC BY 3.0), https://creativecommons.org/licenses/by/3.0/"
120.316666666667,15.7333333333333,1122527,31805,PH0025,Bw2,41,58,0,{7.2},"{""concentration = [ not applied ] ratio = [ 1:2.5 ] sample pretreatment = [ sieved over 2 mm sieve ] solution = [ water [H2O] ]""}",7.2,WD-WISE,Philippines,Over 10 km,South-Eastern Asia,Asia,1983-9-1,"Attribution 3.0 International (CC BY 3.0), https://creativecommons.org/licenses/by/3.0/"
120.316666666667,15.7333333333333,1122527,31806,PH0025,Bg,58,83,0,{7.0},"{""concentration = [ not applied ] ratio = [ 1:2.5 ] sample pretreatment = [ sieved over 2 mm sieve ] solution = [ water [H2O] ]""}",7,WD-WISE,Philippines,Over 10 km,South-Eastern Asia,Asia,1983-9-1,"Attribution 3.0 International (CC BY 3.0), https://creativecommons.org/licenses/by/3.0/"
120.316666666667,15.7333333333333,1122527,31807,PH0025,,83,122,0,{7.2},"{""concentration = [ not applied ] ratio = [ 1:2.5 ] sample pretreatment = [ sieved over 2 mm sieve ] solution = [ water [H2O] ]""}",7.2,WD-WISE,Philippines,Over 10 km,South-Eastern Asia,Asia,1983-9-1,"Attribution 3.0 International (CC BY 3.0), https://creativecommons.org/licenses/by/3.0/"
120.966666666667,15.3,1122528,31808,PH0026,Ap1,0,8,0,{6.1},"{""concentration = [ not applied ] ratio = [ 1:2.5 ] sample pretreatment = [ sieved over 2 mm sieve ] solution = [ water [H2O] ]""}",6.1,WD-WISE,Philippines,Over 10 km,South-Eastern Asia,Asia,1983-9-1,"Attribution 3.0 International (CC BY 3.0), https://creativecommons.org/licenses/by/3.0/"
120.966666666667,15.3,1122528,31809,PH0026,Ap2,8,19,0,{7.1},"{""concentration = [ not applied ] ratio = [ 1:2.5 ] sample pretreatment = [ sieved over 2 mm sieve ] solution = [ water [H2O] ]""}",7.1,WD-WISE,Philippines,Over 10 km,South-Eastern Asia,Asia,1983-9-1,"Attribution 3.0 International (CC BY 3.0), https://creativecommons.org/licenses/by/3.0/"
120.966666666667,15.3,1122528,31810,PH0026,Bg,19,38,0,{7.3},"{""concentration = [ not applied ] ratio = [ 1:2.5 ] sample pretreatment = [ sieved over 2 mm sieve ] solution = [ water [H2O] ]""}",7.3,WD-WISE,Philippines,Over 10 km,South-Eastern Asia,Asia,1983-9-1,"Attribution 3.0 International (CC BY 3.0), https://creativecommons.org/licenses/by/3.0/"
120.966666666667,15.3,1122528,31811,PH0026,Bw,38,64,0,{7.1},"{""concentration = [ not applied ] ratio = [ 1:2.5 ] sample pretreatment = [ sieved over 2 mm sieve ] solution = [ water [H2O] ]""}",7.1,WD-WISE,Philippines,Over 10 km,South-Eastern Asia,Asia,1983-9-1,"Attribution 3.0 International (CC BY 3.0), https://creativecommons.org/licenses/by/3.0/"
120.966666666667,15.3,1122528,31812,PH0026,Bt1,64,86,0,{7.2},"{""concentration = [ not applied ] ratio = [ 1:2.5 ] sample pretreatment = [ sieved over 2 mm sieve ] solution = [ water [H2O] ]""}",7.2,WD-WISE,Philippines,Over 10 km,South-Eastern Asia,Asia,1983-9-1,"Attribution 3.0 International (CC BY 3.0), https://creativecommons.org/licenses/by/3.0/"
120.966666666667,15.3,1122528,31813,PH0026,Bt2,86,132,0,{7.2},"{""concentration = [ not applied ] ratio = [ 1:2.5 ] sample pretreatment = [ sieved over 2 mm sieve ] solution = [ water [H2O] ]""}",7.2,WD-WISE,Philippines,Over 10 km,South-Eastern Asia,Asia,1983-9-1,"Attribution 3.0 International (CC BY 3.0), https://creativecommons.org/licenses/by/3.0/"
121.3,14.1666666666667,1122529,31814,PH0027,Ap,0,8,0,{6.5},"{""concentration = [ not applied ] ratio = [ 1:2.5 ] sample pretreatment = [ sieved over 2 mm sieve ] solution = [ water [H2O] ]""}",6.5,WD-WISE,Philippines,Over 10 km,South-Eastern Asia,Asia,1983-9-1,"Attribution 3.0 International (CC BY 3.0), https://creativecommons.org/licenses/by/3.0/"
121.3,14.1666666666667,1122529,31815,PH0027,ABg,8,20,0,{6.8},"{""concentration = [ not applied ] ratio = [ 1:2.5 ] sample pretreatment = [ sieved over 2 mm sieve ] solution = [ water [H2O] ]""}",6.8,WD-WISE,Philippines,Over 10 km,South-Eastern Asia,Asia,1983-9-1,"Attribution 3.0 International (CC BY 3.0), https://creativecommons.org/licenses/by/3.0/"
121.3,14.1666666666667,1122529,31816,PH0027,Bwg,20,40,0,{7.0},"{""concentration = [ not applied ] ratio = [ 1:2.5 ] sample pretreatment = [ sieved over 2 mm sieve ] solution = [ water [H2O] ]""}",7,WD-WISE,Philippines,Over 10 km,South-Eastern Asia,Asia,1983-9-1,"Attribution 3.0 International (CC BY 3.0), https://creativecommons.org/licenses/by/3.0/"
121.3,14.1666666666667,1122529,31817,PH0027,Btg,40,70,0,{7.1},"{""concentration = [ not applied ] ratio = [ 1:2.5 ] sample pretreatment = [ sieved over 2 mm sieve ] solution = [ water [H2O] ]""}",7.1,WD-WISE,Philippines,Over 10 km,South-Eastern Asia,Asia,1983-9-1,"Attribution 3.0 International (CC BY 3.0), https://creativecommons.org/licenses/by/3.0/"
121.3,14.1666666666667,1122529,31818,PH0027,Bt1,70,107,0,{7.1},"{""concentration = [ not applied ] ratio = [ 1:2.5 ] sample pretreatment = [ sieved over 2 mm sieve ] solution = [ water [H2O] ]""}",7.1,WD-WISE,Philippines,Over 10 km,South-Eastern Asia,Asia,1983-9-1,"Attribution 3.0 International (CC BY 3.0), https://creativecommons.org/licenses/by/3.0/"
121.3,14.1666666666667,1122529,31819,PH0027,Cg,107,118,0,{6.9},"{""concentration = [ not applied ] ratio = [ 1:2.5 ] sample pretreatment = [ sieved over 2 mm sieve ] solution = [ water [H2O] ]""}",6.9,WD-WISE,Philippines,Over 10 km,South-Eastern Asia,Asia,1983-9-1,"Attribution 3.0 International (CC BY 3.0), https://creativecommons.org/licenses/by/3.0/"
121.3,14.1666666666667,1122530,31820,PH0028,Ap1,0,18,0,{7.0},"{""concentration = [ not applied ] ratio = [ 1:2.5 ] sample pretreatment = [ sieved over 2 mm sieve ] solution = [ water [H2O] ]""}",7,WD-WISE,Philippines,Over 10 km,South-Eastern Asia,Asia,1983-9-1,"Attribution 3.0 International (CC BY 3.0), https://creativecommons.org/licenses/by/3.0/"
121.3,14.1666666666667,1122530,31821,PH0028,Ap2,18,26,0,{6.8},"{""concentration = [ not applied ] ratio = [ 1:2.5 ] sample pretreatment = [ sieved over 2 mm sieve ] solution = [ water [H2O] ]""}",6.8,WD-WISE,Philippines,Over 10 km,South-Eastern Asia,Asia,1983-9-1,"Attribution 3.0 International (CC BY 3.0), https://creativecommons.org/licenses/by/3.0/"
121.3,14.1666666666667,1122530,31822,PH0028,Bg1,26,48,0,{6.8},"{""concentration = [ not applied ] ratio = [ 1:2.5 ] sample pretreatment = [ sieved over 2 mm sieve ] solution = [ water [H2O] ]""}",6.8,WD-WISE,Philippines,Over 10 km,South-Eastern Asia,Asia,1983-9-1,"Attribution 3.0 International (CC BY 3.0), https://creativecommons.org/licenses/by/3.0/"
121.3,14.1666666666667,1122530,31823,PH0028,Bg2,48,64,0,{6.8},"{""concentration = [ not applied ] ratio = [ 1:2.5 ] sample pretreatment = [ sieved over 2 mm sieve ] solution = [ water [H2O] ]""}",6.8,WD-WISE,Philippines,Over 10 km,South-Eastern Asia,Asia,1983-9-1,"Attribution 3.0 International (CC BY 3.0), https://creativecommons.org/licenses/by/3.0/"
121.3,14.1666666666667,1122530,31824,PH0028,Btg,64,87,0,{7.2},"{""concentration = [ not applied ] ratio = [ 1:2.5 ] sample pretreatment = [ sieved over 2 mm sieve ] solution = [ water [H2O] ]""}",7.2,WD-WISE,Philippines,Over 10 km,South-Eastern Asia,Asia,1983-9-1,"Attribution 3.0 International (CC BY 3.0), https://creativecommons.org/licenses/by/3.0/"
120.516666666667,15.9666666666667,1122531,31826,PH0029,Ap,0,10,0,{7.3},"{""concentration = [ not applied ] ratio = [ 1:2.5 ] sample pretreatment = [ sieved over 2 mm sieve ] solution = [ water [H2O] ]""}",7.3,WD-WISE,Philippines,Over 10 km,South-Eastern Asia,Asia,1983-9-1,"Attribution 3.0 International (CC BY 3.0), https://creativecommons.org/licenses/by/3.0/"
120.516666666667,15.9666666666667,1122531,31827,PH0029,ABg,10,31,0,{7.3},"{""concentration = [ not applied ] ratio = [ 1:2.5 ] sample pretreatment = [ sieved over 2 mm sieve ] solution = [ water [H2O] ]""}",7.3,WD-WISE,Philippines,Over 10 km,South-Eastern Asia,Asia,1983-9-1,"Attribution 3.0 International (CC BY 3.0), https://creativecommons.org/licenses/by/3.0/"
120.516666666667,15.9666666666667,1122531,31828,PH0029,Bg,31,55,0,{7.2},"{""concentration = [ not applied ] ratio = [ 1:2.5 ] sample pretreatment = [ sieved over 2 mm sieve ] solution = [ water [H2O] ]""}",7.2,WD-WISE,Philippines,Over 10 km,South-Eastern Asia,Asia,1983-9-1,"Attribution 3.0 International (CC BY 3.0), https://creativecommons.org/licenses/by/3.0/"
120.516666666667,15.9666666666667,1122531,31829,PH0029,CB,55,85,0,{7.7},"{""concentration = [ not applied ] ratio = [ 1:2.5 ] sample pretreatment = [ sieved over 2 mm sieve ] solution = [ water [H2O] ]""}",7.7,WD-WISE,Philippines,Over 10 km,South-Eastern Asia,Asia,1983-9-1,"Attribution 3.0 International (CC BY 3.0), https://creativecommons.org/licenses/by/3.0/"
120.516666666667,15.9666666666667,1122531,31830,PH0029,C,85,117,0,{7.7},"{""concentration = [ not applied ] ratio = [ 1:2.5 ] sample pretreatment = [ sieved over 2 mm sieve ] solution = [ water [H2O] ]""}",7.7,WD-WISE,Philippines,Over 10 km,South-Eastern Asia,Asia,1983-9-1,"Attribution 3.0 International (CC BY 3.0), https://creativecommons.org/licenses/by/3.0/"
120.516666666667,15.9666666666667,1122532,31831,PH0030,Ap1,0,10,0,{7.3},"{""concentration = [ not applied ] ratio = [ 1:2.5 ] sample pretreatment = [ sieved over 2 mm sieve ] solution = [ water [H2O] ]""}",7.3,WD-WISE,Philippines,Over 10 km,South-Eastern Asia,Asia,1983-9-1,"Attribution 3.0 International (CC BY 3.0), https://creativecommons.org/licenses/by/3.0/"
120.516666666667,15.9666666666667,1122532,31832,PH0030,Ap2,10,23,0,{7.2},"{""concentration = [ not applied ] ratio = [ 1:2.5 ] sample pretreatment = [ sieved over 2 mm sieve ] solution = [ water [H2O] ]""}",7.2,WD-WISE,Philippines,Over 10 km,South-Eastern Asia,Asia,1983-9-1,"Attribution 3.0 International (CC BY 3.0), https://creativecommons.org/licenses/by/3.0/"
120.516666666667,15.9666666666667,1122532,31833,PH0030,Bg,23,49,0,{7.4},"{""concentration = [ not applied ] ratio = [ 1:2.5 ] sample pretreatment = [ sieved over 2 mm sieve ] solution = [ water [H2O] ]""}",7.4,WD-WISE,Philippines,Over 10 km,South-Eastern Asia,Asia,1983-9-1,"Attribution 3.0 International (CC BY 3.0), https://creativecommons.org/licenses/by/3.0/"
120.516666666667,15.9666666666667,1122532,31834,PH0030,BCg,49,72,0,{7.6},"{""concentration = [ not applied ] ratio = [ 1:2.5 ] sample pretreatment = [ sieved over 2 mm sieve ] solution = [ water [H2O] ]""}",7.6,WD-WISE,Philippines,Over 10 km,South-Eastern Asia,Asia,1983-9-1,"Attribution 3.0 International (CC BY 3.0), https://creativecommons.org/licenses/by/3.0/"
120.316666666667,15.7333333333333,1122534,31843,PH0032,Ap1,0,10,0,{7.8},"{""concentration = [ not applied ] ratio = [ 1:2.5 ] sample pretreatment = [ sieved over 2 mm sieve ] solution = [ water [H2O] ]""}",7.8,WD-WISE,Philippines,Over 10 km,South-Eastern Asia,Asia,1983-9-1,"Attribution 3.0 International (CC BY 3.0), https://creativecommons.org/licenses/by/3.0/"
120.316666666667,15.7333333333333,1122534,31844,PH0032,Ap2,10,23,0,{7.9},"{""concentration = [ not applied ] ratio = [ 1:2.5 ] sample pretreatment = [ sieved over 2 mm sieve ] solution = [ water [H2O] ]""}",7.9,WD-WISE,Philippines,Over 10 km,South-Eastern Asia,Asia,1983-9-1,"Attribution 3.0 International (CC BY 3.0), https://creativecommons.org/licenses/by/3.0/"
120.316666666667,15.7333333333333,1122534,31845,PH0032,Bw,23,38,0,{8.0},"{""concentration = [ not applied ] ratio = [ 1:2.5 ] sample pretreatment = [ sieved over 2 mm sieve ] solution = [ water [H2O] ]""}",8,WD-WISE,Philippines,Over 10 km,South-Eastern Asia,Asia,1983-9-1,"Attribution 3.0 International (CC BY 3.0), https://creativecommons.org/licenses/by/3.0/"
120.316666666667,15.7333333333333,1122534,31846,PH0032,,38,78,0,{8.1},"{""concentration = [ not applied ] ratio = [ 1:2.5 ] sample pretreatment = [ sieved over 2 mm sieve ] solution = [ water [H2O] ]""}",8.1,WD-WISE,Philippines,Over 10 km,South-Eastern Asia,Asia,1983-9-1,"Attribution 3.0 International (CC BY 3.0), https://creativecommons.org/licenses/by/3.0/"
120.316666666667,15.7333333333333,1122534,31847,PH0032,C,78,132,0,{8.1},"{""concentration = [ not applied ] ratio = [ 1:2.5 ] sample pretreatment = [ sieved over 2 mm sieve ] solution = [ water [H2O] ]""}",8.1,WD-WISE,Philippines,Over 10 km,South-Eastern Asia,Asia,1983-9-1,"Attribution 3.0 International (CC BY 3.0), https://creativecommons.org/licenses/by/3.0/"
121.45,14.4333333333333,1122535,31848,PH0036,Ap,0,15,0,{6.0},"{""concentration = [ not applied ] ratio = [ 1:2.5 ] sample pretreatment = [ sieved over 2 mm sieve ] solution = [ water [H2O] ]""}",6,WD-WISE,Philippines,Over 10 km,South-Eastern Asia,Asia,1983-9-1,"Attribution 3.0 International (CC BY 3.0), https://creativecommons.org/licenses/by/3.0/"
121.45,14.4333333333333,1122535,31849,PH0036,BAg,15,29,0,{6.5},"{""concentration = [ not applied ] ratio = [ 1:2.5 ] sample pretreatment = [ sieved over 2 mm sieve ] solution = [ water [H2O] ]""}",6.5,WD-WISE,Philippines,Over 10 km,South-Eastern Asia,Asia,1983-9-1,"Attribution 3.0 International (CC BY 3.0), https://creativecommons.org/licenses/by/3.0/"
121.45,14.4333333333333,1122535,31850,PH0036,Btg,29,47,0,{7.0},"{""concentration = [ not applied ] ratio = [ 1:2.5 ] sample pretreatment = [ sieved over 2 mm sieve ] solution = [ water [H2O] ]""}",7,WD-WISE,Philippines,Over 10 km,South-Eastern Asia,Asia,1983-9-1,"Attribution 3.0 International (CC BY 3.0), https://creativecommons.org/licenses/by/3.0/"
121.45,14.4333333333333,1122535,31851,PH0036,BCg,47,69,0,{6.9},"{""concentration = [ not applied ] ratio = [ 1:2.5 ] sample pretreatment = [ sieved over 2 mm sieve ] solution = [ water [H2O] ]""}",6.9,WD-WISE,Philippines,Over 10 km,South-Eastern Asia,Asia,1983-9-1,"Attribution 3.0 International (CC BY 3.0), https://creativecommons.org/licenses/by/3.0/"
121.45,14.4333333333333,1122535,31852,PH0036,Cg,69,123,0,{7.0},"{""concentration = [ not applied ] ratio = [ 1:2.5 ] sample pretreatment = [ sieved over 2 mm sieve ] solution = [ water [H2O] ]""}",7,WD-WISE,Philippines,Over 10 km,South-Eastern Asia,Asia,1983-9-1,"Attribution 3.0 International (CC BY 3.0), https://creativecommons.org/licenses/by/3.0/"
121.45,14.4333333333333,1122535,31853,PH0036,Cr,123,135,0,{7.0},"{""concentration = [ not applied ] ratio = [ 1:2.5 ] sample pretreatment = [ sieved over 2 mm sieve ] solution = [ water [H2O] ]""}",7,WD-WISE,Philippines,Over 10 km,South-Eastern Asia,Asia,1983-9-1,"Attribution 3.0 International (CC BY 3.0), https://creativecommons.org/licenses/by/3.0/"
120.6,18.05,1122536,31854,PH0037,Ap1,0,13,0,{7.8},"{""concentration = [ not applied ] ratio = [ 1:2.5 ] sample pretreatment = [ sieved over 2 mm sieve ] solution = [ water [H2O] ]""}",7.8,WD-WISE,Philippines,Over 10 km,South-Eastern Asia,Asia,1983-9-1,"Attribution 3.0 International (CC BY 3.0), https://creativecommons.org/licenses/by/3.0/"
120.6,18.05,1122536,31855,PH0037,Ap2,13,25,0,{8.0},"{""concentration = [ not applied ] ratio = [ 1:2.5 ] sample pretreatment = [ sieved over 2 mm sieve ] solution = [ water [H2O] ]""}",8,WD-WISE,Philippines,Over 10 km,South-Eastern Asia,Asia,1983-9-1,"Attribution 3.0 International (CC BY 3.0), https://creativecommons.org/licenses/by/3.0/"
120.6,18.05,1122536,31856,PH0037,Bw1,25,45,0,{8.0},"{""concentration = [ not applied ] ratio = [ 1:2.5 ] sample pretreatment = [ sieved over 2 mm sieve ] solution = [ water [H2O] ]""}",8,WD-WISE,Philippines,Over 10 km,South-Eastern Asia,Asia,1983-9-1,"Attribution 3.0 International (CC BY 3.0), https://creativecommons.org/licenses/by/3.0/"
120.6,18.05,1122536,31857,PH0037,Bw2,45,65,0,{7.9},"{""concentration = [ not applied ] ratio = [ 1:2.5 ] sample pretreatment = [ sieved over 2 mm sieve ] solution = [ water [H2O] ]""}",7.9,WD-WISE,Philippines,Over 10 km,South-Eastern Asia,Asia,1983-9-1,"Attribution 3.0 International (CC BY 3.0), https://creativecommons.org/licenses/by/3.0/"
120.6,18.05,1122536,31858,PH0037,,65,125,0,{8.0},"{""concentration = [ not applied ] ratio = [ 1:2.5 ] sample pretreatment = [ sieved over 2 mm sieve ] solution = [ water [H2O] ]""}",8,WD-WISE,Philippines,Over 10 km,South-Eastern Asia,Asia,1983-9-1,"Attribution 3.0 International (CC BY 3.0), https://creativecommons.org/licenses/by/3.0/"
120.6,18.05,1122536,31859,PH0037,C,125,144,0,{8.0},"{""concentration = [ not applied ] ratio = [ 1:2.5 ] sample pretreatment = [ sieved over 2 mm sieve ] solution = [ water [H2O] ]""}",8,WD-WISE,Philippines,Over 10 km,South-Eastern Asia,Asia,1983-9-1,"Attribution 3.0 International (CC BY 3.0), https://creativecommons.org/licenses/by/3.0/"
123.283333333333,13.6166666666667,1122537,31860,PH0039,Ap1,0,10,0,{5.7},"{""concentration = [ not applied ] ratio = [ 1:2.5 ] sample pretreatment = [ sieved over 2 mm sieve ] solution = [ water [H2O] ]""}",5.7,WD-WISE,Philippines,Over 10 km,South-Eastern Asia,Asia,1983-9-1,"Attribution 3.0 International (CC BY 3.0), https://creativecommons.org/licenses/by/3.0/"
123.283333333333,13.6166666666667,1122537,31861,PH0039,Ap2,10,21,0,{5.8},"{""concentration = [ not applied ] ratio = [ 1:2.5 ] sample pretreatment = [ sieved over 2 mm sieve ] solution = [ water [H2O] ]""}",5.8,WD-WISE,Philippines,Over 10 km,South-Eastern Asia,Asia,1983-9-1,"Attribution 3.0 International (CC BY 3.0), https://creativecommons.org/licenses/by/3.0/"
123.283333333333,13.6166666666667,1122537,31862,PH0039,Ag,21,37,0,{6.3},"{""concentration = [ not applied ] ratio = [ 1:2.5 ] sample pretreatment = [ sieved over 2 mm sieve ] solution = [ water [H2O] ]""}",6.3,WD-WISE,Philippines,Over 10 km,South-Eastern Asia,Asia,1983-9-1,"Attribution 3.0 International (CC BY 3.0), https://creativecommons.org/licenses/by/3.0/"
123.283333333333,13.6166666666667,1122537,31863,PH0039,ACg1,37,75,0,{6.8},"{""concentration = [ not applied ] ratio = [ 1:2.5 ] sample pretreatment = [ sieved over 2 mm sieve ] solution = [ water [H2O] ]""}",6.8,WD-WISE,Philippines,Over 10 km,South-Eastern Asia,Asia,1983-9-1,"Attribution 3.0 International (CC BY 3.0), https://creativecommons.org/licenses/by/3.0/"
123.283333333333,13.6166666666667,1122537,31864,PH0039,ACg2,75,100,0,{6.9},"{""concentration = [ not applied ] ratio = [ 1:2.5 ] sample pretreatment = [ sieved over 2 mm sieve ] solution = [ water [H2O] ]""}",6.9,WD-WISE,Philippines,Over 10 km,South-Eastern Asia,Asia,1983-9-1,"Attribution 3.0 International (CC BY 3.0), https://creativecommons.org/licenses/by/3.0/"
123.283333333333,13.6166666666667,1122537,31865,PH0039,Cg1,100,130,0,{6.7},"{""concentration = [ not applied ] ratio = [ 1:2.5 ] sample pretreatment = [ sieved over 2 mm sieve ] solution = [ water [H2O] ]""}",6.7,WD-WISE,Philippines,Over 10 km,South-Eastern Asia,Asia,1983-9-1,"Attribution 3.0 International (CC BY 3.0), https://creativecommons.org/licenses/by/3.0/"
123.283333333333,13.6166666666667,1122537,31866,PH0039,Cg2,130,147,0,{6.6},"{""concentration = [ not applied ] ratio = [ 1:2.5 ] sample pretreatment = [ sieved over 2 mm sieve ] solution = [ water [H2O] ]""}",6.6,WD-WISE,Philippines,Over 10 km,South-Eastern Asia,Asia,1983-9-1,"Attribution 3.0 International (CC BY 3.0), https://creativecommons.org/licenses/by/3.0/"
120.316666666667,15.7333333333333,1122538,31867,PH0041,Ap1,0,10,0,{6.7},"{""concentration = [ not applied ] ratio = [ 1:2.5 ] sample pretreatment = [ sieved over 2 mm sieve ] solution = [ water [H2O] ]""}",6.7,WD-WISE,Philippines,Over 10 km,South-Eastern Asia,Asia,1983-9-1,"Attribution 3.0 International (CC BY 3.0), https://creativecommons.org/licenses/by/3.0/"
120.316666666667,15.7333333333333,1122538,31868,PH0041,Ap2,10,23,0,{7.2},"{""concentration = [ not applied ] ratio = [ 1:2.5 ] sample pretreatment = [ sieved over 2 mm sieve ] solution = [ water [H2O] ]""}",7.2,WD-WISE,Philippines,Over 10 km,South-Eastern Asia,Asia,1983-9-1,"Attribution 3.0 International (CC BY 3.0), https://creativecommons.org/licenses/by/3.0/"
120.316666666667,15.7333333333333,1122538,31869,PH0041,Ag,23,50,0,{7.5},"{""concentration = [ not applied ] ratio = [ 1:2.5 ] sample pretreatment = [ sieved over 2 mm sieve ] solution = [ water [H2O] ]""}",7.5,WD-WISE,Philippines,Over 10 km,South-Eastern Asia,Asia,1983-9-1,"Attribution 3.0 International (CC BY 3.0), https://creativecommons.org/licenses/by/3.0/"
120.316666666667,15.7333333333333,1122538,31870,PH0041,ACg1,50,70,0,{7.6},"{""concentration = [ not applied ] ratio = [ 1:2.5 ] sample pretreatment = [ sieved over 2 mm sieve ] solution = [ water [H2O] ]""}",7.6,WD-WISE,Philippines,Over 10 km,South-Eastern Asia,Asia,1983-9-1,"Attribution 3.0 International (CC BY 3.0), https://creativecommons.org/licenses/by/3.0/"
120.316666666667,15.7333333333333,1122538,31871,PH0041,ACg2,70,93,0,{7.7},"{""concentration = [ not applied ] ratio = [ 1:2.5 ] sample pretreatment = [ sieved over 2 mm sieve ] solution = [ water [H2O] ]""}",7.7,WD-WISE,Philippines,Over 10 km,South-Eastern Asia,Asia,1983-9-1,"Attribution 3.0 International (CC BY 3.0), https://creativecommons.org/licenses/by/3.0/"
120.316666666667,15.7333333333333,1122538,31872,PH0041,C,93,148,0,{8.0},"{""concentration = [ not applied ] ratio = [ 1:2.5 ] sample pretreatment = [ sieved over 2 mm sieve ] solution = [ water [H2O] ]""}",8,WD-WISE,Philippines,Over 10 km,South-Eastern Asia,Asia,1983-9-1,"Attribution 3.0 International (CC BY 3.0), https://creativecommons.org/licenses/by/3.0/"
123.3,13.5666666666667,1122540,31880,PH0044,Ap1,0,10,0,{5.7},"{""concentration = [ not applied ] ratio = [ 1:2.5 ] sample pretreatment = [ sieved over 2 mm sieve ] solution = [ water [H2O] ]""}",5.7,WD-WISE,Philippines,Over 10 km,South-Eastern Asia,Asia,1983-9-1,"Attribution 3.0 International (CC BY 3.0), https://creativecommons.org/licenses/by/3.0/"
123.3,13.5666666666667,1122540,31881,PH0044,Ap2,10,21,0,{5.8},"{""concentration = [ not applied ] ratio = [ 1:2.5 ] sample pretreatment = [ sieved over 2 mm sieve ] solution = [ water [H2O] ]""}",5.8,WD-WISE,Philippines,Over 10 km,South-Eastern Asia,Asia,1983-9-1,"Attribution 3.0 International (CC BY 3.0), https://creativecommons.org/licenses/by/3.0/"
123.3,13.5666666666667,1122540,31882,PH0044,Ag,21,37,0,{6.3},"{""concentration = [ not applied ] ratio = [ 1:2.5 ] sample pretreatment = [ sieved over 2 mm sieve ] solution = [ water [H2O] ]""}",6.3,WD-WISE,Philippines,Over 10 km,South-Eastern Asia,Asia,1983-9-1,"Attribution 3.0 International (CC BY 3.0), https://creativecommons.org/licenses/by/3.0/"
123.3,13.5666666666667,1122540,31883,PH0044,ACg1,37,75,0,{6.8},"{""concentration = [ not applied ] ratio = [ 1:2.5 ] sample pretreatment = [ sieved over 2 mm sieve ] solution = [ water [H2O] ]""}",6.8,WD-WISE,Philippines,Over 10 km,South-Eastern Asia,Asia,1983-9-1,"Attribution 3.0 International (CC BY 3.0), https://creativecommons.org/licenses/by/3.0/"
123.3,13.5666666666667,1122540,31884,PH0044,,75,100,0,{6.9},"{""concentration = [ not applied ] ratio = [ 1:2.5 ] sample pretreatment = [ sieved over 2 mm sieve ] solution = [ water [H2O] ]""}",6.9,WD-WISE,Philippines,Over 10 km,South-Eastern Asia,Asia,1983-9-1,"Attribution 3.0 International (CC BY 3.0), https://creativecommons.org/licenses/by/3.0/"
123.3,13.5666666666667,1122540,31885,PH0044,Cg1,100,130,0,{6.7},"{""concentration = [ not applied ] ratio = [ 1:2.5 ] sample pretreatment = [ sieved over 2 mm sieve ] solution = [ water [H2O] ]""}",6.7,WD-WISE,Philippines,Over 10 km,South-Eastern Asia,Asia,1983-9-1,"Attribution 3.0 International (CC BY 3.0), https://creativecommons.org/licenses/by/3.0/"
121.083333333333,15.7,1122543,31897,PH0047,Ap1,0,10,0,{7.2},"{""concentration = [ not applied ] ratio = [ 1:2.5 ] sample pretreatment = [ sieved over 2 mm sieve ] solution = [ water [H2O] ]""}",7.2,WD-WISE,Philippines,Over 10 km,South-Eastern Asia,Asia,1983-9-1,"Attribution 3.0 International (CC BY 3.0), https://creativecommons.org/licenses/by/3.0/"
121.083333333333,15.7,1122543,31898,PH0047,Ap2,10,29,0,{7.2},"{""concentration = [ not applied ] ratio = [ 1:2.5 ] sample pretreatment = [ sieved over 2 mm sieve ] solution = [ water [H2O] ]""}",7.2,WD-WISE,Philippines,Over 10 km,South-Eastern Asia,Asia,1983-9-1,"Attribution 3.0 International (CC BY 3.0), https://creativecommons.org/licenses/by/3.0/"
121.083333333333,15.7,1122543,31899,PH0047,ACg,29,51,0,{6.7},"{""concentration = [ not applied ] ratio = [ 1:2.5 ] sample pretreatment = [ sieved over 2 mm sieve ] solution = [ water [H2O] ]""}",6.7,WD-WISE,Philippines,Over 10 km,South-Eastern Asia,Asia,1983-9-1,"Attribution 3.0 International (CC BY 3.0), https://creativecommons.org/licenses/by/3.0/"
121.083333333333,15.7,1122543,31900,PH0047,Cgc,51,82,0,{7.1},"{""concentration = [ not applied ] ratio = [ 1:2.5 ] sample pretreatment = [ sieved over 2 mm sieve ] solution = [ water [H2O] ]""}",7.1,WD-WISE,Philippines,Over 10 km,South-Eastern Asia,Asia,1983-9-1,"Attribution 3.0 International (CC BY 3.0), https://creativecommons.org/licenses/by/3.0/"
121.083333333333,15.7,1122543,31901,PH0047,A/Cgb,82,122,0,{7.8},"{""concentration = [ not applied ] ratio = [ 1:2.5 ] sample pretreatment = [ sieved over 2 mm sieve ] solution = [ water [H2O] ]""}",7.8,WD-WISE,Philippines,Over 10 km,South-Eastern Asia,Asia,1983-9-1,"Attribution 3.0 International (CC BY 3.0), https://creativecommons.org/licenses/by/3.0/"
122.966666666667,10.6166666666667,1122544,31902,PH0048,Ap11,0,10,0,{6.2},"{""concentration = [ not applied ] ratio = [ 1:2.5 ] sample pretreatment = [ sieved over 2 mm sieve ] solution = [ water [H2O] ]""}",6.2,WD-WISE,Philippines,Over 10 km,South-Eastern Asia,Asia,1984-5-1,"Attribution 3.0 International (CC BY 3.0), https://creativecommons.org/licenses/by/3.0/"
122.966666666667,10.6166666666667,1122544,31903,PH0048,Ap12,10,23,0,{6.1},"{""concentration = [ not applied ] ratio = [ 1:2.5 ] sample pretreatment = [ sieved over 2 mm sieve ] solution = [ water [H2O] ]""}",6.1,WD-WISE,Philippines,Over 10 km,South-Eastern Asia,Asia,1984-5-1,"Attribution 3.0 International (CC BY 3.0), https://creativecommons.org/licenses/by/3.0/"
122.966666666667,10.6166666666667,1122544,31904,PH0048,Ap2,23,33,0,{6.3},"{""concentration = [ not applied ] ratio = [ 1:2.5 ] sample pretreatment = [ sieved over 2 mm sieve ] solution = [ water [H2O] ]""}",6.3,WD-WISE,Philippines,Over 10 km,South-Eastern Asia,Asia,1984-5-1,"Attribution 3.0 International (CC BY 3.0), https://creativecommons.org/licenses/by/3.0/"
122.966666666667,10.6166666666667,1122544,31905,PH0048,B11,33,70,0,{6.3},"{""concentration = [ not applied ] ratio = [ 1:2.5 ] sample pretreatment = [ sieved over 2 mm sieve ] solution = [ water [H2O] ]""}",6.3,WD-WISE,Philippines,Over 10 km,South-Eastern Asia,Asia,1984-5-1,"Attribution 3.0 International (CC BY 3.0), https://creativecommons.org/licenses/by/3.0/"
122.966666666667,10.6166666666667,1122544,31906,PH0048,B2,70,83,0,{6.7},"{""concentration = [ not applied ] ratio = [ 1:2.5 ] sample pretreatment = [ sieved over 2 mm sieve ] solution = [ water [H2O] ]""}",6.7,WD-WISE,Philippines,Over 10 km,South-Eastern Asia,Asia,1984-5-1,"Attribution 3.0 International (CC BY 3.0), https://creativecommons.org/licenses/by/3.0/"
122.95,10.6333333333333,1122545,31907,PH0049,Ap,0,20,0,{4.4},"{""concentration = [ not applied ] ratio = [ 1:2.5 ] sample pretreatment = [ sieved over 2 mm sieve ] solution = [ water [H2O] ]""}",4.4,WD-WISE,Philippines,Over 10 km,South-Eastern Asia,Asia,1984-5-1,"Attribution 3.0 International (CC BY 3.0), https://creativecommons.org/licenses/by/3.0/"
122.95,10.6333333333333,1122545,31908,PH0049,Ap2,20,28,0,{4.1},"{""concentration = [ not applied ] ratio = [ 1:2.5 ] sample pretreatment = [ sieved over 2 mm sieve ] solution = [ water [H2O] ]""}",4.1,WD-WISE,Philippines,Over 10 km,South-Eastern Asia,Asia,1984-5-1,"Attribution 3.0 International (CC BY 3.0), https://creativecommons.org/licenses/by/3.0/"
122.95,10.6333333333333,1122545,31909,PH0049,B11,28,48,0,{4.5},"{""concentration = [ not applied ] ratio = [ 1:2.5 ] sample pretreatment = [ sieved over 2 mm sieve ] solution = [ water [H2O] ]""}",4.5,WD-WISE,Philippines,Over 10 km,South-Eastern Asia,Asia,1984-5-1,"Attribution 3.0 International (CC BY 3.0), https://creativecommons.org/licenses/by/3.0/"
122.95,10.6333333333333,1122545,31910,PH0049,B12,48,78,0,{5.4},"{""concentration = [ not applied ] ratio = [ 1:2.5 ] sample pretreatment = [ sieved over 2 mm sieve ] solution = [ water [H2O] ]""}",5.4,WD-WISE,Philippines,Over 10 km,South-Eastern Asia,Asia,1984-5-1,"Attribution 3.0 International (CC BY 3.0), https://creativecommons.org/licenses/by/3.0/"
120.233333333333,15.0,1122546,31911,PH0051,A11,0,11,0,{6.2},"{""concentration = [ not applied ] ratio = [ 1:2.5 ] sample pretreatment = [ sieved over 2 mm sieve ] solution = [ water [H2O] ]""}",6.2,WD-WISE,Philippines,Over 10 km,South-Eastern Asia,Asia,1984-??-??,"Attribution 3.0 International (CC BY 3.0), https://creativecommons.org/licenses/by/3.0/"
120.233333333333,15.0,1122546,31912,PH0051,A12,11,23,0,{6.6},"{""concentration = [ not applied ] ratio = [ 1:2.5 ] sample pretreatment = [ sieved over 2 mm sieve ] solution = [ water [H2O] ]""}",6.6,WD-WISE,Philippines,Over 10 km,South-Eastern Asia,Asia,1984-??-??,"Attribution 3.0 International (CC BY 3.0), https://creativecommons.org/licenses/by/3.0/"
120.233333333333,15.0,1122546,31913,PH0051,IIA,23,36,0,{6.6},"{""concentration = [ not applied ] ratio = [ 1:2.5 ] sample pretreatment = [ sieved over 2 mm sieve ] solution = [ water [H2O] ]""}",6.6,WD-WISE,Philippines,Over 10 km,South-Eastern Asia,Asia,1984-??-??,"Attribution 3.0 International (CC BY 3.0), https://creativecommons.org/licenses/by/3.0/"
120.233333333333,15.0,1122546,31914,PH0051,IIIAC,36,60,0,{6.6},"{""concentration = [ not applied ] ratio = [ 1:2.5 ] sample pretreatment = [ sieved over 2 mm sieve ] solution = [ water [H2O] ]""}",6.6,WD-WISE,Philippines,Over 10 km,South-Eastern Asia,Asia,1984-??-??,"Attribution 3.0 International (CC BY 3.0), https://creativecommons.org/licenses/by/3.0/"
120.233333333333,15.0,1122546,31915,PH0051,IVC1,60,75,0,{6.8},"{""concentration = [ not applied ] ratio = [ 1:2.5 ] sample pretreatment = [ sieved over 2 mm sieve ] solution = [ water [H2O] ]""}",6.8,WD-WISE,Philippines,Over 10 km,South-Eastern Asia,Asia,1984-??-??,"Attribution 3.0 International (CC BY 3.0), https://creativecommons.org/licenses/by/3.0/"
120.233333333333,15.0,1122546,31916,PH0051,IVC2,75,85,0,{6.8},"{""concentration = [ not applied ] ratio = [ 1:2.5 ] sample pretreatment = [ sieved over 2 mm sieve ] solution = [ water [H2O] ]""}",6.8,WD-WISE,Philippines,Over 10 km,South-Eastern Asia,Asia,1984-??-??,"Attribution 3.0 International (CC BY 3.0), https://creativecommons.org/licenses/by/3.0/"
120.216666666667,15.0,1122547,31917,PH0053,Ap,0,18,0,{6.4},"{""concentration = [ not applied ] ratio = [ 1:2.5 ] sample pretreatment = [ sieved over 2 mm sieve ] solution = [ water [H2O] ]""}",6.4,WD-WISE,Philippines,Over 10 km,South-Eastern Asia,Asia,1984-??-??,"Attribution 3.0 International (CC BY 3.0), https://creativecommons.org/licenses/by/3.0/"
120.216666666667,15.0,1122547,31918,PH0053,IIA1,18,35,0,{6.0},"{""concentration = [ not applied ] ratio = [ 1:2.5 ] sample pretreatment = [ sieved over 2 mm sieve ] solution = [ water [H2O] ]""}",6,WD-WISE,Philippines,Over 10 km,South-Eastern Asia,Asia,1984-??-??,"Attribution 3.0 International (CC BY 3.0), https://creativecommons.org/licenses/by/3.0/"
120.216666666667,15.0,1122547,31919,PH0053,IIA3,35,45,0,{5.9},"{""concentration = [ not applied ] ratio = [ 1:2.5 ] sample pretreatment = [ sieved over 2 mm sieve ] solution = [ water [H2O] ]""}",5.9,WD-WISE,Philippines,Over 10 km,South-Eastern Asia,Asia,1984-??-??,"Attribution 3.0 International (CC BY 3.0), https://creativecommons.org/licenses/by/3.0/"
120.216666666667,15.0,1122547,31920,PH0053,IIB,45,55,0,{6.1},"{""concentration = [ not applied ] ratio = [ 1:2.5 ] sample pretreatment = [ sieved over 2 mm sieve ] solution = [ water [H2O] ]""}",6.1,WD-WISE,Philippines,Over 10 km,South-Eastern Asia,Asia,1984-??-??,"Attribution 3.0 International (CC BY 3.0), https://creativecommons.org/licenses/by/3.0/"
120.216666666667,15.0,1122547,31921,PH0053,IIC1,55,68,0,{6.2},"{""concentration = [ not applied ] ratio = [ 1:2.5 ] sample pretreatment = [ sieved over 2 mm sieve ] solution = [ water [H2O] ]""}",6.2,WD-WISE,Philippines,Over 10 km,South-Eastern Asia,Asia,1984-??-??,"Attribution 3.0 International (CC BY 3.0), https://creativecommons.org/licenses/by/3.0/"
120.216666666667,15.0,1122547,31922,PH0053,IIC2+3,68,115,0,{5.6},"{""concentration = [ not applied ] ratio = [ 1:2.5 ] sample pretreatment = [ sieved over 2 mm sieve ] solution = [ water [H2O] ]""}",5.6,WD-WISE,Philippines,Over 10 km,South-Eastern Asia,Asia,1984-??-??,"Attribution 3.0 International (CC BY 3.0), https://creativecommons.org/licenses/by/3.0/"
122.95,10.6333333333333,1122548,31923,PH0054,Ap1,0,19,0,{5.6},"{""concentration = [ not applied ] ratio = [ 1:2.5 ] sample pretreatment = [ sieved over 2 mm sieve ] solution = [ water [H2O] ]""}",5.6,WD-WISE,Philippines,Over 10 km,South-Eastern Asia,Asia,1984-5-1,"Attribution 3.0 International (CC BY 3.0), https://creativecommons.org/licenses/by/3.0/"
122.95,10.6333333333333,1122548,31924,PH0054,Ap2,19,37,0,{5.3},"{""concentration = [ not applied ] ratio = [ 1:2.5 ] sample pretreatment = [ sieved over 2 mm sieve ] solution = [ water [H2O] ]""}",5.3,WD-WISE,Philippines,Over 10 km,South-Eastern Asia,Asia,1984-5-1,"Attribution 3.0 International (CC BY 3.0), https://creativecommons.org/licenses/by/3.0/"
122.95,10.6333333333333,1122548,31925,PH0054,B1,37,50,0,{4.8},"{""concentration = [ not applied ] ratio = [ 1:2.5 ] sample pretreatment = [ sieved over 2 mm sieve ] solution = [ water [H2O] ]""}",4.8,WD-WISE,Philippines,Over 10 km,South-Eastern Asia,Asia,1984-5-1,"Attribution 3.0 International (CC BY 3.0), https://creativecommons.org/licenses/by/3.0/"
122.95,10.6333333333333,1122548,31926,PH0054,B2,50,75,0,{4.9},"{""concentration = [ not applied ] ratio = [ 1:2.5 ] sample pretreatment = [ sieved over 2 mm sieve ] solution = [ water [H2O] ]""}",4.9,WD-WISE,Philippines,Over 10 km,South-Eastern Asia,Asia,1984-5-1,"Attribution 3.0 International (CC BY 3.0), https://creativecommons.org/licenses/by/3.0/"
125.0,11.4833336,1122549,31927,PH0061,Ap,0,10,0,{5.3},"{""concentration = [ not applied ] ratio = [ 1:2.5 ] sample pretreatment = [ sieved over 2 mm sieve ] solution = [ water [H2O] ]""}",5.3,WD-WISE,Philippines,Over 10 km,South-Eastern Asia,Asia,1985-??-??,"Attribution 3.0 International (CC BY 3.0), https://creativecommons.org/licenses/by/3.0/"
125.0,11.4833336,1122549,31928,PH0061,B,10,28,0,{5.6},"{""concentration = [ not applied ] ratio = [ 1:2.5 ] sample pretreatment = [ sieved over 2 mm sieve ] solution = [ water [H2O] ]""}",5.6,WD-WISE,Philippines,Over 10 km,South-Eastern Asia,Asia,1985-??-??,"Attribution 3.0 International (CC BY 3.0), https://creativecommons.org/licenses/by/3.0/"
125.0,11.4833336,1122549,31929,PH0061,,28,48,0,{5.8},"{""concentration = [ not applied ] ratio = [ 1:2.5 ] sample pretreatment = [ sieved over 2 mm sieve ] solution = [ water [H2O] ]""}",5.8,WD-WISE,Philippines,Over 10 km,South-Eastern Asia,Asia,1985-??-??,"Attribution 3.0 International (CC BY 3.0), https://creativecommons.org/licenses/by/3.0/"
125.0,11.4833336,1122549,31930,PH0061,C,48,67,0,{6.4},"{""concentration = [ not applied ] ratio = [ 1:2.5 ] sample pretreatment = [ sieved over 2 mm sieve ] solution = [ water [H2O] ]""}",6.4,WD-WISE,Philippines,Over 10 km,South-Eastern Asia,Asia,1985-??-??,"Attribution 3.0 International (CC BY 3.0), https://creativecommons.org/licenses/by/3.0/"
125.0,11.4833336,1122549,31931,PH0061,Cr,67,110,0,{7.1},"{""concentration = [ not applied ] ratio = [ 1:2.5 ] sample pretreatment = [ sieved over 2 mm sieve ] solution = [ water [H2O] ]""}",7.1,WD-WISE,Philippines,Over 10 km,South-Eastern Asia,Asia,1985-??-??,"Attribution 3.0 International (CC BY 3.0), https://creativecommons.org/licenses/by/3.0/"
124.75,10.3833331999999,1122550,31932,PH0062,Ap1,0,7,0,{6.3},"{""concentration = [ not applied ] ratio = [ 1:2.5 ] sample pretreatment = [ sieved over 2 mm sieve ] solution = [ water [H2O] ]""}",6.3,WD-WISE,Philippines,Over 10 km,South-Eastern Asia,Asia,1985-??-??,"Attribution 3.0 International (CC BY 3.0), https://creativecommons.org/licenses/by/3.0/"
124.75,10.3833331999999,1122550,31933,PH0062,Ap2,7,18,0,{6.8},"{""concentration = [ not applied ] ratio = [ 1:2.5 ] sample pretreatment = [ sieved over 2 mm sieve ] solution = [ water [H2O] ]""}",6.8,WD-WISE,Philippines,Over 10 km,South-Eastern Asia,Asia,1985-??-??,"Attribution 3.0 International (CC BY 3.0), https://creativecommons.org/licenses/by/3.0/"
124.75,10.3833331999999,1122550,31934,PH0062,Bw1,18,33,0,{7.0},"{""concentration = [ not applied ] ratio = [ 1:2.5 ] sample pretreatment = [ sieved over 2 mm sieve ] solution = [ water [H2O] ]""}",7,WD-WISE,Philippines,Over 10 km,South-Eastern Asia,Asia,1985-??-??,"Attribution 3.0 International (CC BY 3.0), https://creativecommons.org/licenses/by/3.0/"
124.75,10.3833331999999,1122550,31935,PH0062,Bw2,33,56,0,{7.2},"{""concentration = [ not applied ] ratio = [ 1:2.5 ] sample pretreatment = [ sieved over 2 mm sieve ] solution = [ water [H2O] ]""}",7.2,WD-WISE,Philippines,Over 10 km,South-Eastern Asia,Asia,1985-??-??,"Attribution 3.0 International (CC BY 3.0), https://creativecommons.org/licenses/by/3.0/"
124.75,10.3833331999999,1122550,31936,PH0062,Bt1,56,88,0,{7.2},"{""concentration = [ not applied ] ratio = [ 1:2.5 ] sample pretreatment = [ sieved over 2 mm sieve ] solution = [ water [H2O] ]""}",7.2,WD-WISE,Philippines,Over 10 km,South-Eastern Asia,Asia,1985-??-??,"Attribution 3.0 International (CC BY 3.0), https://creativecommons.org/licenses/by/3.0/"
124.75,10.3833331999999,1122550,31937,PH0062,Bt2,88,108,0,{7.3},"{""concentration = [ not applied ] ratio = [ 1:2.5 ] sample pretreatment = [ sieved over 2 mm sieve ] solution = [ water [H2O] ]""}",7.3,WD-WISE,Philippines,Over 10 km,South-Eastern Asia,Asia,1985-??-??,"Attribution 3.0 International (CC BY 3.0), https://creativecommons.org/licenses/by/3.0/"
124.7750015,10.9833336,1122551,31938,PH0065,A1,0,12,0,{5.0},"{""concentration = [ not applied ] ratio = [ 1:2.5 ] sample pretreatment = [ sieved over 2 mm sieve ] solution = [ water [H2O] ]""}",5,WD-WISE,Philippines,Over 10 km,South-Eastern Asia,Asia,1985-??-??,"Attribution 3.0 International (CC BY 3.0), https://creativecommons.org/licenses/by/3.0/"
124.7750015,10.9833336,1122551,31939,PH0065,,12,32,0,{4.8},"{""concentration = [ not applied ] ratio = [ 1:2.5 ] sample pretreatment = [ sieved over 2 mm sieve ] solution = [ water [H2O] ]""}",4.8,WD-WISE,Philippines,Over 10 km,South-Eastern Asia,Asia,1985-??-??,"Attribution 3.0 International (CC BY 3.0), https://creativecommons.org/licenses/by/3.0/"
124.7750015,10.9833336,1122551,31940,PH0065,Bw1,32,53,0,{5.2},"{""concentration = [ not applied ] ratio = [ 1:2.5 ] sample pretreatment = [ sieved over 2 mm sieve ] solution = [ water [H2O] ]""}",5.2,WD-WISE,Philippines,Over 10 km,South-Eastern Asia,Asia,1985-??-??,"Attribution 3.0 International (CC BY 3.0), https://creativecommons.org/licenses/by/3.0/"
124.7750015,10.9833336,1122551,31941,PH0065,Bw2,53,91,0,{5.2},"{""concentration = [ not applied ] ratio = [ 1:2.5 ] sample pretreatment = [ sieved over 2 mm sieve ] solution = [ water [H2O] ]""}",5.2,WD-WISE,Philippines,Over 10 km,South-Eastern Asia,Asia,1985-??-??,"Attribution 3.0 International (CC BY 3.0), https://creativecommons.org/licenses/by/3.0/"
124.7750015,10.9833336,1122551,31942,PH0065,Bw3,91,118,0,{5.2},"{""concentration = [ not applied ] ratio = [ 1:2.5 ] sample pretreatment = [ sieved over 2 mm sieve ] solution = [ water [H2O] ]""}",5.2,WD-WISE,Philippines,Over 10 km,South-Eastern Asia,Asia,1985-??-??,"Attribution 3.0 International (CC BY 3.0), https://creativecommons.org/licenses/by/3.0/"
124.7750015,10.9833336,1122551,31943,PH0065,Cr,118,136,0,{5.3},"{""concentration = [ not applied ] ratio = [ 1:2.5 ] sample pretreatment = [ sieved over 2 mm sieve ] solution = [ water [H2O] ]""}",5.3,WD-WISE,Philippines,Over 10 km,South-Eastern Asia,Asia,1985-??-??,"Attribution 3.0 International (CC BY 3.0), https://creativecommons.org/licenses/by/3.0/"
123.994445799999,10.4333334,1122552,31944,PH0067,Ap,0,16,0,{7.9},"{""concentration = [ not applied ] ratio = [ 1:2.5 ] sample pretreatment = [ sieved over 2 mm sieve ] solution = [ water [H2O] ]""}",7.9,WD-WISE,Philippines,Over 10 km,South-Eastern Asia,Asia,1985-??-??,"Attribution 3.0 International (CC BY 3.0), https://creativecommons.org/licenses/by/3.0/"
123.994445799999,10.4333334,1122552,31945,PH0067,Bw1,16,34,0,{8.0},"{""concentration = [ not applied ] ratio = [ 1:2.5 ] sample pretreatment = [ sieved over 2 mm sieve ] solution = [ water [H2O] ]""}",8,WD-WISE,Philippines,Over 10 km,South-Eastern Asia,Asia,1985-??-??,"Attribution 3.0 International (CC BY 3.0), https://creativecommons.org/licenses/by/3.0/"
123.994445799999,10.4333334,1122552,31946,PH0067,Bw2,34,42,0,{7.9},"{""concentration = [ not applied ] ratio = [ 1:2.5 ] sample pretreatment = [ sieved over 2 mm sieve ] solution = [ water [H2O] ]""}",7.9,WD-WISE,Philippines,Over 10 km,South-Eastern Asia,Asia,1985-??-??,"Attribution 3.0 International (CC BY 3.0), https://creativecommons.org/licenses/by/3.0/"
123.994445799999,10.4333334,1122552,31947,PH0067,Bw3,42,66,0,{7.9},"{""concentration = [ not applied ] ratio = [ 1:2.5 ] sample pretreatment = [ sieved over 2 mm sieve ] solution = [ water [H2O] ]""}",7.9,WD-WISE,Philippines,Over 10 km,South-Eastern Asia,Asia,1985-??-??,"Attribution 3.0 International (CC BY 3.0), https://creativecommons.org/licenses/by/3.0/"
123.994445799999,10.4333334,1122552,31948,PH0067,B1,66,97,0,{7.6},"{""concentration = [ not applied ] ratio = [ 1:2.5 ] sample pretreatment = [ sieved over 2 mm sieve ] solution = [ water [H2O] ]""}",7.6,WD-WISE,Philippines,Over 10 km,South-Eastern Asia,Asia,1985-??-??,"Attribution 3.0 International (CC BY 3.0), https://creativecommons.org/licenses/by/3.0/"
123.994445799999,10.4333334,1122552,31949,PH0067,B2,97,150,0,{7.6},"{""concentration = [ not applied ] ratio = [ 1:2.5 ] sample pretreatment = [ sieved over 2 mm sieve ] solution = [ water [H2O] ]""}",7.6,WD-WISE,Philippines,Over 10 km,South-Eastern Asia,Asia,1985-??-??,"Attribution 3.0 International (CC BY 3.0), https://creativecommons.org/licenses/by/3.0/"
125.0513916,11.333333,1122553,31950,PH0068,A,0,7,0,{4.2},"{""concentration = [ not applied ] ratio = [ 1:2.5 ] sample pretreatment = [ sieved over 2 mm sieve ] solution = [ water [H2O] ]""}",4.2,WD-WISE,Philippines,Over 10 km,South-Eastern Asia,Asia,1985-??-??,"Attribution 3.0 International (CC BY 3.0), https://creativecommons.org/licenses/by/3.0/"
125.0513916,11.333333,1122553,31951,PH0068,Oa1,7,26,0,{4.8},"{""concentration = [ not applied ] ratio = [ 1:2.5 ] sample pretreatment = [ sieved over 2 mm sieve ] solution = [ water [H2O] ]""}",4.8,WD-WISE,Philippines,Over 10 km,South-Eastern Asia,Asia,1985-??-??,"Attribution 3.0 International (CC BY 3.0), https://creativecommons.org/licenses/by/3.0/"
125.0513916,11.333333,1122553,31952,PH0068,Oe,26,38,0,{4.7},"{""concentration = [ not applied ] ratio = [ 1:2.5 ] sample pretreatment = [ sieved over 2 mm sieve ] solution = [ water [H2O] ]""}",4.7,WD-WISE,Philippines,Over 10 km,South-Eastern Asia,Asia,1985-??-??,"Attribution 3.0 International (CC BY 3.0), https://creativecommons.org/licenses/by/3.0/"
125.0513916,11.333333,1122553,31953,PH0068,Oa1,38,56,0,{4.4},"{""concentration = [ not applied ] ratio = [ 1:2.5 ] sample pretreatment = [ sieved over 2 mm sieve ] solution = [ water [H2O] ]""}",4.4,WD-WISE,Philippines,Over 10 km,South-Eastern Asia,Asia,1985-??-??,"Attribution 3.0 International (CC BY 3.0), https://creativecommons.org/licenses/by/3.0/"
125.0513916,11.333333,1122553,31954,PH0068,Oe1,56,90,0,{5.0},"{""concentration = [ not applied ] ratio = [ 1:2.5 ] sample pretreatment = [ sieved over 2 mm sieve ] solution = [ water [H2O] ]""}",5,WD-WISE,Philippines,Over 10 km,South-Eastern Asia,Asia,1985-??-??,"Attribution 3.0 International (CC BY 3.0), https://creativecommons.org/licenses/by/3.0/"
125.0513916,11.333333,1122553,31955,PH0068,,90,112,0,{5.0},"{""concentration = [ not applied ] ratio = [ 1:2.5 ] sample pretreatment = [ sieved over 2 mm sieve ] solution = [ water [H2O] ]""}",5,WD-WISE,Philippines,Over 10 km,South-Eastern Asia,Asia,1985-??-??,"Attribution 3.0 International (CC BY 3.0), https://creativecommons.org/licenses/by/3.0/"
125.0513916,11.333333,1122553,31956,PH0068,Oe1,112,131,0,{6.3},"{""concentration = [ not applied ] ratio = [ 1:2.5 ] sample pretreatment = [ sieved over 2 mm sieve ] solution = [ water [H2O] ]""}",6.3,WD-WISE,Philippines,Over 10 km,South-Eastern Asia,Asia,1985-??-??,"Attribution 3.0 International (CC BY 3.0), https://creativecommons.org/licenses/by/3.0/"
123.020835899999,10.7666664,1122554,31957,PH0069,Ap,0,20,0,{5.5},"{""concentration = [ not applied ] ratio = [ 1:2.5 ] sample pretreatment = [ sieved over 2 mm sieve ] solution = [ water [H2O] ]""}",5.5,WD-WISE,Philippines,Over 10 km,South-Eastern Asia,Asia,1985-??-??,"Attribution 3.0 International (CC BY 3.0), https://creativecommons.org/licenses/by/3.0/"
123.020835899999,10.7666664,1122554,31958,PH0069,Bw1,20,38,0,{4.8},"{""concentration = [ not applied ] ratio = [ 1:2.5 ] sample pretreatment = [ sieved over 2 mm sieve ] solution = [ water [H2O] ]""}",4.8,WD-WISE,Philippines,Over 10 km,South-Eastern Asia,Asia,1985-??-??,"Attribution 3.0 International (CC BY 3.0), https://creativecommons.org/licenses/by/3.0/"
123.020835899999,10.7666664,1122554,31959,PH0069,Bw2,38,58,0,{5.7},"{""concentration = [ not applied ] ratio = [ 1:2.5 ] sample pretreatment = [ sieved over 2 mm sieve ] solution = [ water [H2O] ]""}",5.7,WD-WISE,Philippines,Over 10 km,South-Eastern Asia,Asia,1985-??-??,"Attribution 3.0 International (CC BY 3.0), https://creativecommons.org/licenses/by/3.0/"
123.020835899999,10.7666664,1122554,31960,PH0069,Bg,58,89,0,{6.3},"{""concentration = [ not applied ] ratio = [ 1:2.5 ] sample pretreatment = [ sieved over 2 mm sieve ] solution = [ water [H2O] ]""}",6.3,WD-WISE,Philippines,Over 10 km,South-Eastern Asia,Asia,1985-??-??,"Attribution 3.0 International (CC BY 3.0), https://creativecommons.org/licenses/by/3.0/"
123.020835899999,10.7666664,1122554,31961,PH0069,Cg,89,150,0,{6.6},"{""concentration = [ not applied ] ratio = [ 1:2.5 ] sample pretreatment = [ sieved over 2 mm sieve ] solution = [ water [H2O] ]""}",6.6,WD-WISE,Philippines,Over 10 km,South-Eastern Asia,Asia,1985-??-??,"Attribution 3.0 International (CC BY 3.0), https://creativecommons.org/licenses/by/3.0/"
122.983333333333,10.6333333333333,1122862,33531,PH0052,A1,0,15,0,{5.7},"{""concentration = [ not applied ] ratio = [ 1:2.5 ] sample pretreatment = [ sieved over 2 mm sieve ] solution = [ water [H2O] ]""}",5.7,WD-WISE,Philippines,Over 10 km,South-Eastern Asia,Asia,1984-5-1,"Attribution 3.0 International (CC BY 3.0), https://creativecommons.org/licenses/by/3.0/"
122.983333333333,10.6333333333333,1122862,33532,PH0052,IIA,15,20,0,{5.6},"{""concentration = [ not applied ] ratio = [ 1:2.5 ] sample pretreatment = [ sieved over 2 mm sieve ] solution = [ water [H2O] ]""}",5.6,WD-WISE,Philippines,Over 10 km,South-Eastern Asia,Asia,1984-5-1,"Attribution 3.0 International (CC BY 3.0), https://creativecommons.org/licenses/by/3.0/"
122.983333333333,10.6333333333333,1122862,33533,PH0052,IIB,20,50,0,{5.8},"{""concentration = [ not applied ] ratio = [ 1:2.5 ] sample pretreatment = [ sieved over 2 mm sieve ] solution = [ water [H2O] ]""}",5.8,WD-WISE,Philippines,Over 10 km,South-Eastern Asia,Asia,1984-5-1,"Attribution 3.0 International (CC BY 3.0), https://creativecommons.org/licenses/by/3.0/"
122.983333333333,10.6333333333333,1122862,33534,PH0052,IVC,50,60,0,{6.3},"{""concentration = [ not applied ] ratio = [ 1:2.5 ] sample pretreatment = [ sieved over 2 mm sieve ] solution = [ water [H2O] ]""}",6.3,WD-WISE,Philippines,Over 10 km,South-Eastern Asia,Asia,1984-5-1,"Attribution 3.0 International (CC BY 3.0), https://creativecommons.org/licenses/by/3.0/"
122.983333333333,10.6333333333333,1122862,33535,PH0052,VC1,60,100,0,{6.1},"{""concentration = [ not applied ] ratio = [ 1:2.5 ] sample pretreatment = [ sieved over 2 mm sieve ] solution = [ water [H2O] ]""}",6.1,WD-WISE,Philippines,Over 10 km,South-Eastern Asia,Asia,1984-5-1,"Attribution 3.0 International (CC BY 3.0), https://creativecommons.org/licenses/by/3.0/"
122.983333333333,10.6333333333333,1122862,33536,PH0052,VC2,100,115,0,{6.0},"{""concentration = [ not applied ] ratio = [ 1:2.5 ] sample pretreatment = [ sieved over 2 mm sieve ] solution = [ water [H2O] ]""}",6,WD-WISE,Philippines,Over 10 km,South-Eastern Asia,Asia,1984-5-1,"Attribution 3.0 International (CC BY 3.0), https://creativecommons.org/licenses/by/3.0/"
120.216666666667,15.0,1122841,33419,PH0050,A12,10,34,0,{6.0},"{""concentration = [ not applied ] ratio = [ 1:2.5 ] sample pretreatment = [ sieved over 2 mm sieve ] solution = [ water [H2O] ]""}",6,WD-WISE,Philippines,Over 10 km,South-Eastern Asia,Asia,1984-??-??,"Attribution 3.0 International (CC BY 3.0), https://creativecommons.org/licenses/by/3.0/"
120.216666666667,15.0,1122841,33420,PH0050,,34,90,0,{6.2},"{""concentration = [ not applied ] ratio = [ 1:2.5 ] sample pretreatment = [ sieved over 2 mm sieve ] solution = [ water [H2O] ]""}",6.2,WD-WISE,Philippines,Over 10 km,South-Eastern Asia,Asia,1984-??-??,"Attribution 3.0 International (CC BY 3.0), https://creativecommons.org/licenses/by/3.0/"
120.936944444444,15.2497222222222,1124612,42707,PH0011,,0,13,0,{5.8},"{""concentration = [ not applied ] ratio = [ 1:2.5 ] sample pretreatment = [ sieved over 2 mm sieve ] solution = [ water [H2O] ]""}",5.8,WD-WISE,Philippines,1 km - 10 km,South-Eastern Asia,Asia,1982-4-1,"Attribution 3.0 International (CC BY 3.0), https://creativecommons.org/licenses/by/3.0/"
121.133331299999,15.9611111,1123791,38315,PH0073,A,0,14,0,{5.3},"{""concentration = [ not applied ] ratio = [ 1:2.5 ] sample pretreatment = [ sieved over 2 mm sieve ] solution = [ water [H2O] ]""}",5.3,WD-WISE,Philippines,1 km - 10 km,South-Eastern Asia,Asia,1987-5-1,"Attribution 3.0 International (CC BY 3.0), https://creativecommons.org/licenses/by/3.0/"
121.133331299999,15.9611111,1123791,38316,PH0073,BA,14,30,0,{5.5},"{""concentration = [ not applied ] ratio = [ 1:2.5 ] sample pretreatment = [ sieved over 2 mm sieve ] solution = [ water [H2O] ]""}",5.5,WD-WISE,Philippines,1 km - 10 km,South-Eastern Asia,Asia,1987-5-1,"Attribution 3.0 International (CC BY 3.0), https://creativecommons.org/licenses/by/3.0/"
121.133331299999,15.9611111,1123791,38317,PH0073,Bw,30,70,0,{5.6},"{""concentration = [ not applied ] ratio = [ 1:2.5 ] sample pretreatment = [ sieved over 2 mm sieve ] solution = [ water [H2O] ]""}",5.6,WD-WISE,Philippines,1 km - 10 km,South-Eastern Asia,Asia,1987-5-1,"Attribution 3.0 International (CC BY 3.0), https://creativecommons.org/licenses/by/3.0/"
121.133331299999,15.9611111,1123791,38318,PH0073,Bt,70,90,0,{5.8},"{""concentration = [ not applied ] ratio = [ 1:2.5 ] sample pretreatment = [ sieved over 2 mm sieve ] solution = [ water [H2O] ]""}",5.8,WD-WISE,Philippines,1 km - 10 km,South-Eastern Asia,Asia,1987-5-1,"Attribution 3.0 International (CC BY 3.0), https://creativecommons.org/licenses/by/3.0/"
121.133331299999,15.9611111,1123791,38319,PH0073,,90,107,0,{5.9},"{""concentration = [ not applied ] ratio = [ 1:2.5 ] sample pretreatment = [ sieved over 2 mm sieve ] solution = [ water [H2O] ]""}",5.9,WD-WISE,Philippines,1 km - 10 km,South-Eastern Asia,Asia,1987-5-1,"Attribution 3.0 International (CC BY 3.0), https://creativecommons.org/licenses/by/3.0/"
121.133331299999,15.9611111,1123791,38320,PH0073,Cg,107,137,0,{6.1},"{""concentration = [ not applied ] ratio = [ 1:2.5 ] sample pretreatment = [ sieved over 2 mm sieve ] solution = [ water [H2O] ]""}",6.1,WD-WISE,Philippines,1 km - 10 km,South-Eastern Asia,Asia,1987-5-1,"Attribution 3.0 International (CC BY 3.0), https://creativecommons.org/licenses/by/3.0/"
121.133331299999,15.9611111,1123791,38321,PH0073,C2,137,190,0,{6.4},"{""concentration = [ not applied ] ratio = [ 1:2.5 ] sample pretreatment = [ sieved over 2 mm sieve ] solution = [ water [H2O] ]""}",6.4,WD-WISE,Philippines,1 km - 10 km,South-Eastern Asia,Asia,1987-5-1,"Attribution 3.0 International (CC BY 3.0), https://creativecommons.org/licenses/by/3.0/"
120.936944444444,15.2497222222222,1124612,42708,PH0011,,13,24,0,{6.8},"{""concentration = [ not applied ] ratio = [ 1:2.5 ] sample pretreatment = [ sieved over 2 mm sieve ] solution = [ water [H2O] ]""}",6.8,WD-WISE,Philippines,1 km - 10 km,South-Eastern Asia,Asia,1982-4-1,"Attribution 3.0 International (CC BY 3.0), https://creativecommons.org/licenses/by/3.0/"
120.936944444444,15.2497222222222,1124612,42709,PH0011,,24,60,0,{7.0},"{""concentration = [ not applied ] ratio = [ 1:2.5 ] sample pretreatment = [ sieved over 2 mm sieve ] solution = [ water [H2O] ]""}",7,WD-WISE,Philippines,1 km - 10 km,South-Eastern Asia,Asia,1982-4-1,"Attribution 3.0 International (CC BY 3.0), https://creativecommons.org/licenses/by/3.0/"
120.936944444444,15.2497222222222,1124612,42710,PH0011,,60,103,0,{7.1},"{""concentration = [ not applied ] ratio = [ 1:2.5 ] sample pretreatment = [ sieved over 2 mm sieve ] solution = [ water [H2O] ]""}",7.1,WD-WISE,Philippines,1 km - 10 km,South-Eastern Asia,Asia,1982-4-1,"Attribution 3.0 International (CC BY 3.0), https://creativecommons.org/licenses/by/3.0/"
120.936944444444,15.2497222222222,1124612,42711,PH0011,,103,123,0,{7.5},"{""concentration = [ not applied ] ratio = [ 1:2.5 ] sample pretreatment = [ sieved over 2 mm sieve ] solution = [ water [H2O] ]""}",7.5,WD-WISE,Philippines,1 km - 10 km,South-Eastern Asia,Asia,1982-4-1,"Attribution 3.0 International (CC BY 3.0), https://creativecommons.org/licenses/by/3.0/"
123.286388888889,13.6666666666667,1124657,42952,PH0005,,0,27,0,{5.6},"{""concentration = [ not applied ] ratio = [ 1:2.5 ] sample pretreatment = [ sieved over 2 mm sieve ] solution = [ water [H2O] ]""}",5.6,WD-WISE,Philippines,Over 10 km,South-Eastern Asia,Asia,1982-4-1,"Attribution 3.0 International (CC BY 3.0), https://creativecommons.org/licenses/by/3.0/"
123.286388888889,13.6666666666667,1124657,42953,PH0005,,27,52,0,{5.8},"{""concentration = [ not applied ] ratio = [ 1:2.5 ] sample pretreatment = [ sieved over 2 mm sieve ] solution = [ water [H2O] ]""}",5.8,WD-WISE,Philippines,Over 10 km,South-Eastern Asia,Asia,1982-4-1,"Attribution 3.0 International (CC BY 3.0), https://creativecommons.org/licenses/by/3.0/"
123.286388888889,13.6666666666667,1124657,42954,PH0005,,52,85,0,{6.3},"{""concentration = [ not applied ] ratio = [ 1:2.5 ] sample pretreatment = [ sieved over 2 mm sieve ] solution = [ water [H2O] ]""}",6.3,WD-WISE,Philippines,Over 10 km,South-Eastern Asia,Asia,1982-4-1,"Attribution 3.0 International (CC BY 3.0), https://creativecommons.org/licenses/by/3.0/"
123.286388888889,13.6666666666667,1124657,42955,PH0005,,85,121,0,{6.4},"{""concentration = [ not applied ] ratio = [ 1:2.5 ] sample pretreatment = [ sieved over 2 mm sieve ] solution = [ water [H2O] ]""}",6.4,WD-WISE,Philippines,Over 10 km,South-Eastern Asia,Asia,1982-4-1,"Attribution 3.0 International (CC BY 3.0), https://creativecommons.org/licenses/by/3.0/"
120.948611111111,15.2130555555556,1124759,43590,PH0010,,0,11,0,{6.0},"{""concentration = [ not applied ] ratio = [ 1:2.5 ] sample pretreatment = [ sieved over 2 mm sieve ] solution = [ water [H2O] ]""}",6,WD-WISE,Philippines,1 km - 10 km,South-Eastern Asia,Asia,1982-4-1,"Attribution 3.0 International (CC BY 3.0), https://creativecommons.org/licenses/by/3.0/"
123.286388888889,13.6666666666667,1124657,42956,PH0005,,121,157,0,{7.2},"{""concentration = [ not applied ] ratio = [ 1:2.5 ] sample pretreatment = [ sieved over 2 mm sieve ] solution = [ water [H2O] ]""}",7.2,WD-WISE,Philippines,Over 10 km,South-Eastern Asia,Asia,1982-4-1,"Attribution 3.0 International (CC BY 3.0), https://creativecommons.org/licenses/by/3.0/"
120.948611111111,15.2130555555556,1124759,43591,PH0010,,11,26,0,{6.7},"{""concentration = [ not applied ] ratio = [ 1:2.5 ] sample pretreatment = [ sieved over 2 mm sieve ] solution = [ water [H2O] ]""}",6.7,WD-WISE,Philippines,1 km - 10 km,South-Eastern Asia,Asia,1982-4-1,"Attribution 3.0 International (CC BY 3.0), https://creativecommons.org/licenses/by/3.0/"
120.948611111111,15.2130555555556,1124759,43592,PH0010,,26,47,0,{6.4},"{""concentration = [ not applied ] ratio = [ 1:2.5 ] sample pretreatment = [ sieved over 2 mm sieve ] solution = [ water [H2O] ]""}",6.4,WD-WISE,Philippines,1 km - 10 km,South-Eastern Asia,Asia,1982-4-1,"Attribution 3.0 International (CC BY 3.0), https://creativecommons.org/licenses/by/3.0/"
120.948611111111,15.2130555555556,1124759,43593,PH0010,,47,95,0,{7.3},"{""concentration = [ not applied ] ratio = [ 1:2.5 ] sample pretreatment = [ sieved over 2 mm sieve ] solution = [ water [H2O] ]""}",7.3,WD-WISE,Philippines,1 km - 10 km,South-Eastern Asia,Asia,1982-4-1,"Attribution 3.0 International (CC BY 3.0), https://creativecommons.org/licenses/by/3.0/"
121.261944444444,14.1602777777778,1124870,44242,PH0009,,0,8,0,{6.5},"{""concentration = [ not applied ] ratio = [ 1:2.5 ] sample pretreatment = [ sieved over 2 mm sieve ] solution = [ water [H2O] ]""}",6.5,WD-WISE,Philippines,1 km - 10 km,South-Eastern Asia,Asia,1982-4-1,"Attribution 3.0 International (CC BY 3.0), https://creativecommons.org/licenses/by/3.0/"
120.866666666667,15.2825,1124848,44113,PH0007,,0,12,0,{6.5},"{""concentration = [ not applied ] ratio = [ 1:2.5 ] sample pretreatment = [ sieved over 2 mm sieve ] solution = [ water [H2O] ]""}",6.5,WD-WISE,Philippines,1 km - 10 km,South-Eastern Asia,Asia,1982-4-1,"Attribution 3.0 International (CC BY 3.0), https://creativecommons.org/licenses/by/3.0/"
120.866666666667,15.2825,1124848,44114,PH0007,,12,35,0,{7.3},"{""concentration = [ not applied ] ratio = [ 1:2.5 ] sample pretreatment = [ sieved over 2 mm sieve ] solution = [ water [H2O] ]""}",7.3,WD-WISE,Philippines,1 km - 10 km,South-Eastern Asia,Asia,1982-4-1,"Attribution 3.0 International (CC BY 3.0), https://creativecommons.org/licenses/by/3.0/"
120.866666666667,15.2825,1124848,44115,PH0007,,35,80,0,{6.7},"{""concentration = [ not applied ] ratio = [ 1:2.5 ] sample pretreatment = [ sieved over 2 mm sieve ] solution = [ water [H2O] ]""}",6.7,WD-WISE,Philippines,1 km - 10 km,South-Eastern Asia,Asia,1982-4-1,"Attribution 3.0 International (CC BY 3.0), https://creativecommons.org/licenses/by/3.0/"
120.866666666667,15.2825,1124848,44116,PH0007,,80,124,0,{6.6},"{""concentration = [ not applied ] ratio = [ 1:2.5 ] sample pretreatment = [ sieved over 2 mm sieve ] solution = [ water [H2O] ]""}",6.6,WD-WISE,Philippines,1 km - 10 km,South-Eastern Asia,Asia,1982-4-1,"Attribution 3.0 International (CC BY 3.0), https://creativecommons.org/licenses/by/3.0/"
120.866666666667,15.2825,1124848,44117,PH0007,,124,150,0,{6.8},"{""concentration = [ not applied ] ratio = [ 1:2.5 ] sample pretreatment = [ sieved over 2 mm sieve ] solution = [ water [H2O] ]""}",6.8,WD-WISE,Philippines,1 km - 10 km,South-Eastern Asia,Asia,1982-4-1,"Attribution 3.0 International (CC BY 3.0), https://creativecommons.org/licenses/by/3.0/"
121.261944444444,14.1602777777778,1124870,44243,PH0009,,8,24,0,{6.9},"{""concentration = [ not applied ] ratio = [ 1:2.5 ] sample pretreatment = [ sieved over 2 mm sieve ] solution = [ water [H2O] ]""}",6.9,WD-WISE,Philippines,1 km - 10 km,South-Eastern Asia,Asia,1982-4-1,"Attribution 3.0 International (CC BY 3.0), https://creativecommons.org/licenses/by/3.0/"
121.261944444444,14.1602777777778,1124870,44244,PH0009,,24,38,0,{7.5},"{""concentration = [ not applied ] ratio = [ 1:2.5 ] sample pretreatment = [ sieved over 2 mm sieve ] solution = [ water [H2O] ]""}",7.5,WD-WISE,Philippines,1 km - 10 km,South-Eastern Asia,Asia,1982-4-1,"Attribution 3.0 International (CC BY 3.0), https://creativecommons.org/licenses/by/3.0/"
121.261944444444,14.1602777777778,1124870,44245,PH0009,,38,63,0,{7.4},"{""concentration = [ not applied ] ratio = [ 1:2.5 ] sample pretreatment = [ sieved over 2 mm sieve ] solution = [ water [H2O] ]""}",7.4,WD-WISE,Philippines,1 km - 10 km,South-Eastern Asia,Asia,1982-4-1,"Attribution 3.0 International (CC BY 3.0), https://creativecommons.org/licenses/by/3.0/"
