N,P,K,temperature,humidity,ph,label
132.2167918580707,62.993788656081946,125.06950904688648,26.495794257160767,64.01117362238902,6.238993480626139,Tomato
110.1485720167048,70.17895327496551,127.86676169720843,23.44268806989037,64.54927030601336,5.537643608357444,Tomato
138.3367294961932,72.9937206879871,118.86415626105071,23.70060276675804,67.40448790148733,6.442158715501134,Tomato
129.7983848468717,52.666550841319726,131.21834878600615,24.213978744692707,72.26005126686236,6.422963275186796,Tomato
92.9634164841987,60.88520271131749,112.11502744638037,25.162605961084083,67.56629512882368,6.414945907629208,Tomato
129.2626181468837,61.4463862189395,102.30446579822105,20.50295234840364,60.454355916131,5.733798942790346,Tomato
131.70141159217764,57.752256456871066,113.7293685284134,23.609812069653806,70.11502783106346,5.948439896578021,Tomato
136.21617645345268,55.74397529541127,145.5547398120022,23.371141124442303,65.89280483234795,6.800458662409106,Tomato
90.28465327447789,49.72292857126836,134.4973545082671,26.45179488966299,66.03777627498229,6.094186667734482,Tomato
109.45308948606554,57.347933759186105,112.82036026948452,23.454546063054387,64.96916649982457,5.842107532928413,Tomato
96.64911318512347,54.69956781493403,138.66412525346837,23.27824374286032,66.10394526937455,6.896224801850629,Tomato
147.249442712082,66.80722042992862,128.91971202160343,26.735399919742914,75.4341065393022,6.11678218033349,Tomato
135.8725911980279,57.645817776697335,115.30538420391998,23.15403524520617,69.16689805549383,6.124696350286399,Tomato
127.04085931514422,68.13799784068694,149.1869420852867,21.266191012254634,72.36493489909806,6.754238713942334,Tomato
115.83492359587099,58.34385191569014,103.89462119725755,21.518412859640517,72.43776935086689,5.849033664716371,Tomato
94.33132185122504,64.84684968586699,107.34591608201843,20.666312768358818,68.15917057141105,6.348524899043186,Tomato
118.45660428534673,54.40873869476944,129.14191892163538,20.00397690481261,62.66414341579225,6.45021548865791,Tomato
80.02043805579393,59.04368920985536,106.35737921197433,23.023619627003374,75.17090992549011,5.824663389691954,Tomato
135.62753511138257,63.19377028213471,126.79721883262009,25.38469806908755,76.7270714931672,5.794623312786697,Tomato
132.2908579244388,70.13403919955962,108.7472752848296,25.13426509959885,73.27749504596633,6.0277165002316195,Tomato
136.94272605869276,61.349363437571355,99.16423493143498,20.225043614619953,66.70432447263995,6.011533615119031,Tomato
113.89558726226754,51.72805099305344,112.13028101410073,23.989880325158232,71.79121287339834,6.8598169742685124,Tomato
156.65869914440805,57.748651597133595,114.17082354108928,21.079981877894333,66.637656335429,6.703769977157303,Tomato
145.64737676292341,50.59818299746844,112.68031612830914,26.58753399335288,74.19209260986705,5.691606296528684,Tomato
146.21365739284607,56.329906542076095,100.42936638636355,21.171554997509254,65.0634654163853,5.654803211652859,Tomato
95.67973989869529,61.53041377010655,138.96468658771144,24.38647452388237,69.98405893102257,6.82901979824293,Tomato
117.33496112340157,70.88543390951646,112.39654017541577,22.283668535148397,64.48636224336616,5.736590669716045,Tomato
81.83451155490943,64.73641405715182,125.858813453669,24.490929281750468,74.25585117775844,6.26677066638707,Tomato
91.10238332861366,63.011387604413436,104.46060835451526,22.885810175248526,70.35918097074075,6.747736860930076,Tomato
123.35642029012011,65.01512906046753,116.62064408913588,25.317501366144764,67.87344915130578,6.671613892837365,Tomato
138.6712029779587,62.464884634259306,116.06411729009025,21.614753877295005,69.96620902543057,5.7689589307159705,Tomato
139.02239599699382,49.063075821741535,116.77226797528682,26.34054297039982,68.54416561551153,5.789309963432646,Tomato
106.82935997111838,55.77640452361403,110.03169888337574,23.501467545193464,73.7239602341394,5.848799202514702,Tomato
104.92237532090509,64.1724259529889,158.8421500110783,25.29265203398997,70.44641644081244,6.29224348552338,Tomato
119.47877574029701,65.07318899455241,147.45265890148582,25.94811133980859,67.94897237616885,6.571545950941218,Tomato
96.76440967808708,52.562958807927956,105.34806831337218,26.991800276683634,67.50840378502009,6.468423469688257,Tomato
97.20498381726672,63.78204369338482,108.25796623363793,21.567619659157707,66.93794458877422,6.812169945820027,Tomato
117.43915952224556,68.10929146010143,110.50256552878353,22.008246894944183,66.55790931265251,5.758905411422848,Tomato
88.3470062021267,51.93135379619991,117.89720696752033,21.75303160712322,60.940884717447,6.478768832471777,Tomato
126.46220533349828,61.98290262220545,97.17383675540982,21.84009932511848,63.67213351338176,6.49694913244858,Tomato
104.1193973745714,61.5261928807936,144.11869379728546,24.07711319077564,66.35187130695249,6.006308259821549,Tomato
134.7038932199021,62.42397969546799,132.791165369067,26.9546576620209,72.98203218564966,6.383019748719672,Tomato
138.7673827386846,52.37960307616053,150.23959405350064,26.93194660964928,63.05894924299,6.05551048368514,Tomato
105.11280517380528,67.45536080999028,124.31265238086492,23.687412619536154,64.26027521149182,5.426568028484235,Tomato
133.42654343447606,55.333123135035144,135.34095014922045,24.473190471852718,77.88957883895154,6.331643416177864,Tomato
129.42332294121087,66.50970890901026,95.72864894971005,26.01979380591124,72.29628430141673,6.760829947305169,Tomato
107.29907313634844,61.246974453620716,103.5564964873016,26.530534209174537,71.18332504505594,6.152976561449841,Tomato
94.08903699343402,61.28191649380932,114.8366011438156,21.42702439130681,67.07080562010631,6.1456963208693764,Tomato
123.48694839215307,59.13753289835123,146.04357991341448,23.699792102597172,70.38184560611566,5.537130876250931,Tomato
91.18332608381286,54.85199425990548,126.10859446194196,25.829859382630588,61.87734830929401,5.8255069357806715,Tomato
99.42316955121018,67.9875586513245,147.8783998025686,22.122414536442143,62.739802805823786,5.676465673948364,Tomato
82.96609130307202,53.76804403111606,115.02005211444857,23.078663297363267,66.62521307542225,6.803229482847161,Tomato
119.60879789494972,52.85506506707263,147.66289525618726,26.899347710584056,75.45348655952512,6.2286121210093635,Tomato
128.4652815593619,60.15025764787498,111.59740229875548,26.895326877046095,65.06882225297726,6.607822629127065,Tomato
129.82749533357202,69.65350237110955,128.53184841470667,26.34274767535627,68.86510534305106,6.266124422715412,Tomato
137.437569878098,67.17267936427697,152.66901448158137,25.589138413796405,74.66346077019794,6.146319213543122,Tomato
121.184907432495,72.03754066019587,120.87806436925833,21.883913505059642,76.41695958641073,6.305247707502606,Tomato
107.45186049168359,52.709007293976,125.75905687790008,22.245950518470313,71.12672977903586,5.805849011701194,Tomato
87.13215547268517,57.903298556826506,121.71065371366983,23.830979888434122,67.51033708653037,6.187858618919478,Tomato
90.61759834479993,55.215800829104666,117.08947338619737,23.925441621934084,81.50288394203382,5.933890201695627,Tomato
116.76183139420542,64.16018125066344,110.4869964020972,23.53851973549947,67.30282091845804,5.573140310299329,Tomato
121.31412961172833,70.69172272237286,113.76842102051556,24.456691959414144,78.51270887803209,6.058435708202446,Tomato
121.76868350594417,66.85486179507988,96.29174763243005,22.85826115843092,69.64509633211722,6.2198204251103535,Tomato
139.2029811990646,63.42328422759251,136.64154752685283,25.24421910120873,66.76135531443002,5.615279009595124,Tomato
120.87814834815784,61.31911058186575,139.28250979713494,22.33484948534849,69.41222437945719,5.644689937296772,Tomato
123.58230266111511,69.29422317574398,116.39519629182918,22.31473897862447,63.50482681209106,5.637619186635634,Tomato
125.50962678420161,58.87233373745655,125.49120851418924,20.890581733242797,69.58499181756788,6.057040639468069,Tomato
102.45576048463215,53.57206736165105,123.01635401111014,21.320985470202434,71.82070358020145,6.799904079999547,Tomato
83.12013503831872,48.91030725504162,130.96653290065728,25.953646152449505,71.00113303680767,6.215173345040833,Tomato
112.06481278118736,52.32626487738026,156.317658038413,23.12397637006309,73.814045739151,5.825575685095959,Tomato
90.91913372433416,44.18164577921038,144.90381053847145,21.595074505869835,66.3837663280455,5.6070828348695505,Tomato
107.79594641899135,46.01426560397789,108.92804672182653,25.315387700156712,72.65597154106874,6.680140284504146,Tomato
138.67255380618099,60.39979746606765,111.78573049932106,23.877867880718014,68.70235626486621,6.783377873283011,Tomato
98.22325784027556,64.18764023439446,125.9298164031761,20.148092079963053,68.01425093676424,6.359122080083502,Tomato
88.28451263768308,53.56072425895398,130.9358149531108,22.214530201357007,73.88635000442771,6.221080841495492,Tomato
94.42023560455131,56.3280256075506,113.44636540070066,21.239009877849387,82.68294855645084,6.495299241295743,Tomato
99.92307037400751,73.9251735535191,128.1230501324556,24.591110026879882,64.44023587189696,5.866841312468162,Tomato
135.69207784642091,63.46521429389291,124.00508005328474,21.92521728441177,68.51633926409669,6.266887759033771,Tomato
114.56818881821037,67.63753185700828,113.91539991244167,20.454627454469605,70.18412168702547,5.73948006361086,Tomato
129.32791346231707,55.685471592592755,109.21773306100646,20.384544924383686,74.56283515529749,6.14894206706186,Tomato
127.78155418908126,69.32603356210915,115.19304191377678,24.072091085711005,64.41598905505391,5.603930883476589,Tomato
113.02563572867355,59.12425084330488,100.91654716749922,20.152064189928627,72.8713435250773,6.756859999021336,Tomato
137.0596847963645,56.87705112057119,112.48110502978574,25.941544791952623,75.94804365505642,6.8404273874801005,Tomato
97.7805982610836,64.76424069193732,141.66401363118806,21.08777983480093,64.09314066683498,6.271977559510281,Tomato
85.08512953621081,60.258417176174326,118.58394736129021,24.24596434636801,66.83206756625346,5.529674968649388,Tomato
89.93594485849027,64.73089765921841,108.55648011113153,23.11281619607522,71.19385016226867,6.751061114460957,Tomato
134.18256987322727,57.59682772635488,129.03007096382112,23.099960648623316,75.7749971215988,6.273145150521694,Tomato
125.4048334033901,62.26203329550164,132.15171462868807,20.50257999652032,67.32780004191436,6.379555045489561,Tomato
90.35257400995258,53.90998568326569,106.39890714691884,25.61926575148551,60.4311893664445,5.802059001017459,Tomato
103.54555477211873,57.36144976303478,134.6949745957839,26.25136739327277,59.712764923964116,5.6571294611395055,Tomato
97.9340803788034,56.54753869338236,141.7291964250515,20.0771166716896,70.27500213787361,5.501001864543316,Tomato
125.79615949358569,52.357883695235884,122.31472524793904,21.250229229879825,64.98674927713834,5.540044143692739,Tomato
111.83092144794803,67.12799609198208,134.52870415152412,26.327329321568353,73.15538112814238,6.127193850205608,Tomato
113.65607169272954,56.28594233847182,106.3732916955799,23.846455289600407,65.6731559178613,5.975750513786914,Tomato
93.00595590057937,63.11815801896214,135.5889205160746,21.05027704773747,71.61552706343254,6.294396198576473,Tomato
116.35207258067865,62.5484614135468,119.77453685818746,21.419533168264113,63.32784805178474,6.799944013900105,Tomato
96.89400206298508,62.25609160748496,144.5873441275877,24.6199037096598,64.68342819055432,5.588248225105067,Tomato
82.71532825591186,62.013699398366214,131.1507342987782,25.07371775572811,79.20918225218668,6.717868248607784,Tomato
90.20053857254787,58.29792554223539,100.16609669773057,24.195987660059547,76.93985548468183,6.7972298896130114,Tomato
151.1943406059711,64.94259443973743,94.51904201035445,26.67203865938768,68.20213317850305,6.178796014427269,Tomato
145.58430591322326,64.9008762470393,125.56161024166306,23.45844522563244,66.97144328462915,5.891547714437828,Tomato
119.86860754540922,67.82867223481368,128.3219078316071,22.101903384997687,68.01848810570918,5.549011990730927,Tomato
87.2208286648082,62.84273811006139,106.53876662191117,23.340630369830574,70.2949905888024,5.645607619798839,Tomato
148.244134494348,66.50623847994541,121.98666206336743,22.517664055666277,68.85451091684199,6.363900273013165,Tomato
131.33957309872392,55.67875942535709,145.072422984664,21.570911248722805,70.62630633181018,5.611214469970846,Tomato
133.17250836273618,62.38984991027421,132.24535705070187,20.32174274538098,67.65625888914097,5.536352378563013,Tomato
115.36712793064954,53.68223207642065,122.34456028580611,22.46548745495587,64.73353788245522,5.6677772117558645,Tomato
99.74159777920964,58.63089142025957,103.03219621721817,24.979865433968197,66.36673546723509,6.4661876651318195,Tomato
90.04434455037267,70.25084797402953,134.43446749431249,20.129064620126357,67.87926550062467,6.344927764007131,Tomato
144.82311682909898,59.34292903335483,115.84028154110268,23.074249592441543,70.53553699050396,6.540035956083483,Tomato
114.87016734787638,57.2434396019887,132.27261382082892,24.508065810149077,74.60178704188864,6.813840986466541,Tomato
90.84764230024206,52.9244471602167,104.74485760561694,24.27282876422015,68.40176096423387,6.332478929097231,Tomato
100.50618147879804,74.31344671014614,134.29956486058782,25.43653905122101,66.65711537604737,6.284418028302514,Tomato
121.73139219315354,56.73080375105069,107.92640154602344,25.673638009618582,74.36506927996638,5.462694175852864,Tomato
96.16387356469737,54.16261266009324,105.5688952843174,24.981940746435715,72.12164012220137,6.3434837878347246,Tomato
137.20754010429803,54.619994857783304,129.1272712536132,20.719583873013246,73.34103689932705,6.7589092426408595,Tomato
136.56464050763515,52.21552299126839,116.02923160186178,23.325157108030524,66.72010522936907,6.452819279301544,Tomato
128.62963767827156,61.3684087986143,125.72205312015538,24.22384170241326,71.09321725163,6.3622390290291495,Tomato
109.59858208160576,60.68723935980571,142.86204804712105,21.71896227166616,73.41482496118006,6.663023343885526,Tomato
129.05097121734184,56.619182405900816,150.9793637537568,20.297862723527437,70.36380880372984,5.411651905093497,Tomato
108.84011753838868,53.12057133831116,146.012825512437,21.56513224613233,70.73948291340967,6.87108134890411,Tomato
117.354594319106,52.077184784792415,111.1351988079519,23.18426081212847,63.30429052112893,5.779937253034008,Tomato
79.54429340110414,55.586456199017874,131.26112350694004,22.897512233382205,71.3194112322943,5.762463769086744,Tomato
96.37588167494792,50.149298939356704,155.25999497209713,21.23666886929013,64.97203848376412,6.582133014671812,Tomato
80.10114545953242,65.99116016922383,112.38578956401018,25.77090879878445,72.61431215245975,6.363257997274416,Tomato
118.8728400773637,54.14851373126129,104.76674833151975,26.479806681157072,74.37188168578254,6.001222436095989,Tomato
101.6218458854753,56.99472407927209,148.5080177750595,21.409438233369006,67.2062044459141,5.485329845446802,Tomato
91.00790262744508,59.82180915117127,131.9338995882626,26.50701040897055,63.456446922667986,6.293394939359343,Tomato
91.98927685321509,57.23892643982206,119.10473327900898,20.125026714226266,66.99393300740127,6.211358139919374,Tomato
129.17659100365017,51.925090469699924,146.7784923189975,26.47473730894862,72.67016272505613,5.88000236406598,Tomato
91.62367549934542,53.230970959739636,139.21284363755424,26.663501530566357,72.28420129101616,6.0211233712118615,Tomato
154.555555229024,63.10290558330816,124.32917267429359,20.084363041111477,73.62363789658147,6.436301451651957,Tomato
121.23014568677686,53.632201680172535,119.65614422292369,25.341135077437237,72.25792777965952,6.058463505453509,Tomato
99.91465486836977,58.65702312449306,119.5652678462945,26.791411007988906,72.59198152251285,6.041516199948779,Tomato
117.75714167800737,54.84212928073132,103.88734533607742,26.341315531724447,79.20791774944406,6.337743094623702,Tomato
75.55595804891324,53.70117598858291,141.75127888967427,26.79497112837349,73.44788852811273,5.785271562266919,Tomato
140.56695840365848,55.63352313464286,140.09542713675538,23.852264539883475,79.73572192861343,6.374195240211361,Tomato
111.72481945671107,65.78278155560176,113.97669052890039,20.547092979197718,74.24519683000301,6.393591522900709,Tomato
140.20728604468826,65.90908380021921,115.64251950389524,25.948524384635252,68.55585769066042,6.149094119424066,Tomato
93.17243682723078,54.2771972370526,138.84420226025523,24.29679779066308,68.22693178693439,6.1265611614296285,Tomato
106.18308157500246,58.198911693177806,103.89105297150199,24.303157209318023,69.81843086295748,6.405689978267016,Tomato
116.59547062973014,55.78175941080446,144.38594623100502,22.920775269010804,81.25615793713493,5.509218335358783,Tomato
138.07020237364833,60.5390474935763,112.23898866252219,24.002893835647765,70.33597965849614,6.397547174134335,Tomato
122.86964376667291,64.96975701517422,136.68542539142837,21.0750584536028,68.5810569847308,5.93654551925701,Tomato
112.40267298221345,56.246028688918216,104.05811268683767,25.178390185963053,71.05701830565485,6.398628332290814,Tomato
89.65384757384183,50.64765597394393,137.2682896582801,20.525121151460795,64.32234623328947,6.715221776140691,Tomato
108.00029853980924,67.35752897715393,119.11333721919145,25.108465369306543,72.5550169329888,5.463186344173083,Tomato
112.92454021054981,45.41496938116603,135.92343979749236,25.94284895837398,75.10826109801954,6.801416337254147,Tomato
107.76802900137292,59.3221572400214,108.00011324565926,23.307280742951416,74.23968296853793,5.5200025332957825,Tomato
77.15291743548698,64.21628177273196,124.27058060653191,23.568812562399344,67.38738578326283,6.570495310863752,Tomato
133.33110013003662,55.78021544307861,133.2508444403372,22.18549991045455,70.52224690067084,6.265919272373478,Tomato
145.78492098814937,53.97282939739241,97.73871833681531,26.786210086079112,77.46262152629022,6.601570008238925,Tomato
88.96756415370648,53.299069654304276,115.48860610261771,25.13187132191682,71.77020077277886,6.198376283804127,Tomato
120.73449525581681,66.66581781406914,111.47574985423728,22.582919873102416,66.81458312696037,5.801402678269959,Tomato
89.18552506252846,51.40259090383708,123.52359611796722,21.223651703631035,80.66552739113526,5.597334856550442,Tomato
135.44675913455177,52.3472269109176,98.44588785856192,21.53705714541464,67.59450746005292,6.498462808386973,Tomato
97.97780960337987,50.62214506239513,141.24462849210184,23.24745600277035,70.31489094047491,6.1707985333389,Tomato
116.8435960067761,54.7870258793351,121.1271549016984,26.597978802200366,65.91542232699427,6.305956196468314,Tomato
137.87403998819892,60.66265586527532,140.32883284223794,25.13902442032643,77.586701197229,6.215899934720703,Tomato
131.58758031355674,57.04165808006892,150.82576629342023,21.50670623725405,69.54682041023582,6.260787074554241,Tomato
92.42054135039149,63.46332945238218,109.67823639274901,26.016927933932287,73.17531975063885,6.693747779207006,Tomato
146.88346053126673,58.85341439052197,120.88152136108182,22.647403661067766,68.69417157267344,6.469495056697144,Tomato
95.48476531218355,70.25070206553562,150.56103666548816,25.96205527926763,69.22692899382002,6.314983203480742,Tomato
84.05965260056892,51.84455589918466,131.7662629293119,21.691897185867916,72.5619050998532,5.795513461504419,Tomato
130.4325575767086,67.40918434467918,120.21382740854474,24.330624283554222,66.45707113859058,5.877261607584828,Tomato
116.96887625139625,60.00460408057442,112.61283421771167,26.486693416568976,69.38308688517041,5.590218883459615,Tomato
138.56430769985027,50.96702449291488,104.35533485925781,21.805258064034557,70.6836987176283,5.712964382076746,Tomato
137.67152540777727,63.69901181255862,111.43303863217226,24.850486134100983,66.75110084951913,5.4339317964177365,Tomato
107.69929476928144,68.93050196801029,154.52963821809783,26.911188339700008,69.0562607168553,5.677646370406607,Tomato
140.49990892085955,52.45322617235303,136.89861438619525,21.054188010701026,70.06689912549288,5.5105267335394625,Tomato
102.03566655490852,69.87163772895276,102.29265015130866,20.61881603490472,76.51489956806591,5.779300191547994,Tomato
115.90392469963155,55.42043475706395,134.48373347405467,24.719366347113713,73.55133552193735,6.0110991388838135,Tomato
99.45441258877717,61.435177651357726,121.81824787910375,22.378151634243213,69.96561533543417,6.06918601805965,Tomato
139.45933138662068,70.07507466919142,143.8528726256887,20.49871134156614,70.75672969931817,6.432036455510146,Tomato
84.2484839316002,64.22754969983838,98.70675476805287,23.32713932518523,67.83637373909626,6.181370066973234,Tomato
74.52596321814643,61.6999206801706,143.07540076277692,25.27639475750769,63.80249086893473,5.997047889134747,Tomato
104.28566084965864,60.51670691219562,150.9032221419558,21.99585680290632,71.15756832147811,6.4195111355325905,Tomato
146.03846483801578,66.47863256326195,108.7142470687034,22.345328142535944,72.04245205846706,5.875730189854294,Tomato
140.32962933759725,63.28961308992875,101.00539181301339,25.919895804528807,59.40568742869214,6.661676908290117,Tomato
145.22727975478276,54.64858893305812,140.05974201915663,23.640503385830417,74.10155870109871,6.039497357515548,Tomato
150.22768490218792,59.5764674286135,99.34174846171597,25.899123781645304,68.23499677165037,6.5165512335779034,Tomato
135.68438055105884,55.91968406074993,129.2067639843369,23.124726445005965,72.17233270256992,6.8409723786308945,Tomato
118.3423590682145,55.310866838382786,132.9593088926174,26.670826130920723,68.20485450461364,6.283293963330984,Tomato
100.03659323844533,49.44189882978706,133.1979017224219,24.555562128024157,62.57740148199849,5.862451134843675,Tomato
132.13505143187464,60.152454650765925,120.63250498566252,20.811292057234745,70.7105731268847,6.73438460925589,Tomato
127.48677083091827,48.75750017680231,136.8411414230018,26.195650917587606,66.94962449390292,6.49830637356878,Tomato
109.44247874579757,53.14915459268117,97.48158715771747,23.424856335815583,62.847128634822724,5.722608358363004,Tomato
85.14346266372557,61.046390672794224,147.67567026534815,20.991472775810333,72.2210961593887,5.786731994584287,Tomato
139.3113353796924,65.62158232294678,125.92076175934844,21.068830936889945,76.0746361805383,6.776873930802859,Tomato
92.75548527408209,69.45176430921039,115.98913704067088,24.812737545769103,79.49326021460482,5.40131586617957,Tomato
145.62306159625422,56.12513921531076,110.32343088696229,20.33160754710643,76.295285124784,6.853016360238985,Tomato
109.44950541729362,67.13294279291944,149.87846734757147,22.006156354396694,65.93893523388351,5.586480172209832,Tomato
89.5812210671916,58.428174950878706,104.72477073504052,20.978513133289077,73.41880369510692,6.636981560249327,Tomato
148.07981465926582,51.91839828673518,145.38628431472512,23.08754200732099,72.42681717878708,6.41798859671648,Tomato
91.14508300429763,48.663473320825624,130.6624008382742,22.90047640396053,72.40487939804298,5.68233781540862,Tomato
95.2362921978988,60.94700201385735,140.8690128261182,23.65313504282199,64.67939964994245,5.678942350867143,Tomato
121.6105405854053,54.065065115658655,136.9057766859822,21.95745430371771,67.41731316579035,6.555933208486199,Tomato
140.01610052711567,64.11251279449895,143.06783714533452,20.22430512564724,74.23709988363262,5.64936236764917,Tomato
90.09658623900941,79.64462030131709,150.48057483354265,24.3007027457463,63.63258601405818,5.571664348734492,Tomato
103.9112269824165,48.6113385808261,105.1374969224686,22.61602602017646,75.93360682235125,6.268451920143393,Tomato
128.69522796228577,53.94364342182545,128.50107622819928,24.559344991180325,72.75018904544774,6.452859463512069,Tomato
152.9541073945804,70.71313966970844,133.57498854426643,20.76066879562988,67.77100349663078,5.518931966191902,Tomato
121.29509870886442,61.226232317958036,129.49269932507056,20.096441487058353,74.11842263023388,6.5977635868497595,Tomato
91.72355114691459,53.67458619096365,139.68442673737616,21.738059735197048,66.40458802915725,6.538730410026544,Tomato
79.81658284887705,68.15639300128885,146.50546723376723,23.195831260958364,67.3797181008457,6.775061793191361,Tomato
98.25668018160523,67.98078553863168,125.09424587500243,22.75850381917927,76.28740191393142,6.120096414153941,Tomato
87.85044813923507,59.4842269445661,117.78184404555688,25.672117886914265,64.35292206082758,6.361890203448138,Tomato
133.39723133926825,58.07123300438374,119.5174882300546,22.64486350934977,63.7534375739472,5.591479517138251,Tomato
80.42171422132517,51.182982189905346,126.64565163930885,23.713088257221553,75.21509839529438,5.600661833640083,Tomato
113.50591754584158,52.67650786880311,114.30432501031241,24.154609147095346,74.78180759281305,5.836786668014008,Tomato
115.79761156825955,61.03508504166086,123.40303045028296,20.15281974152068,67.2956494152863,6.23208683025706,Tomato
111.65710294371219,54.22918131613066,101.67529169626445,23.60593363792332,72.0956885463551,5.657952543066477,Tomato
100.39337716553432,63.299329512923435,105.1595422884369,22.413818815791863,72.94905606090569,6.213647787743169,Tomato
142.38889745880223,69.3769924315584,138.01083946244376,22.948960893782782,67.51372881133742,6.795008270975227,Tomato
125.39905363018343,50.81739624316118,127.64254485469121,20.702011789466752,70.87821417688518,6.428592959131836,Tomato
121.83272538047717,59.88331718940453,142.61581619419374,25.479743959540517,75.47219001429224,6.23852463013202,Tomato
75.95609156394514,57.9749608794561,120.34157210153798,26.59682975565966,73.98710803745051,5.7678564338135665,Tomato
86.2533754964862,72.80576576264218,94.72752541613526,20.1558817444072,73.53932046521237,6.754579180968874,Tomato
162.46884075083642,56.435133239483044,105.0073217961166,24.209609339679435,71.77088160919568,6.724340927357464,Tomato
110.17516241470031,65.24424603561869,103.40298663569564,25.34690847101851,67.74157636873507,6.40695558698808,Tomato
98.2387103644157,64.86319237382077,151.83850790122088,21.993653120549226,63.92412719624807,6.395205819871702,Tomato
116.85651170820566,61.19628578309559,108.35170681813797,25.512889094042517,72.78164626814738,6.358257442361425,Tomato
116.53519947712259,65.5037895680985,140.72260858235202,24.426485355364107,73.97672821249415,6.696400070378011,Tomato
144.70988262159693,66.44552242978448,134.0532528119695,26.50413842589749,70.30053432761493,6.86298529264402,Tomato
100.54887808762473,62.93252255952146,150.37527454377832,26.86703367947641,66.42889056217201,6.694048574669994,Tomato
144.11349431455093,61.592855263250385,105.51174798232891,20.296422797990935,62.96288821617673,6.655509800532579,Tomato
84.97219551669451,72.10925253000711,99.92828870743185,23.114564327189044,78.18246691590694,6.775387645561731,Tomato
120.91215610998434,54.427457468976215,108.44149471924472,23.82891451304753,74.40755121201354,6.2100425148637965,Tomato
128.53451910700082,57.89627498725315,91.17141148178331,21.027202632453566,59.584408279162105,6.781324300140957,Tomato
84.40419020237192,53.52456552562848,111.05586892932973,22.354000812991533,68.62434040447044,6.324265164153156,Tomato
93.85603011240546,68.68996077603539,140.64786192888968,26.91353213429523,63.78028957138504,6.226142188037452,Tomato
118.24323794268136,64.89688637710191,142.3209002490872,20.1136131943973,78.7254533170761,5.544449159020233,Tomato
140.47477278238557,57.36920997783168,128.50891768576474,23.16755552067069,67.05126126494116,5.571177973613252,Tomato
116.32033075560277,48.89242284812961,138.02806199140812,25.898582352027372,71.20414751511471,5.749792936218618,Tomato
155.01687517422383,66.97812894444883,109.19085297423653,22.267308839035017,73.34530568969205,5.953288046792602,Tomato
135.00120446095494,58.19552614503332,135.96161206303034,23.358589519286074,69.68141382304555,6.654823277671187,Tomato
120.6284186939624,63.903019999274285,115.99595163441617,26.84632022051586,66.41953033026111,5.796211426177009,Tomato
131.94779811919815,55.991026889360086,147.79655427611095,23.324137855329926,69.31879900814629,6.67744123213803,Tomato
87.15959385114412,67.98043708498584,146.60786563788955,20.916449185025492,77.98830596810745,5.443083663651953,Tomato
88.2162511472978,54.511739067314466,111.45083578715351,20.36205044166474,62.07604249048746,5.57791541029135,Tomato
139.84255664846205,51.32199935277057,105.19060400523703,26.61791600707964,67.19310548177357,6.776274353319048,Tomato
146.39984747271015,68.69226522991646,108.04837037488392,21.86066589292546,68.21590414314274,6.16640761301194,Tomato
94.5432010948441,68.26226306756143,118.67153031673512,23.528447345951857,67.67280225534854,6.18421052569225,Tomato
111.64106649478157,52.20934384891128,151.7495526154905,20.63491236262978,72.41479191028749,5.658922542515916,Tomato
119.67542109356002,58.69565151425198,110.95777103131248,22.965585843854235,64.99991774431088,6.009961902062462,Tomato
143.92483982870291,64.07436675335558,145.79334353555714,26.51073863475087,69.4128401457968,6.823590453802773,Tomato
112.64934296413836,66.65463184445036,118.14686180760806,23.516890955416567,67.60758280852215,5.708525409300982,Tomato
112.35040175711791,62.680838678127614,105.52406240571176,26.797946062616298,72.40419230970986,5.485496711303138,Tomato
103.33219906268873,60.04337622962329,127.19332305137756,21.811849460661797,66.01795340745751,5.500206644132743,Tomato
116.11391166659693,64.0436861875709,140.1373155139697,23.53181667792756,76.03301825462218,6.1128245989221766,Tomato
110.59500655471915,57.84557028465693,134.29487264093527,26.016715542665278,67.23926176579032,5.821762697858553,Tomato
135.18989657818653,62.72355551599687,116.01307456705231,23.137766481876206,65.93728437155863,5.703835566292951,Tomato
102.34771991592308,60.591058370306136,108.48337913576187,21.956411614991328,73.28603463057316,6.157733976751122,Tomato
93.32714831669514,50.30591970154186,136.59396041448815,25.988327543925173,68.22229710707911,6.342952302908887,Tomato
97.76217520513275,72.7827615612222,108.64710989827456,22.729226282108264,66.75563454579097,6.010387529880706,Tomato
131.0361234382935,66.75634073885035,146.1663398309959,23.71506303742164,65.98360165752081,6.721445112871469,Tomato
135.42215243533832,70.21136339123807,109.22653253203514,26.835689464906018,78.70854279099832,6.438534939104739,Tomato
86.674070732666,52.15767310594909,104.2362298442131,21.305383063291046,76.22776765714649,6.263381178040196,Tomato
85.5200534601905,54.188626204429234,115.87849792844142,22.1098044570413,63.628648503358214,6.057141179811128,Tomato
115.47793508462983,64.58398711193252,122.72404382340804,20.21748720048888,71.7859619117282,6.199553306605401,Tomato
93.4211544251684,50.472380366314155,131.14477966865115,22.74286396937037,73.80788582973678,6.613732286899615,Tomato
142.28982634952402,75.56456658904965,113.49793522346671,21.401284014094017,64.05294275761541,5.537059677015783,Tomato
103.68179610521778,50.86903794414537,148.321535469041,24.76024454785524,66.32083642124776,6.252401478880863,Tomato
92.577412476586,57.9426493719895,119.21868488287036,21.269250211360966,65.10349480203413,6.076679174699628,Tomato
146.609077869261,65.91139196636514,124.58713007646895,24.723689266841088,69.20512183723281,6.144559851253098,Tomato
100.9065559663215,57.93465060426965,118.73535651384701,21.844327997325223,77.00682550294934,6.211473018222922,Tomato
99.49523797100916,58.32814557637194,110.97507592657922,22.4865248388484,73.63943726653032,6.573879378428448,Tomato
89.35950245489371,63.64552820802817,132.93170192969657,22.442024564324782,64.74865436416948,6.076458917111223,Tomato
84.76560681634356,60.43592990046986,104.09175066902918,25.017262251145265,74.88812846223381,6.4369663012837455,Tomato
77.27490438386639,61.147340299451976,136.30654158948647,23.265564841968402,63.79573274471431,5.941913332053283,Tomato
78.65850840755752,65.23092921246428,98.569968226967,22.52909229196878,73.00868532013321,5.7547317393659085,Tomato
88.12644066707333,69.33993623580304,144.76873121491317,25.96835903327615,72.24182477919996,5.507703999607443,Tomato
83.44080806349405,62.20962649799031,125.38730583697176,24.003654379488417,65.26739247911246,5.84847048953741,Tomato
123.40890538464491,54.670097597291914,141.27658863061208,21.496815748945984,61.99439652294589,5.861908015074492,Tomato
127.9764311078282,55.928617333713106,129.3038566421075,26.30063894700578,76.08547124724444,5.766746913981919,Tomato
103.43730786510821,59.90169623818335,99.02717355613142,22.398552072235486,74.3265504987213,6.446868848345983,Tomato
106.86199241212535,52.913209008903934,136.7436789421118,20.272855642761243,73.11861693066079,6.260792885326479,Tomato
119.5801731068288,53.26099785082873,128.06370968105378,23.46220156782117,65.17693012902244,5.89131046734534,Tomato
140.12282702368674,68.3819535497382,135.1541784421534,20.867566381086146,67.20371976347484,5.4433114487290135,Tomato
135.02253776754122,49.83035819677786,128.08105269895526,21.669265106010197,78.99302914733981,6.866423940539586,Tomato
85.3204163067513,64.20001307747242,136.04364933123406,25.229776108811876,67.21260750245561,6.167175694659064,Tomato
93.5761921968132,51.61509234885997,155.0214289806202,20.91526269363423,66.00301970571488,6.30066232273973,Tomato
89.57970348484211,51.03440310338963,146.46907289761452,25.64860957047825,77.19659898387677,6.429566036442624,Tomato
97.1258722749618,64.24172241789424,111.33421373968548,26.558351016916674,70.86930463800452,5.449199173529589,Tomato
121.55832081153147,62.52439868125627,133.59521224460588,24.24572470285561,72.98208898863838,5.973888076022875,Tomato
104.22880868351676,52.82538644923782,125.736120074021,24.972514344159805,65.49599750341604,6.739059060261187,Tomato
84.23988895861532,51.7156919759705,142.27392319618278,24.995106269351922,71.50483590224324,6.8526322208807775,Tomato
98.43130187809464,60.3153891029355,114.81094010920077,26.949655700893114,64.7435264997979,5.596464220413776,Tomato
124.45686074499241,65.88513235731018,114.844870848928,22.39076783541136,67.68337770480471,6.702232914048174,Tomato
92.55291821748165,58.14608900145664,133.21105717760778,21.139995858698917,75.99094493399754,5.737917651632204,Tomato
136.59540986509592,54.18551058071271,124.38425984138173,23.63417064440025,68.19817431998281,6.60658992135054,Tomato
85.15724818410494,47.978539220208084,128.5045574416502,23.73274866882196,72.12948344428038,6.535324757033081,Tomato
127.29845439543169,53.940752503281274,128.16394235183552,21.245387418073012,67.96771702880817,6.459351298767991,Tomato
81.91139689674394,68.78231954307148,105.69156083181022,24.291765932958977,65.34677602243372,6.211755997157583,Tomato
137.00774504701695,59.90463647836736,156.54229097221778,20.09887313433777,68.39491301978015,6.060774120824885,Tomato
135.51001314047724,59.65596080864539,104.15283269432956,26.49367881717955,66.4653319955268,6.080799121208102,Tomato
153.87684004203126,48.03619675367869,110.3250252040776,21.852019944748832,66.02119886941117,6.138976471038572,Tomato
149.73759002098546,52.95143965946673,122.83466267774875,20.276921458731344,69.32279595147466,6.314364538051818,Tomato
126.64696235849948,56.31085812564413,149.08122591825514,20.757746090323998,65.60839219025951,6.237440694299124,Tomato
119.74077889350693,66.49167344798855,152.83590699354195,21.68174263795749,71.87805300485942,5.766662457489657,Tomato
80.9106946786542,66.85783855102073,99.79419802961765,25.317788432846093,49.92133192896115,5.739781652573297,Okra
90.92675271340767,79.09731830368453,124.05408202412701,22.043656937491967,55.26247420903392,6.137026439781197,Okra
97.0759875164231,60.65835976370829,83.52708974730739,27.262286969850656,54.88023045499908,6.952142358609592,Okra
106.60042043251948,50.1563611429392,110.85491772505965,21.96966455959477,53.49439018278537,5.794835579248072,Okra
93.81199623563799,39.97726295398398,72.44831834231688,22.912632667143413,57.78354724238073,6.244789025551863,Okra
96.54956939615725,49.39869318395545,85.85053433449288,25.065447783230056,52.43519307988612,6.329562647102414,Okra
84.03843572960557,50.29590017051707,62.001524105949166,24.86709934143495,61.53438734811251,6.808601556839023,Okra
86.66820461523477,49.87653201799776,106.27602832601754,26.008493764070295,59.22916549392945,5.926446777347896,Okra
122.809451506133,41.54354840636213,73.11429629513196,24.37444600499917,51.40625008680528,6.165395692168581,Okra
111.2147664386148,46.89157985279585,82.55023531883332,29.194733085100914,48.357523222567146,6.787793861412369,Okra
124.09011632385145,68.93304854109202,110.46888618222712,28.399340941971882,54.30754756675934,6.99899527258121,Okra
116.71384343673213,70.79841356490664,92.28622515316646,28.791134512366384,57.89207468922049,6.120789183056408,Okra
105.36456931683618,78.08917653251547,60.67387090520718,26.295165714034376,44.47670681856255,6.94193448976387,Okra
123.3626660793381,71.52020043479493,61.810039642717165,26.350079158608064,50.91908727604517,5.743921696936117,Okra
91.93895994445903,67.44085350977227,90.11541067650835,26.09198683715949,50.062611650995535,6.638205411184188,Okra
91.42279506631301,47.703540134189275,79.03974806943992,24.34884154421456,58.2181673722409,5.812267747428621,Okra
84.05083510479034,61.55880171143173,67.07281636929339,23.221060010672627,60.25568321555535,6.830553060003697,Okra
85.98620199226697,42.47481425312743,103.09440715035421,25.920028874488704,52.74445911031158,5.408017250509877,Okra
86.01466145194621,57.79453110015237,69.50425479307177,20.255318371384504,55.01438276675459,5.42582166569742,Okra
102.89702830798986,56.61637229449156,93.46839467772816,20.07456431423803,59.74351664432744,6.533160772012825,Okra
112.33238655551231,53.23860837261652,83.15977822027516,28.516418262967484,55.21897698005716,5.961066517916697,Okra
102.66765715935122,47.24481317621258,78.29316150760143,20.464240447776223,51.17417237340196,6.66123146787999,Okra
110.87910621533368,64.44123966893433,66.8431117490941,25.24795150333418,45.86590712223648,6.408834142823861,Okra
84.39402148247214,70.08571889384685,71.74033002359518,26.14987762949645,50.65632584783875,6.242167244596249,Okra
110.50496727859398,68.4634522860518,60.08817963945788,21.981712296224355,55.6119290663626,5.555570768762151,Okra
88.16729734801852,67.17638698740078,84.99776205876998,28.957308382651483,57.16182443772925,6.852445185758579,Okra
82.63821627195401,61.01404939514479,98.07041174675531,21.90095771748375,53.98033708467417,7.160408045695824,Okra
88.25251123403865,41.64836594085108,104.37259830008522,28.84514987366675,56.79771976284373,6.186341118493943,Okra
93.6909329932705,64.69857200792431,93.56224051213822,27.62990269333035,49.5381882822032,6.734768857393033,Okra
89.67759961972078,60.37285892773531,97.34341262298456,22.40742953524194,53.85368430428963,6.409591864320313,Okra
123.30057821091354,52.322146862747594,88.84120197547114,21.507441662760936,51.49669325357955,5.621338446110875,Okra
121.3388409623128,54.69368732431037,109.49428138891197,23.162327101862353,59.86814772746962,6.789661391822405,Okra
108.0728385573322,74.61929142051191,74.42758632801339,23.979505662702746,55.85879992437439,5.606489116123091,Okra
85.83390043954977,65.49968635847009,81.07396787581256,22.457846764989235,48.89882632074492,6.754415686183588,Okra
110.21622473973633,65.52711116405031,85.29103676259756,29.988915487544233,49.12276363825814,6.039027055474825,Okra
113.00898538065228,64.77981985612767,63.66549473985705,22.29652336239581,56.06850359210006,6.927582108101481,Okra
86.34965600477514,54.58971754964803,76.7523124052017,28.306348269828568,56.328155747068074,6.1620818631449366,Okra
103.6922758520794,58.29636615894135,117.10905674674332,21.59117747090473,56.874215009492026,5.979537484669491,Okra
104.20115917757738,51.85024421850364,110.71410726043307,29.802446252759474,55.746912242888094,5.529865466129845,Okra
94.94780261133336,57.158811439901015,63.13823731714085,22.255234582830848,61.53321076803635,6.479746841167035,Okra
84.32543997330268,67.31798681769496,79.78536200742742,24.216885547835922,54.69090727317766,5.596632867359542,Okra
92.76772762876823,38.59547532192598,76.39496892949808,25.585640667679066,58.496682314663246,6.395381798522101,Okra
86.95477576948528,68.3452001200906,85.35616528477675,21.202857151560934,58.31859562107452,6.361067806465667,Okra
94.97119118483903,50.9359935266677,87.78977320227739,28.168200674791013,56.66392165555892,6.660092714760679,Okra
88.37794559204177,66.74624525429607,62.17427253409954,22.746855326808298,61.79924028307261,5.595750509953162,Okra
126.80095720917856,63.84882567777667,103.90576872796919,25.492699016016637,55.50766942756744,6.106051896983178,Okra
87.52812982683415,65.52004673079419,99.80622067534453,25.49633810693247,50.34806813950492,6.076315159999322,Okra
95.32135688544739,64.52139615685762,94.02626246597808,26.02640652325785,54.85813295645629,6.421875885668356,Okra
88.50303751381385,81.84897659774334,97.27663308466099,20.554859865243145,58.822047389366006,5.8088146310548225,Okra
114.60977461937101,60.034475624417446,88.90344760263567,21.686187618315678,55.80347821761177,6.990006020645085,Okra
106.47693983898759,70.67551284381729,86.13878883700112,21.61192242923364,50.677580664479585,5.697472148207268,Okra
117.36085725864439,66.37062950562925,66.82382906633052,23.020512594158518,49.57302448429904,6.065229604283916,Okra
85.49905969136634,50.86522987950199,99.23011625908715,21.4491415685834,60.801800647386926,6.100185267539874,Okra
79.03124867672102,52.29658733724371,62.63697709749411,29.219213207742897,58.71713889189414,6.580250136435091,Okra
95.18762465313942,59.4265603590849,109.23859881966696,25.129544505113007,60.01366230220431,6.971774641719316,Okra
96.12692013042934,52.93109113119367,81.69369709044297,26.235751477026845,55.24776624327562,6.172311742308192,Okra
123.64195374575121,56.27902465653246,84.6357644358245,23.57488175398121,54.50151231794325,5.429895200197862,Okra
123.02312467934411,55.36463507879652,76.58401165790124,22.762461410339114,55.67620892832559,5.762481234583676,Okra
89.52701487532202,64.94028112921427,119.16574745526681,25.031771702322132,47.28327159535386,6.974921013782517,Okra
127.2994145884092,51.39032961375816,69.66229607087685,22.943229748348337,52.90627193213856,5.989670036971625,Okra
106.90180514134568,69.81860895203047,65.81579670491031,23.436459257297642,56.33543588226543,6.5352205834278045,Okra
83.81830941505248,55.69473621335065,73.40014239007756,24.52750874270857,50.63561938778993,6.7760621741049585,Okra
98.04969781336052,68.8688969761844,101.63542897177209,25.057336871843553,57.01163204555102,6.028415565448294,Okra
85.95624986511409,44.1559014469319,116.8362369358705,29.843140117818386,58.20383344366645,6.691932364781544,Okra
115.24687881714034,56.375799694992544,74.66776936533995,22.233225881619404,53.397408185404025,6.1759279988554745,Okra
78.5554455782004,40.975036631138714,113.85784285832864,24.879761648826474,52.38504483561983,6.909047997871057,Okra
95.17003959823927,66.72133270272572,73.38904513547907,21.495117394893388,61.994113336857474,5.675208737309399,Okra
91.6459305834808,47.79501465046755,99.22250739803734,23.499992327079728,56.635270806811086,5.993806254005582,Okra
80.80856470084694,77.11402416118642,60.49145087595594,27.17310718706404,61.16795460045193,5.846112397058596,Okra
87.90502144956083,52.54835188033023,85.49935633370117,21.744621437605744,53.07187477494562,6.51215087806741,Okra
107.9438401954951,62.050901821914564,91.21925171598575,25.81351307550043,54.104162478161605,6.284302877262607,Okra
80.8037089486727,53.856209061988814,90.52637992486112,24.167010235680074,59.91217785808903,5.751690731396378,Okra
103.48928338465662,60.86504480255979,76.37557212677497,20.51579544404473,51.479475712927524,6.226507124194643,Okra
98.10712096405389,56.26218153566354,105.8992693728579,29.330752414784445,53.8478846422336,6.311194635353402,Okra
94.96092124482146,47.66443168869982,133.10661136014244,24.136031402928865,55.96240339935895,6.480672048011268,Okra
91.37864042832726,46.98982542546927,91.42893288498554,27.839265357511664,50.42022089931678,6.310158323837052,Okra
116.51301838595049,43.58132124882666,104.55649228791361,24.163134887318,52.33363437823424,5.630861919695359,Okra
122.38810878800687,43.652939761125175,111.69623702186222,29.373603215787845,55.227097931730256,6.211255836351921,Okra
86.74374775976067,84.39018335644637,81.39027842889418,22.904703344288976,60.7657520469992,6.897332851887664,Okra
118.91708497806113,58.923347791324964,107.46504446973485,24.122306496876966,54.008072475674986,5.643202181303711,Okra
102.5592348936062,40.23320224493581,66.97727936045588,27.588642402592864,50.25818653884393,6.130336658870586,Okra
99.26108558154286,76.66958982016094,104.17311741826424,23.43667315280857,64.64048547224952,6.250708873294504,Okra
103.21940741151529,42.89258268903462,68.58833729376308,23.643570713351792,61.43739613588858,5.627262110221422,Okra
106.63955423827412,56.68738857051377,77.88883956007521,29.948231734142233,55.55293252008107,5.449826029524796,Okra
114.15414329091223,65.88838253659866,93.28460689869603,25.55614525690352,50.533956021352,5.928913562927565,Okra
106.49517189312874,70.01211293273856,97.53818029078332,26.89380453670148,51.06812488010315,6.690576329481322,Okra
101.12256876824257,67.00360856367563,113.14678481934585,26.434622341536098,54.61265049489632,6.8205485554515,Okra
97.61689070068333,60.75406186372994,124.55183107204932,28.279241471565722,60.692394138180404,6.717963269485659,Okra
88.75477871491015,87.96746894337944,63.31176857717203,28.61825099441743,47.35136483027823,5.835228820852877,Okra
105.35216275868332,41.700840975311046,72.1052763577801,25.632561324703097,56.46494910594016,6.23816694237658,Okra
83.76313465228979,76.43433029119633,88.02984713236714,22.945560749663994,52.52158634871526,5.502348809814975,Okra
89.91704014799316,69.59273277779904,89.18277988171616,20.228002475749694,56.1696151404507,6.756618818488647,Okra
89.30690752631459,79.28656542022183,86.84144014115891,26.1440325106432,50.581211513930356,6.451031099790535,Okra
90.41500483079254,45.762513840598196,107.91141561533568,28.254688332656194,51.185773610737854,6.151296606579011,Okra
99.26650394629861,46.95581529865504,102.78562522209742,24.505398055116594,59.07303370634873,6.7244388656752045,Okra
105.98819275497347,69.252835592543,58.96412268807993,21.647061404908644,56.55800325397858,6.853223523040959,Okra
104.82253661293186,61.95705417300972,81.7002817104928,22.880820729356408,51.420938714033504,6.691740042043478,Okra
82.84927100022021,60.25755518797447,89.8010572970433,25.099889295118647,53.324050618929434,6.995208275017857,Okra
99.5138728108567,79.15935837237079,86.76938462781041,28.366812189776667,56.80080740942737,5.514595614729333,Okra
96.67842214662522,65.35710424868923,65.82754889418413,21.717531460684206,50.44887035445557,6.2926641684935705,Okra
103.17818560605318,50.40221334759147,88.49012424521227,26.121498757095143,60.71067744960694,5.530679275800569,Okra
105.79532310804292,61.18406307299666,85.94051168786558,27.533686139505456,54.344902885066276,5.733179495607401,Okra
92.71696679323908,44.54257917952164,72.20832144639367,29.36047520334823,53.159521301101684,7.024931793362592,Okra
96.36745140644311,49.54244233023276,101.4629838921679,21.167036916788593,61.574624068602105,5.504450612683951,Okra
125.03370287048187,40.203357188521665,78.80425971576393,29.263916341645576,51.80122389264314,6.467812219308384,Okra
112.21841947120458,77.03322202126763,97.06011593077179,26.014675351744796,48.924073910199745,5.842733654324565,Okra
98.35863269329154,73.20305139684669,94.20048935199581,27.66701587432286,60.07006102601849,6.289887161551072,Okra
101.38265703484826,61.305112679405504,112.11679958011531,20.537747095685553,50.02506174382846,6.117334037437185,Okra
80.81561268374611,56.510627218115566,70.95327489296035,25.06148155640595,55.630294060252325,5.680971757903665,Okra
117.7743952521702,68.60353039611738,66.8824870693405,26.22629674080794,53.343393190293995,6.871997156955033,Okra
95.81351173338099,70.18560236620516,81.11204425582909,23.0683383987284,52.17007935784915,6.819490336026926,Okra
86.95576864912528,77.3078579349231,83.76964664824322,24.316502081012526,58.044699395868385,6.284915961193458,Okra
120.21832776518447,59.378720209223424,70.85136720437033,25.54298135279598,50.487268429145104,6.9682098721726184,Okra
107.04966622934803,70.57966953649431,107.21072624707138,25.5254793977298,62.09720812086956,6.184853710304718,Okra
75.4019371160162,63.85854989949652,77.42561442962322,20.41861525406838,57.56972929980264,6.927190362395896,Okra
78.67967036891301,61.8555277507073,66.95885132793344,24.394817665788924,60.87854891992385,6.85963780972703,Okra
87.37287178068843,71.98188349752829,86.61865085807648,22.138181547922308,59.10552611989742,6.8378711909025185,Okra
105.98502397987278,53.420935204806206,104.54822657169021,29.166950780853497,58.720505853223024,6.806658025900166,Okra
77.37878292671724,54.03411419579556,106.55491488203505,29.76579990123334,54.00423368019235,6.49690583824363,Okra
108.29861909073948,54.10851317596752,106.86969696033145,22.99646896352069,54.34678797674386,6.632780259835835,Okra
116.81743181732867,57.710711902014545,95.46627095631243,21.751853972510588,53.52255589463629,6.432762762684179,Okra
109.79189331341583,62.89613641244272,100.55020943109585,22.19504150948343,61.36085859647774,6.338828277585579,Okra
103.6882000432701,68.89866603353283,106.47949478399316,24.777522553529536,57.9112845262229,6.8970126910519785,Okra
97.66678597949534,56.96762176338095,70.79265875328923,28.745055991131785,59.13034125028444,6.543841544803203,Okra
84.01165259192751,51.17367814978382,90.33082132678565,25.000362149376397,51.88202822779573,6.373318287542033,Okra
112.07847678393595,73.53748444770736,114.92896921771685,20.553920617152976,58.04346644341007,6.841531177376991,Okra
78.45664224727861,53.26433504071755,82.45932136267093,20.39885602713144,48.76032349849019,6.1920850413275135,Okra
87.33282182690591,73.15935837416977,97.46197546836032,22.273909456228488,58.79701791021711,6.663374797233803,Okra
90.90071903904972,50.75031824291475,90.16607234087806,28.42771277609429,51.81684425754066,5.7799500760598805,Okra
83.97251424182963,60.01066714145457,90.88756305394216,26.21480557535144,51.88010192766669,6.040147282228838,Okra
93.39798716338488,62.53953304996247,56.42469159096017,25.629578537862916,59.48320470312957,7.099467977929081,Okra
109.26602267999252,72.8850899717349,95.44188255477867,23.18969592582642,60.86749113018457,5.995180909322076,Okra
114.02612345461868,43.156128567288185,111.65663049827394,29.294254050461873,55.40154134934417,7.03222570443411,Okra
103.36999196918306,74.07078944364035,67.26473479051009,23.311782449621326,57.56955815608729,6.573156543356459,Okra
116.17834667293793,65.4926658976461,82.9790443718761,28.34944412652947,56.52879509991879,5.547403608901009,Okra
94.97791785362864,64.08407719799398,66.47340131767061,28.959035179758843,60.512606842131376,6.488305974454104,Okra
110.25283679041858,57.3586820711064,60.7847226694971,24.833350132161367,52.47469434030381,5.75505962666896,Okra
108.30713491877863,42.07365169436047,113.06639424535018,28.942892694807426,55.07715076589251,6.673963410430086,Okra
93.58516535690953,59.446134567745716,91.06376058762004,22.76803287391047,54.1763307614815,6.456473401363529,Okra
113.2856326127566,59.270704839932236,80.00290869637118,26.58433426183276,50.13752788710515,6.907773212218458,Okra
93.58522343073729,54.47319203854165,75.89573925841405,20.87963748524386,57.06209894899625,6.324951130035887,Okra
78.03842537217099,64.7086858795106,117.0676117365404,24.739342140923938,64.76000174446338,6.382142408442659,Okra
84.39323871934323,64.16142865144991,83.5570765695289,22.17331802158348,52.23647646868434,5.5176875239186245,Okra
99.56091034163599,39.703419970170344,91.94209727755613,20.62763277930603,61.28171072045509,6.832199633926561,Okra
86.04011910145181,43.12406983214816,75.52990537228867,20.03725508077621,50.640550394608034,6.235963761846016,Okra
105.66670639962754,52.15572681084918,64.21752313169036,23.247521164408084,50.52699430674344,5.542349230903368,Okra
113.86781429529759,47.35864585931623,97.05196020147889,25.895305945367628,59.92838824901588,5.751833396476522,Okra
90.72365635427457,58.75669151452108,62.80173079065359,24.552303476511575,52.96362229333827,5.645805185519718,Okra
102.89660198037038,46.17994275170518,104.63335672752308,23.017692985194962,39.523119447977095,5.733392712215418,Okra
96.32573010710959,80.7427666293432,74.84346216703412,29.91200030776251,58.76916961712868,6.739772993743521,Okra
108.20741654658266,49.3003348310998,103.34838015514116,29.39525039979678,56.00852531153896,5.514502504583188,Okra
89.4011922506692,41.81465325850101,105.59060316268643,21.256533068374967,45.96640541296846,6.803974803154572,Okra
84.61736291412213,72.45915772277557,102.9044440447953,24.151074266684947,61.76003538621776,6.370364174229887,Okra
93.832011760794,50.363112651953365,61.22813087933906,26.48846933993611,43.54562418493377,6.102773842930931,Okra
105.96773238298961,58.04662446890668,101.2632943174832,27.334907975299366,60.82247047095496,6.755286399792322,Okra
119.5438086390963,83.60417842331817,120.9159695319681,23.6637215490949,57.93642322501585,5.902590637796948,Okra
112.26849723179032,81.86736658955094,77.36540337044138,27.462818127353476,45.37287099966236,6.327537925967435,Okra
114.93362414860079,70.1607215562157,71.75137953169508,21.241500129106782,56.4147856486988,6.259379942072173,Okra
90.01210866787105,39.9106641615102,103.09537234699698,23.31812625257705,53.89895451046377,5.6898575308745185,Okra
83.30938463228307,59.50190869968753,63.53688409837794,27.16433175755905,57.35052193034964,6.818106248797135,Okra
88.24498465561612,81.68447706011627,103.95119666887334,26.256827902603753,52.10977082774734,6.644937158959438,Okra
84.50793858412824,72.63761010607725,106.61955459739092,28.37210214861655,58.22120817882501,6.246349992295082,Okra
96.81397463216774,43.741144325733366,63.80177048282339,20.468570226671552,47.23049903431253,6.7313742891412796,Okra
101.63269338847691,56.68786027980725,86.56242512614935,21.743917178230486,58.794841737077675,6.238867753136893,Okra
93.91144642623978,49.628376430477495,102.99121297569235,20.484945822719666,55.76953825370444,5.535573182578378,Okra
99.30840802133712,42.87484838025775,75.82576666812983,21.921142242492113,55.03829468640842,5.890601694553939,Okra
89.80829351882308,67.47290000738549,113.52751637245576,20.04282810632935,49.091590961139104,6.365714668946351,Okra
108.93679452332235,52.23708276435364,72.74528973112501,25.042103016788662,51.50963532573161,6.61094096855234,Okra
107.67087833142378,56.64983271242207,77.81238488661246,25.283143955682554,57.451210009504216,6.235533240129902,Okra
95.3075590254394,44.93816727052503,107.89020302501511,26.57891781405995,46.2561737302625,5.783248048863234,Okra
87.57224951868196,60.13937273072343,72.07855412320986,23.849124472010434,50.113625942420356,5.574057734335941,Okra
106.74083984426237,44.59827697889118,124.89603084437285,20.03207690685184,54.556130436438806,6.123222497874771,Okra
114.52627389647218,54.21634563659314,65.71895392774076,26.738911544076373,49.82408229630352,6.05085109032091,Okra
92.95117356735823,44.56547419334824,96.53046318517147,20.542910877479127,61.12462104394497,6.349553334541575,Okra
92.9253158384589,79.75590079320767,68.40933165247898,28.66170430817744,60.9028638213554,6.35785938638912,Okra
109.42673304039678,46.570157856582476,102.52667118240917,20.226539877079375,57.193518051261854,6.84992339523115,Okra
116.65729498494258,54.483858441184324,102.12232307838782,25.304751232566325,50.98813179870824,6.29779574314461,Okra
81.03095223253898,45.99831390865395,116.87269572283076,28.949178823855206,48.84478416661398,5.483770155205149,Okra
98.6337484563256,45.64744397999073,109.97128664256996,25.7248957578878,56.50428152604921,6.814574425659054,Okra
111.08189537569073,48.282826623117735,108.35100846665438,26.0841674654393,53.145727425492446,6.072003210281922,Okra
79.2244894083538,39.201715672652455,107.20518015040548,26.81610848337406,57.110209184363505,5.687115692309812,Okra
113.92338094104942,50.94432830366741,78.37370856204072,21.22408847730467,53.36354488981808,6.115370538324701,Okra
92.35612669609236,59.65291827310803,112.81031835173411,26.749271008105595,53.884293179363844,6.50873059237506,Okra
109.32100773977511,67.34231844082977,101.85029956845723,28.80354882012815,57.82971267294777,5.586887657073152,Okra
99.14635181002886,44.36243095158077,111.67374442694303,29.742208328353165,53.25642492687216,6.922298930571901,Okra
78.89116529158338,56.58132113057154,76.77718713493881,24.43051999358347,62.631462645613404,6.365250524442321,Okra
131.1505239971097,60.94893347756102,85.9874769840686,23.44504851677547,52.8092268270933,6.06394689426006,Okra
96.09778052882089,54.60627853472867,97.01179620675681,27.53309615596317,51.03300452904737,5.586319247264768,Okra
114.79615364340133,57.636090692658364,71.90551845223443,25.428742880953145,52.059853795297926,6.789287772831455,Okra
83.35207567561693,44.6353566951034,72.79509784238613,22.573046544550305,50.039787969764674,6.70729359891413,Okra
122.6541978214319,50.211539917359396,116.61520701486899,21.72157884969703,56.50797358710986,6.664938700368428,Okra
122.5547646082514,55.72687960088089,91.35867542807416,21.702303005927437,49.70780436067807,7.021940826168085,Okra
114.63714379727774,84.70338711399367,67.89456253303901,24.59177036606152,57.34672944184355,5.872604406601965,Okra
81.98576706739999,76.48436998034161,81.13873900461583,21.7012440561565,58.83198943347625,6.134318594549792,Okra
115.24099611693842,80.30646862016211,84.12750774546265,20.197189440114858,52.81026109720027,6.443592663145397,Okra
102.31667045717828,52.25746853940349,89.8050673122709,20.5208877496969,50.83692527363291,5.675842072235135,Okra
122.5283586381415,38.81618290656924,107.77133640610217,29.298845439529657,52.62831692788039,5.978160221994608,Okra
89.53212898364747,53.785501052256954,119.2663914753465,20.729613411601356,53.098392726300474,6.199923293737296,Okra
97.40127320672923,47.505707426620575,108.91896227162462,20.731806905809595,56.98535334332702,6.050085461000742,Okra
88.89507715142473,36.53052760439127,104.94948276640912,24.511884455335323,51.60200889144406,6.9472161176059135,Okra
107.73533489540148,44.99353180687287,72.466766837434,22.451002823350326,57.72426314690614,6.48678171532433,Okra
122.801656458622,64.28944595824986,94.09950678839357,29.626938521724977,53.227827955367204,6.7856843296606595,Okra
78.0283755723145,57.30958199139968,75.74603444878291,29.10985839497804,58.31958323078091,6.32741472931173,Okra
106.44196640931585,46.60669661834642,66.06349275151435,24.047432486712673,50.13135012173016,6.63908701140239,Okra
114.36427428041685,68.67435768747607,125.15138913775186,24.48731519416259,57.19405499324921,6.22455273024044,Okra
75.30325025832695,56.69406384717765,106.92297959113046,23.7511365307557,49.1887551032174,5.764299868233914,Okra
88.04371572541275,78.23077984979133,79.58836652895113,20.378661166431282,47.42552229163064,6.989458514332192,Okra
114.09372171432054,48.78644644893017,104.762698001592,22.92846839254709,55.39895869928796,5.5929110426899795,Okra
102.20426779088469,61.640897154218415,86.05178933022054,21.22673469611984,59.52048540481274,6.808502276428031,Okra
84.1938405036147,48.07750824985852,77.69639486011536,21.023703300151226,56.07182482743371,6.444594878775355,Okra
111.871602160234,61.4684478616626,77.3039753242623,25.608615729363876,50.14353710196908,6.126489218895126,Okra
102.59370260287929,45.791928074031475,70.01113238394862,20.987648577135623,59.211303381799425,5.736802806686919,Okra
112.63891311903541,46.184168067312335,92.89246113940517,21.029313237952636,55.73747533645207,6.998975221891358,Okra
110.03465615318862,68.93813095853736,91.02274104221883,24.805137148193488,52.106548377097965,6.747068136602315,Okra
118.4182483431353,53.608592449970565,88.63558885719179,24.422823651226388,63.40332811260921,5.495769712367296,Okra
100.31457198054245,48.014090082393324,68.07800614614968,21.376347851323693,54.81166622207538,6.793176314406082,Okra
99.1748341568044,83.82569420910188,127.81439687983509,20.04449024808863,57.702654398504784,6.872385649163704,Okra
100.4711234311675,40.9140016571283,95.34322922672382,21.92974441767844,60.28619525577672,6.48373423333707,Okra
80.14142454426982,67.68631216799109,110.73660057525645,22.35892254182041,56.95212033866385,6.117768810533504,Okra
112.87833998636965,63.61046776305506,66.33728878188163,28.002484436088675,51.79689740249615,6.398100283192112,Okra
88.05131512950736,58.205903569813984,97.69813273743824,29.15438350527215,53.019767362247606,6.697852945852163,Okra
104.09752546500879,54.64606170493816,108.82223922062067,24.0594439748797,54.41938333117955,6.647665177582139,Okra
87.06717611286676,42.00985757045456,79.78563738170027,24.05026726500978,56.52745362954476,6.477438455554679,Okra
88.97827314837903,70.29253423467415,71.56602547031623,27.124812837598668,60.1445953828194,6.0742700580357925,Okra
88.71513917770824,49.838485354598134,76.56472886838093,26.269220157046888,57.580058171601614,6.266124544155968,Okra
103.90285377548558,52.38994901974524,67.37324771418402,21.841401866934092,50.34322934644424,5.696973552643784,Okra
104.2773978855693,50.83747615810793,94.997944629365,21.076891222958615,56.70278719047161,6.764354612997346,Okra
81.20754859220438,79.53777635103033,78.97191933817517,24.37611890655051,56.412998238659426,6.467918378043099,Okra
121.62946853814161,76.03531796689106,78.49083580887174,25.648283631627628,51.087544419198366,6.15992806101224,Okra
115.78864615841462,80.61943851037928,92.0952868744059,21.387076031588094,60.1151795934854,6.841001415919367,Okra
87.38508733090814,62.903434298254396,61.69400673382894,22.932734934084444,53.28488107820429,6.789782028173185,Okra
98.08619599558502,71.19884524048759,77.71838318433024,23.05942996430575,58.411755486506024,5.888174615527987,Okra
104.10414657537098,62.84011799047732,108.83552381783173,22.61298201024164,47.229750786511474,5.604688942541136,Okra
85.77850651082527,78.49209338829338,68.48449860869023,24.60761266291791,56.56893424055586,6.466956656209896,Okra
97.87233302942063,61.05257447303366,76.03235466629822,26.530635843197388,59.699041575571016,5.682277600201186,Okra
82.3110962412106,54.81518270399709,69.69718313474304,25.093898836159923,55.21207799546179,5.548282111495315,Okra
106.63410774433348,65.35668794475552,58.69645206458214,22.01456562247344,55.5382346055325,6.049416887060576,Okra
125.29467552114899,63.82706614174304,87.3404133651053,21.029390470474,56.6867823040989,6.914329677364696,Okra
110.64643881598882,45.03078499570965,66.33911390127247,28.218704628987005,53.28628088128292,6.868171533631009,Okra
109.50913456462793,53.3454919614711,69.15938264228973,24.793046827177857,55.61871568175307,6.803628654029551,Okra
102.56815234921753,49.77873233775233,111.81473497850142,20.62139184133877,51.83981822858818,6.276129068929614,Okra
127.91747841680491,71.09557909388948,103.89666412657768,22.58121499649558,53.909722991754464,5.880712304718744,Okra
91.07011558958597,55.76627305753046,68.94035593825744,28.040337783841547,53.824354519831196,6.527347975750802,Okra
86.58046854064831,72.76400621573829,75.41055179242656,27.5172632477355,56.66830467923016,5.533491171045822,Okra
106.16218474934857,58.316803049139516,80.73290410731674,28.75816632897378,68.13725668949701,5.5666541260983555,Okra
96.05444642906672,71.89637476153253,106.60259665223825,26.02087826001692,53.42882642632095,6.69666056605856,Okra
94.50959436583797,43.986904919306916,97.26330583722394,24.229059343580552,53.84953450918554,6.704160547952951,Okra
79.34871164275077,82.62777511623955,64.13498294598375,24.266349975544507,51.85415638167315,6.2663064535018345,Okra
113.79543044727082,58.42967180623854,71.51636490953982,21.94000044492944,50.09352771925608,5.407645520703984,Okra
86.45467629082985,49.29986871498257,86.71926394300498,26.50798961517882,62.69602635127623,5.78432870836582,Okra
87.53319095195332,50.857339254395605,113.25747066512075,25.85068756092854,50.05687484625421,6.1399240267040645,Okra
81.67802448592079,45.95643684847702,107.26315651116745,21.548644114288358,45.50892972821551,6.085555078018143,Okra
96.47749396705109,52.50808183279727,61.33892690360203,28.856629200453746,51.83045122513932,5.812213914113795,Okra
112.68587813731484,72.07080469648457,89.0777263170838,23.68468203310597,63.39360030904005,6.261610222013428,Okra
94.9377493120355,71.20955555662763,69.19070225185939,20.497387655210684,52.58238256496831,6.601707897177039,Okra
106.25828477360938,70.49204353618887,105.55933354384986,23.27880920779784,55.6710741124872,6.769631723546576,Okra
101.54042571969741,66.5626098902863,120.17397563587195,28.69856714711576,46.77031679890996,6.245751934827171,Okra
93.16850973833635,56.873527935621965,90.03834404972433,29.169565858617844,53.11554387553736,5.701822186291316,Okra
106.6548294500417,74.19475965514408,62.58846107703946,24.903984172596335,60.73627913567599,6.842283768422666,Okra
98.33767087477366,78.12614307116094,94.87156303117023,29.563399400734177,46.8941231536712,6.702934293970133,Okra
103.07027311261967,50.51435496499639,83.15315127700799,28.75241809211976,53.034473563648056,6.580942234614878,Okra
81.99220034345913,81.52707049230042,107.56092226495258,28.252307170992253,57.11846671531749,6.750484286925941,Okra
83.54738728074561,53.93195453808678,88.61202713258353,28.59710064682206,61.94649765135806,6.227427333781336,Okra
123.02729675504793,70.28367993961184,102.58312409358501,23.818754121688237,54.81383516109611,6.111459141739208,Okra
100.53733421273729,75.52849342866868,75.52530058977923,27.564689407555434,52.957718208606956,7.0032987251553,Okra
109.50645826287214,69.31383138751187,73.65892034436634,25.773390030761494,61.37984460256271,6.08571901601783,Okra
127.5476433787986,49.15210864647878,72.64334721849625,27.196840017403066,59.23243148294823,6.188493190344419,Okra
76.5860681433435,62.86142155584431,60.09627438030497,21.777861075807746,53.186411798683444,6.091419970081246,Okra
115.08464134618725,41.906595968094194,74.84127268846524,27.31393911774942,53.20423201470189,6.842747987658234,Okra
94.67826130495142,67.69144900954457,98.49499641778253,29.575924341941718,54.885447074466214,6.133682566597533,Okra
112.02683164694433,52.26381940736317,63.06787461962441,23.026633223814294,53.49612815552081,6.588955839672456,Okra
77.72710896035497,74.06093988126923,68.66663859593874,29.86161323955627,54.27668640384077,6.377213749457975,Okra
94.09780820321464,77.90768707648265,70.20659923066417,23.78376014805371,58.09768174312269,6.893054409364745,Okra
110.80557079342469,46.32653675178802,66.2965025035669,21.99723497021033,60.360216743702836,5.6424203224481415,Okra
109.2166662298519,57.84868423212257,107.58322477649062,21.122862298002385,62.92299523192455,5.727708074254108,Okra
99.28628157715283,65.09578611815682,117.1514677378611,27.849619132881777,53.25759022936077,5.562565884573566,Okra
93.28268163655784,55.71227199365223,59.96971146462326,25.548254003765685,53.57779611168171,6.00683496016636,Okra
86.81086335739543,44.74072584070165,103.84812490083377,23.071312936620288,52.5681901442048,6.474522080705027,Okra
121.2070292474898,44.06165401799743,115.45180651658494,26.084503697937578,55.60875566717762,6.858431715060135,Okra
110.38159512676349,49.120635461633064,120.38785048084317,23.321011878410047,55.140435401600186,5.8072583390198504,Okra
104.49309326898809,68.60003425336082,76.07034300790252,24.483577573284588,48.04117852657002,6.790341966153068,Okra
105.76023568520034,61.49951390869158,77.82600760725403,28.626641257530913,62.57906478298262,6.796849749208161,Okra
95.96755150665567,45.30074383830989,81.29211577515115,26.68166476859165,51.51305120877312,6.018467118887529,Okra
92.2088651804157,62.93779875857051,104.7163518332896,27.624018397047166,54.03941294984606,6.37053814271561,Okra
90.86092883111898,52.82287813935858,98.31658205057332,25.834935514695765,61.76505663440604,6.26128240495559,Okra
120.32077619429677,49.23500459215871,86.3358597261841,29.91398048885621,58.125039445262914,6.351303598507677,Okra
111.76715933137358,68.71987573895835,78.172120988816,22.414100662908925,54.4959282722609,6.6689311695976246,Okra
113.18384189016602,53.47007333898825,106.61765285419129,22.622911607188147,54.386970927022915,5.468724767405212,Okra
101.72229446059472,60.24463683894081,114.18133874681742,20.92558938738333,59.27230005644536,5.760656162523274,Okra
92.49859282057446,70.8751763379829,79.38175146870309,25.540195020707106,55.02619462192494,5.649694230173896,Okra
101.5721945045086,58.90594245471946,97.40543898397738,26.13359236408368,51.051781402778765,7.010433294948199,Okra
113.24642014878768,68.82480880935744,85.15529892948942,27.259615728988198,62.52235909048342,5.538057527490316,Okra
97.94934136144799,43.09034722429843,85.92270536213933,23.35445925949261,60.83333113326642,5.68557236098718,Okra
103.99776866844905,48.18824841114783,90.22117117455609,20.122568018650274,55.329832945904606,6.799581618614055,Okra
105.69304624261697,43.46242398880631,108.89474491204231,26.3222953708832,58.65052969823926,5.766918780376809,Okra
109.85183431971404,68.26473778699874,116.58125885520707,29.986954925203825,56.99482094900746,6.745203247465013,Okra
108.57044593354011,79.59661347213037,87.64150822201053,22.945493537899925,56.86792912356072,6.565329333441632,Okra
87.55700901541172,47.011649277914366,86.9527302970343,21.839344524690198,54.60847201882152,5.874257817246892,Okra
102.91777075244312,47.68969329828844,81.70726928632843,22.817669578263533,57.577495034784874,5.784208291584009,Okra
102.795468881208,55.82913871867782,72.04505891713534,24.25415474777047,53.778199858500045,6.301025428200816,Okra
169.67460157684684,94.45619923967226,113.02520348804835,25.37243323559134,63.64849330014935,6.790681699765214,Alugbati
172.05325284497422,95.25052422985607,116.61851257737645,24.20100153415145,64.09667347217099,6.34270160306176,Alugbati
183.72980996530777,90.83737302160635,114.57076434008488,24.48248648084174,54.79699420360683,5.971796380799226,Alugbati
181.97044962364473,83.2763011205265,116.61733812602716,24.5910462343291,62.619367710938604,6.820966035426294,Alugbati
189.58751434529276,89.4836443229996,126.18847837764423,24.34018692529903,57.068967185543464,6.463240178091884,Alugbati
186.77521640647595,90.87482644623256,128.86819076596177,25.549599037359744,67.01006794214561,6.43517458346805,Alugbati
189.64712660564393,84.84929892995932,115.79524433448636,26.843745081954424,67.00379984417138,6.1837373043207196,Alugbati
185.47556572313212,88.37937871390344,115.66195474366077,24.71453860002493,59.00030104744502,6.852987505698561,Alugbati
181.88711378182342,83.65783775598656,113.0572281084365,26.893306896217062,57.23623229964922,7.023377489598771,Alugbati
189.8941656805889,92.73281501243899,127.83771231911582,25.671188949379133,65.42790585054152,6.122601081789211,Alugbati
188.2747151256609,90.74679891705924,126.72602644149781,25.428544780084035,64.566957800403,6.676841589773752,Alugbati
183.38485830798592,82.5939757583359,119.36410920006729,23.948415407195693,56.881080479193564,6.9992477506891895,Alugbati
191.4396468377413,91.58159187711892,111.62340482215872,23.251682823597523,58.33485310187183,5.463227634038005,Alugbati
158.88790581746943,89.74570973674369,112.16002460726249,26.407739081167314,76.07589162104705,6.194028446605092,Alugbati
177.38583143273596,92.32386427239483,121.02377670230754,25.295924255777077,51.91589500410693,5.5319581332944905,Alugbati
177.2478858091344,88.23810404810057,123.296027510679,24.657655449699526,59.481903328047196,6.044602744688492,Alugbati
190.37414589733416,86.39334269665639,107.60313116987311,26.247869288353932,51.14740845531688,6.91387882607716,Alugbati
194.14255497255692,86.53119918093986,118.0721405367727,24.242321530309276,62.648020287858245,6.821424823949662,Alugbati
166.94838566810765,87.57823402553218,129.7097753373443,26.13446902385795,56.37245397864289,6.9025456350394,Alugbati
192.7005045673435,90.08471293461471,118.69494476021828,24.311855341623186,68.89191838623383,6.266744591398603,Alugbati
169.45699332576356,90.66581309441156,128.93782854474375,26.683524745616655,48.01909252372436,6.945904098017519,Alugbati
169.7290627899526,89.14176054986353,123.8942767737341,24.07186749782721,52.87443680386606,5.84523645750782,Alugbati
177.89142867905372,88.09506202951566,113.49432239498785,23.550216470298285,66.73936649390882,6.275644333737677,Alugbati
177.13614175080673,88.41868529397533,118.24397223988886,25.792386833397646,69.86628235453625,5.516578200388572,Alugbati
165.9742444825481,101.2847615347812,119.2278345687318,23.651389012259084,68.07945835403393,6.254640844219947,Alugbati
185.8489017614331,86.53173681825807,114.28493059143896,26.79745220115594,64.36640787252607,6.441157048468366,Alugbati
186.11462182253942,87.48912596154213,114.18079186313435,25.622220449555464,57.55094531701276,6.66743177600593,Alugbati
189.48637436547307,104.82234348765665,129.04061155271137,23.923442645138103,59.37988196590257,6.0246003086894175,Alugbati
176.09890203199922,91.89455986107248,114.1358362818423,23.835275737141714,52.70792753788788,6.752990221246568,Alugbati
179.64375556524797,83.79008700343337,126.4706164584521,26.695500156481685,52.393898537499076,6.271181237622478,Alugbati
179.72615551587623,93.79209241789768,117.38109312980991,25.431431651399564,64.57937617963078,6.478490499994404,Alugbati
195.1919589732162,85.90482499859483,119.84616402070097,26.574944026689668,64.1835405444757,6.446293132638004,Alugbati
154.49179695630102,94.09077678512294,123.37106650943143,23.4409008193833,58.437682475760155,6.82392264401343,Alugbati
171.38750085909805,89.05066974283193,116.40864796257193,26.701568782316706,52.700336588114055,5.775371574901912,Alugbati
180.04986758512618,88.02091867729766,123.4074258809672,25.080197247976354,74.13965596891323,6.865857936276725,Alugbati
170.22986788576048,97.24124235972413,107.72142180270971,25.673687665325403,50.28792296099728,5.763116091110775,Alugbati
177.67511678455995,92.54880608696661,122.63824433048784,24.49150188616512,58.030399856107444,6.986449760755581,Alugbati
178.8653201726708,94.37845246852143,105.18881925257018,23.236561288023303,51.90317317522152,5.485844784217194,Alugbati
174.0808250208678,91.95713855783976,118.63891963980926,26.831889765367315,50.71427989969598,6.793706594993053,Alugbati
180.58022033492406,87.99999964293106,125.12545791191096,26.978393316433927,56.89247016504126,6.38029074284415,Alugbati
185.65334349982032,92.75109489116194,123.73377183635027,24.458187395041772,71.78171803771184,6.717207510809593,Alugbati
177.87360199472099,95.44146926708007,112.20953712622835,26.775471719007918,57.550646712813815,5.671155851676185,Alugbati
175.92124739428138,90.60632119582898,112.9820136234389,23.670905163846257,57.865361875550256,6.8705202112079276,Alugbati
178.50811575011514,98.10739171955929,115.86796775806418,23.618737798634303,67.77613551506799,5.714781473113368,Alugbati
179.9330728801897,93.8271924144086,121.11729517414882,23.292447360036686,66.30502502016479,5.721431687609445,Alugbati
164.3371239119902,90.95392147397226,107.80840085973777,24.565077630336603,62.97821032581794,5.73965008601735,Alugbati
184.15398526165148,91.13168938958017,119.92065854490865,23.209209000726396,57.430381804467935,6.309184841738003,Alugbati
175.94098893497886,90.61756708035432,121.86857624280039,24.578628758451586,63.72342680682471,7.053808682764229,Alugbati
191.35381567329947,84.36942546482254,118.3017769147741,23.553561714598672,61.9498761780186,6.310666773655225,Alugbati
185.31948128078227,89.59467511886128,123.15192580831832,25.92211118229183,65.55075737143063,5.972546159932559,Alugbati
190.5305976379769,90.99533918403526,121.34234494995724,26.33345059734563,65.98926494144958,6.481655464532483,Alugbati
170.90096585656582,88.12761695430062,116.75007444360662,25.75126171118515,64.33315725960422,6.186786145293323,Alugbati
176.65752022931318,91.51954658417112,108.38286383844306,23.801976609744624,52.20067862523594,5.8537884746853575,Alugbati
168.81787361288332,90.095883706598,120.80047848942493,26.067392771631823,63.23532749510975,5.577655879919601,Alugbati
173.65327911963607,93.48161350994445,114.28154780862013,23.9980007881331,69.4980639494949,6.597624151390015,Alugbati
191.26894882057735,92.98400571479579,116.52994425083072,26.03795438787411,56.083522532093184,7.072761419819615,Alugbati
193.38741520130247,90.75218979413178,122.87474530777853,25.269590299585563,63.321670506432554,6.722895046525395,Alugbati
169.66680034675989,83.847541989141,128.5040003006061,24.466850065164838,52.74013781385751,5.561995407209159,Alugbati
175.87550098514444,98.05825232406528,119.77163925934794,23.33396951206423,55.25866591855783,6.307945764291786,Alugbati
179.31423895178446,89.36149050642986,123.32438901867522,26.310038039228104,63.5390428851691,5.658622549429886,Alugbati
185.27045077628804,89.6360109583719,111.33312395308265,26.758611683192903,50.64871809058939,5.8210241006368,Alugbati
164.16170762817157,88.45865618085276,121.4731414859702,25.66367112000255,60.16295599516814,7.025767007703638,Alugbati
165.57299926624407,87.80214754770509,119.64056437393702,26.858166266773754,59.321545197447094,6.931642014975077,Alugbati
184.4066352948516,96.94826121600236,127.37536548375708,26.736445676171964,66.71028574985182,6.858757470869288,Alugbati
162.45865287973868,96.23719944173736,116.75724914382747,23.778433603215014,59.97254719785112,6.394121337100205,Alugbati
175.97882334475017,91.99977031609951,118.55017429702578,25.924849394392854,64.48709731452438,6.227233869858606,Alugbati
181.45882627702954,89.51624930506173,126.35288680279676,24.39721927775078,67.8651709871704,6.441567352550957,Alugbati
183.74099372939804,92.7860309325619,119.4477972456321,24.950069442262503,64.44967100493334,7.02387248020623,Alugbati
178.7245371401055,90.33208641796219,113.3469517122764,23.627861724595384,59.90035014383294,6.984840332331013,Alugbati
176.70818952857223,89.14399686754605,135.30979963974073,26.89911771223061,65.25590096395383,5.6466665010432,Alugbati
187.6011377374483,91.52147664677848,113.5284434199796,25.904549532305634,59.50616171255206,6.756346861184487,Alugbati
182.5668533372918,88.0147901387455,119.61179951070285,24.06763323852387,67.59982839965306,6.0339739003315245,Alugbati
174.17685040243686,91.13518918801546,122.08012893615368,24.485886760672134,60.60099425702995,6.24023566577196,Alugbati
180.33950607014015,90.91899416529736,121.60570505418667,24.68993170731514,52.34524520901418,6.796492952413142,Alugbati
183.44852120390573,92.71321209566067,118.86153777596161,25.990134896575363,55.423620311492904,6.458922678025329,Alugbati
195.46413517306246,87.21388369135977,118.89143777684214,26.70278906707834,67.14190840039541,6.819887723803768,Alugbati
187.0769130146242,93.19561358794444,118.59040880227226,24.285760531938287,56.13049191626398,6.2014386302977815,Alugbati
190.93101170358548,85.92159828172272,113.30439684845177,24.89000035312168,61.315700982415045,6.267641072455024,Alugbati
174.50453343330332,87.42345006770442,132.90131528653637,25.372830291338804,56.66523191567899,5.5235134952932246,Alugbati
175.28235384370498,87.61983723384415,118.68005449371974,24.573375969601262,52.03872752288237,5.748508192682551,Alugbati
177.8815800646831,85.17576702431845,123.58158595693858,25.01672529346274,49.220629323289295,6.920462837430644,Alugbati
178.70784618025652,94.57048027523548,117.99208285391036,23.42283051608041,62.43711263441318,6.8721488702465985,Alugbati
170.92777537977398,85.6392638571459,117.87141796586711,23.670697550880664,57.87165222041106,6.698359584511,Alugbati
191.39340263901136,86.85487648166998,117.2673380239821,24.604405028880578,53.2067715828766,6.729757900320843,Alugbati
187.95016473982915,95.64933469718989,110.7009252720645,26.65975604708221,60.80268279992093,6.5976398511557655,Alugbati
177.24889924828642,87.43237784165858,119.03627315927538,24.397432182978534,63.894251519594704,6.50462462056603,Alugbati
185.7753958411247,89.15335791687856,117.55795407408341,23.999171234420054,62.66563643006776,6.759299485256062,Alugbati
182.00609246703453,85.44586949587558,127.02914705510865,25.971448883397102,67.38851033245516,6.677098056881018,Alugbati
186.4784518283824,93.74828043430207,112.81979929449291,26.79652066430644,51.46171737394366,6.831847768154348,Alugbati
167.90123588826933,93.8103130988598,116.53711693467086,24.83649446825419,63.01283572555138,5.548937320825869,Alugbati
178.6890503412231,93.3252565685555,114.60935719947551,23.03441982226873,57.46840811666991,5.741096670167989,Alugbati
179.47765324884784,92.41888422687275,128.65518236407087,25.75259732590247,50.579191761714895,6.680705795081926,Alugbati
185.61277889650484,90.33115099958765,114.78354933087198,24.66024320646458,67.39449519049407,6.494831910834052,Alugbati
174.34406158936082,87.64030499877907,123.37379906835682,25.69458214646486,60.20963241775992,6.849535873537532,Alugbati
157.5006234832584,86.33263812000291,125.82096884043588,24.110866063316813,62.05029895469027,6.707402782389394,Alugbati
170.2647025408537,95.80457487042752,119.12326253150755,23.00963257526785,58.06692898200573,6.026037130797982,Alugbati
179.45056812860184,93.44161922276966,111.73913399435719,24.377984874982417,56.90568695803896,5.748206571174433,Alugbati
180.57495802953,86.88013097759809,111.81507684741786,25.819169370451768,63.19050460129996,6.210391252125092,Alugbati
195.1537331036249,90.1792429570041,125.15858438877646,24.572453132036756,52.647639008274496,6.318446308046311,Alugbati
185.2447179659229,88.64948208156744,112.43643588720086,23.876696558612903,59.2443274246391,6.754159145742259,Alugbati
180.73377251308338,84.92305182432412,122.35215966635947,24.856027456536406,68.60330267074728,5.929795552338117,Alugbati
179.70847850896706,90.79943119479587,120.68609465892357,26.009394093193542,67.04647342494717,5.779166491066197,Alugbati
189.93765043952723,88.13028301092362,122.26279490586617,23.477732347169223,54.39726561255837,6.852825181512462,Alugbati
174.68900593058305,85.71358500166941,122.82950884707532,25.76700813458659,50.667575865092495,5.504048903967499,Alugbati
178.73744591033463,83.34390350636207,114.39797529349259,25.66937609521579,60.96514664281117,6.312389252942344,Alugbati
170.1966769187553,82.96288424907448,114.14683092591154,24.482951518740286,55.23123314003217,5.604790375557795,Alugbati
192.77015443825775,88.32858242537412,124.2895628046024,26.881344765517976,56.44857762802154,6.290993268494121,Alugbati
183.53249043301452,89.61707263308789,116.22393233661361,26.578821197921407,51.49190287956977,6.245867413793862,Alugbati
173.63229033596448,86.06114635426958,103.49910904796911,24.264645923208278,63.04589707522298,6.221134414565443,Alugbati
178.96990490713523,92.92832742445752,123.89253178730317,23.12436437357537,62.17730164071768,6.523542724720676,Alugbati
184.58685686885653,89.70504056197667,113.78243227158738,24.233219226980307,52.868179192797584,6.510041106273084,Alugbati
177.7435297854995,92.59598389769393,122.80281526743151,23.818887770164174,51.051845689271474,6.305549682253563,Alugbati
175.18976440458658,89.17690144415532,128.3569310959018,25.18900765619037,61.00529028451164,6.783962474387305,Alugbati
174.11153682614102,86.45797064156802,120.10057474357168,26.674977684728617,57.29045698076285,5.56878106077133,Alugbati
183.05065709317003,90.51352907012375,125.9745949899812,26.481350040150087,61.898478284431235,6.964071754872833,Alugbati
176.77751148710385,84.31796469591755,120.9227860832172,24.223316622659308,56.71406655473567,6.663298776538908,Alugbati
175.91618038713528,92.42747334286491,129.52457596884688,24.714390134222548,64.8251388836606,6.855447528647821,Alugbati
167.97544420450134,85.78282857069091,113.62735734745736,23.146168796318264,66.17971787760956,5.661668377504027,Alugbati
180.69876518874455,94.13204636940053,119.95071011750106,25.1766540305966,65.85435094615099,6.185347439829906,Alugbati
178.3689890508728,88.47694914191139,124.0389696302488,23.253471920202916,52.34478870205093,6.633048152703042,Alugbati
177.10516486222232,94.78140082339462,118.85752945793973,26.7544246649164,68.10568814320199,5.823451794337304,Alugbati
181.78893609739848,84.94819565135258,126.91331397991601,26.46773533940909,60.852202960686505,6.256136377942972,Alugbati
186.73202036462308,86.95003634672031,117.40776276293532,23.85675050575001,51.12854468048651,5.98129217028054,Alugbati
186.3140892474642,91.71420726081857,132.41622690977334,25.797474719448182,51.84733057959409,5.856638115305333,Alugbati
184.97455650809786,95.2672369204204,132.73318502563347,25.27208152973333,75.9087912255298,5.746153235093833,Alugbati
177.8339674922785,97.49974008741715,121.6924319773638,26.205430850064733,59.35020095867391,6.447097979931035,Alugbati
174.89701497652882,90.18614773656392,123.31560708212768,24.90260842700608,66.20353531510645,6.993037134390475,Alugbati
170.60475922809806,98.26985533854041,127.15002861374782,23.767087882663112,63.04985005484678,6.110176149138825,Alugbati
174.66159143395726,88.69650952578556,112.87681560619579,25.559373600491327,62.45839182922039,5.974619770546219,Alugbati
180.1768508562291,94.94445430063337,112.12799991253326,23.32112130798378,53.388510571343275,5.717889986168736,Alugbati
172.92342490512766,85.76018551368313,127.5385134831458,25.338351964673688,60.6642275199778,6.0116831871702665,Alugbati
180.864514252057,91.89090228088463,121.643930837238,23.85081922185783,52.98679627571555,6.796909390454847,Alugbati
171.31088989879322,79.462381316146,118.64096852412126,25.73974574849424,56.042559225280336,6.7595425522129045,Alugbati
165.0510729989368,84.95284044756094,120.06673981728696,26.312172646912433,57.04563117723126,5.581739323258058,Alugbati
187.37465508778317,92.10004559136344,105.6837511658156,23.43809891712829,57.78129252033196,6.0503713805308665,Alugbati
175.7302686417074,84.09402516509765,118.85662611325799,24.60107420859437,61.5949939599078,6.8166133802208515,Alugbati
172.46669712098497,91.92127324855134,115.48171956484066,25.934086351103986,49.92129116326068,6.677317297687722,Alugbati
170.15537572832304,94.07906154365564,125.50842980169048,23.654812246075434,54.9927723160374,5.752453520918863,Alugbati
183.8073237725736,87.74405913276775,125.97018467030404,25.266094680142853,66.76244881927133,6.378509886029484,Alugbati
192.3741694032117,85.6397116994661,123.46008140477947,25.687355927502892,53.169428056466806,5.5613352143497,Alugbati
176.3723352509447,87.86616022865367,122.37275189279485,24.41917442895753,60.58793162361792,6.255508918189068,Alugbati
178.05992962803677,85.65384456367117,111.01591950767839,26.327929096810404,54.85783343703072,5.828372321518523,Alugbati
189.64468655900163,89.54453898892837,123.54385847998124,25.042632740186853,59.18157515533503,6.468848305254115,Alugbati
163.70598866077518,90.45940781199636,123.77638767314029,25.50797935976204,65.0720285299281,5.78657110411223,Alugbati
197.701817786214,88.62295444606436,127.4711559226124,23.563491186819114,54.97712668457602,5.843820251236858,Alugbati
201.99690272093733,97.5346165808407,132.70925887458117,23.092640698130676,54.68625233235259,6.1727948909193,Alugbati
155.64296223521924,86.76268281140861,109.84463595857035,23.202994283299944,58.80392524882963,5.601728712423216,Alugbati
179.12247093974918,96.2614493066489,117.66913904629072,26.615680592792863,54.24225857868019,6.034945778219706,Alugbati
173.52947671317392,85.31442343659549,115.54640017705412,26.530569536993006,61.59851076984327,5.600497779286013,Alugbati
177.61705406185737,90.32749906473698,121.03504313031046,26.23036575664737,74.49293869886456,6.6068288425763555,Alugbati
176.23453437345668,95.32397433846631,120.08041114930825,23.798448364939443,53.35673378398566,5.6851419791351345,Alugbati
187.3058318863142,95.09110718513992,118.59550756151913,25.10183460779801,56.79119386282129,6.4303951741878,Alugbati
178.98687083728808,88.10883946034893,126.16562616840704,26.184468402193495,48.228343971262525,5.6819969503432795,Alugbati
171.8018350722004,92.49781374032106,113.3915147329153,25.698676725023095,48.83543467423363,6.408257129738283,Alugbati
178.45033354834388,91.89530587648902,113.75327119564437,23.46208477470375,59.812593721904676,6.747090144882897,Alugbati
184.6330581326617,87.57027369633266,113.85464837341175,26.582164799249696,67.31378273525515,6.512837934001896,Alugbati
169.34650805011248,92.77177471716632,117.83803447544409,23.64272957111185,56.469050994644235,5.451979813400158,Alugbati
165.18389679927017,98.38121477423569,112.62845870452892,23.68718277365334,57.846024856178246,5.7845342198972745,Alugbati
197.93468520751787,92.12265299278184,119.70857106720437,26.604034516682834,54.238964301570874,5.8901734663977905,Alugbati
174.21815988262406,92.54860370581802,119.0070588322148,24.938467756378063,70.03546569951267,6.3766655726136765,Alugbati
178.7638231177243,93.02469740190317,115.28090931600552,24.491567303825867,72.63223308981112,6.785698126888144,Alugbati
176.41984134756984,83.42560526690187,125.24259752433719,25.214626969192224,50.62684041660277,6.252873536638615,Alugbati
184.93278933673926,92.0710110294283,119.64299683027957,26.925589331328446,60.95266194246482,6.957309468883244,Alugbati
195.9551093078194,85.42458191322662,126.37588418419084,23.478521820964172,63.33061321702203,5.936836664873798,Alugbati
185.21940457556354,87.34550876685991,118.8297008927734,26.027795395168262,63.92155736618795,5.577860133923418,Alugbati
166.33471367214008,99.72873801534826,119.85483067061188,24.33730344897651,65.31863339804224,6.797705695293227,Alugbati
167.54288915692322,88.86032275653535,116.62330557190974,23.468197083390496,65.46256654509048,6.066946133507454,Alugbati
176.40931702205773,86.66921653067598,119.9577207567871,24.687733421411753,54.950682542190805,5.943177275386558,Alugbati
177.58590120420058,95.18662160505627,124.27338783679227,25.195011510901082,57.77168595134998,6.860101364198523,Alugbati
164.5024385740806,85.7354534872093,117.53199460637822,23.823846550912588,71.2253322326428,5.5293980243560235,Alugbati
187.37406828156995,87.98661385114644,123.11047177520798,24.62107783638641,53.99877435335653,5.70467433268854,Alugbati
170.22311497906668,95.62073475593776,115.12351823372556,25.54270410188916,51.21861746709951,5.4288370587823245,Alugbati
193.4397140591318,90.1924540438858,124.55430339313325,25.305792078880888,64.57400637203185,6.864431534083792,Alugbati
196.38569337485148,82.97281329693062,116.52056503612843,25.892642376219403,64.09814239288242,5.707491384926785,Alugbati
177.7657182063104,92.44795326445178,125.1100792393743,26.345618131749603,66.48941354579662,6.674814945144309,Alugbati
183.95075376376366,88.21590353079071,120.365859254602,24.636561327077494,64.85866153144835,6.829531653516208,Alugbati
168.91247500124217,96.9293316893861,129.12572240034638,24.69186910184891,59.095004025664714,6.698324360466985,Alugbati
185.61308693831202,87.2721587356464,113.07559364247474,24.986768537820613,48.288837801958195,6.310420893093189,Alugbati
175.51626818909068,94.73051688176666,111.14293936012879,25.265413513525214,56.79741477775417,5.653992282431424,Alugbati
170.21488210570482,97.99064114564572,116.3026965241466,23.433290696951566,67.5625476171228,6.788303002116081,Alugbati
177.39598510572313,86.17075549284793,111.69233431179413,24.250541416779097,63.43492524430781,5.46146635885362,Alugbati
175.80826792435175,89.13054140658814,111.70359063343034,23.687567181508097,55.74881098711012,5.839247523646307,Alugbati
177.07356537296621,91.74881373365002,123.72930456275925,24.543411049376527,52.90745530718805,5.659134414877105,Alugbati
188.54711912534722,86.14194411350621,119.97492723952405,26.893416290296145,65.40949411927546,6.0425012683652275,Alugbati
172.9322316662784,91.21632726018524,117.12191413977445,25.330923826723918,56.339452038552,6.778992254362474,Alugbati
195.61520699796486,88.98785870622304,117.67822441616741,24.717526079682184,51.039402958499714,6.3216237452734205,Alugbati
168.07446330457182,88.89719592782986,116.41657401404196,25.263747580894837,57.49384117846693,6.406035517708898,Alugbati
194.53887245860736,90.2202227671865,129.90221500691428,25.676306221708717,59.14700807154923,6.098717238833032,Alugbati
170.85140440283976,90.32069122010353,115.58696575414179,24.739813853161603,57.7342732520113,5.689477349314004,Alugbati
179.99088090717046,90.73746346084218,112.06719661150021,24.79083921701155,54.3480360963721,6.42346704831071,Alugbati
175.5882349786978,87.30528144544446,124.77630370491796,25.805604517526834,54.982271173817324,5.800321011926218,Alugbati
176.9064419561593,87.50172724042612,118.70546625991307,23.243450332822803,61.364124308898866,6.740783517118598,Alugbati
187.21221512719993,89.46635585028827,132.2326421329073,25.160322273153376,58.748541913820794,6.435823260215521,Alugbati
193.4984411750593,89.79859061443892,116.8427661672352,25.189311248870805,48.844672032317305,6.391750412493241,Alugbati
190.71472234460077,88.02517797024022,125.07590507854074,26.027009044513523,61.514712584954324,5.808632564242838,Alugbati
176.35629300892336,91.45772838938709,126.49318398359584,26.930579009346634,56.00567381604412,5.962796539354076,Alugbati
181.658297001641,81.83357213096161,116.87198500678798,26.18301914714723,53.173675685961015,6.730683998967723,Alugbati
172.96129913698474,86.71290183490972,115.54247539254578,25.015154450601873,55.987286875773385,5.606056197393865,Alugbati
171.07604718682774,88.74032478208716,124.44819918558542,23.677812718428715,65.20041729065608,5.538841321932466,Alugbati
169.68329184844197,86.14748165836227,123.44935150748357,25.35304388653268,57.482831438253946,5.9988413277881945,Alugbati
176.06184023714283,97.33139106664001,111.53633939573443,26.337195546850744,60.16651984041154,6.975646898108446,Alugbati
182.2464506791345,90.0848783102623,113.22938618217168,26.72965625458133,60.91857873765569,6.788373340027664,Alugbati
162.79366356223647,90.79546355201657,104.78141997031197,26.3012415179764,57.380837763317324,6.2920401882705805,Alugbati
179.58281667677312,87.82546181415543,123.57232112387281,23.755874425450255,54.589041641263385,5.864865188024025,Alugbati
193.64422612094575,89.92899485832167,118.42903684118552,25.850303457397324,52.84913346112721,6.361674683162426,Alugbati
190.09719962166713,84.53135941063769,119.0270974741483,26.520619789943375,50.22582110301838,7.0609935412075195,Alugbati
174.73334331126,89.23582333757217,109.85133541378889,25.7240678665079,56.00245806199102,5.771733710705512,Alugbati
167.4281438164549,85.7834620713191,113.41138588146404,25.74300816371286,68.02395267843436,6.831489091214264,Alugbati
184.13847275818344,88.75168386859727,117.1322465245946,25.000649145004314,57.00382030348618,7.033666458302874,Alugbati
159.1431457481325,78.48037545163876,115.96604639911308,25.54790488850202,63.27635329613428,6.953741963877639,Alugbati
189.99138704294407,84.92398556200413,120.70701645310578,24.177522876892084,63.466552577366194,6.136960035138966,Alugbati
178.07771287905084,96.5876688203145,123.50080875979089,23.35524034714298,50.957586410237425,6.696835953554161,Alugbati
196.48170288519663,93.73678987098394,133.61767541571118,26.310859618981603,51.7644704421933,6.740385380135072,Alugbati
164.45731062981181,95.93567701161854,119.87989781981445,26.772577229566064,52.492869621926054,5.9194095866199286,Alugbati
188.26331602687048,96.24474571351915,126.69241597858166,26.427289341507777,55.93692469062929,6.16395510661728,Alugbati
179.09542046867222,93.02844340874015,115.02016333812135,24.335654215123213,61.90637767838371,5.72863258544952,Alugbati
177.02054521675126,87.9620909157939,109.95032211014787,23.374120605231713,52.14206101960682,5.702086180663529,Alugbati
167.6714088130907,85.3323707418047,117.88619011973925,24.120553550525628,71.86188795122912,6.57081368102995,Alugbati
185.36173116040544,95.16035072452364,110.41366969275455,26.3713415032396,58.51521696794,5.929431627296183,Alugbati
186.08523646299173,90.29055588474326,120.08803900301461,25.623258030532863,64.27363327173465,6.617608246672472,Alugbati
196.066150217693,101.22310267371859,115.31727525294801,26.86677697641175,60.93987325169162,6.123100377821522,Alugbati
189.07245236574533,88.35705910795161,108.27437167947248,24.370724073748413,59.61706160844746,6.198541814058586,Alugbati
174.65494203939838,98.87803134651216,130.41615087516107,25.205888481166568,63.40714045914913,5.997054361025135,Alugbati
170.96523674744236,89.2944369418691,116.77462972136772,26.16015288655291,72.41498978581254,6.2432770535877,Alugbati
167.6835770982985,96.01221868766416,110.17428418233482,23.93596777092725,58.38515459616942,6.998062216797756,Alugbati
193.25901911075522,97.63511281754604,125.38903074304373,26.85635989863866,51.78973644726847,6.396313656052267,Alugbati
172.9964314414992,85.3967253231868,115.62831382476429,25.36959068996726,56.9772265786919,6.990211289394629,Alugbati
193.32206882074178,87.8175086476911,126.54099620214397,23.031590253278612,56.54082046953582,5.55787944839016,Alugbati
184.7256483677586,85.35159348435661,115.5996339919317,23.10061310251205,57.17750896524517,5.5216328076289845,Alugbati
182.96912593434567,84.46524980283799,116.75461385842321,26.52886406560638,58.15542628329752,5.7841331442616415,Alugbati
177.2381851869573,93.00180082736227,122.06899025686228,25.58112611104431,61.69384187868364,6.055183243537738,Alugbati
185.94605621702027,89.1151723338794,123.55931628422465,26.05229007625545,59.447856894962406,6.790981387373584,Alugbati
179.86076313446878,90.23564845435561,124.61090242404359,26.13606400382763,57.38045188491531,6.75176762885667,Alugbati
176.6770803767807,92.50307610737977,119.46155316762403,24.681839105003107,55.66457207316938,6.715614472407831,Alugbati
186.2640430798338,81.64175924828288,123.1717003293275,26.19444498456921,56.36982566282309,6.391394528427582,Alugbati
178.70425101700982,95.79044701780676,124.47377164154052,26.750129779250152,61.87752303579428,6.536539771431869,Alugbati
172.81498699135057,88.42907626497036,121.20341483140109,23.688684431078485,67.28418371384313,5.5325019072997605,Alugbati
185.39844097914587,92.39580587807036,119.14405132041422,26.056545598168082,47.26745097209763,6.92637286545735,Alugbati
179.4241290993429,92.79320777652845,111.32823031061322,24.23116803046226,57.98634204092088,6.111116496941831,Alugbati
184.40019010582026,96.16858452343729,123.59504494067993,24.285972012215417,53.75931198351644,5.870609668916646,Alugbati
175.9152612748123,89.52814175497635,120.2530421948469,24.651019404145543,63.15550138805475,6.707985819219777,Alugbati
169.1179082578714,80.44363143430681,117.51830488589574,26.45487807963234,56.73163954069043,6.297807868448752,Alugbati
195.6156656626285,90.25707426054102,127.66659818154997,23.088224269240197,59.555297246494845,5.948261702972471,Alugbati
193.9195026968722,90.9031808617272,111.43299820252011,24.735704827241054,57.52034828497691,6.738218614817147,Alugbati
187.95406465135767,85.34582613386948,129.86421789218932,25.72019059827708,63.653626226260954,5.49985475332013,Alugbati
176.50970383163155,90.66370794494823,119.86636032819321,23.441661833130087,63.6888809890007,5.46569516786296,Alugbati
177.29713824155036,88.37541704373169,121.9051090710174,26.169014388069666,63.350656979709356,5.609991234832579,Alugbati
192.44094701306815,83.9576072282287,117.62973531281837,26.76761039158941,68.62878495363977,6.115860727228031,Alugbati
176.8155296618933,93.02168202754177,109.99756252486002,23.363739284307915,61.49170432866884,6.118233643422543,Alugbati
174.3069956728743,87.46323682095992,119.16234060920532,23.61179255132351,65.27640093068129,5.943990695734946,Alugbati
196.85011208072808,88.17129353368318,122.00846944135677,26.89638889978481,58.500402728569384,5.717476363380486,Alugbati
179.57090086547515,87.91839518720812,124.05735267841555,23.791422563142966,53.7766710015122,5.7998370839096935,Alugbati
195.9158279566246,95.55965368858867,118.8118008093666,23.31575870281282,58.78710420647124,5.7524489632777875,Alugbati
167.41447280378998,89.81587727201973,106.8447609527735,26.8087701455836,58.81736028087618,6.054000507391571,Alugbati
184.6636639450605,90.35594919245621,110.75003193250424,26.570490839237877,54.55589427134042,6.828733392024067,Alugbati
198.63974339294953,88.01713730526122,132.31211774257977,25.622901890932525,54.41002175129819,5.794306472380236,Alugbati
180.26775670192976,92.08290070014708,113.4447840973673,25.205723709150213,52.44599502201385,6.452847740262953,Alugbati
177.62395956958983,96.07193121802801,128.56229674943523,26.67693078521108,67.89698470988533,6.419265383535646,Alugbati
169.49023274161422,92.91537367868928,114.39547957549442,25.622080300445692,48.34652342216095,6.696699407087738,Alugbati
189.74108748991722,93.09090132600684,118.90526454163279,25.63358663726028,52.21895565804762,6.46854404029273,Alugbati
173.0688472562338,92.72803592647956,123.75124955759942,26.374742256807814,66.29407931400961,6.702099954357204,Alugbati
179.14672296549008,83.78890810509976,115.07883332051476,25.612982709169685,56.72116793634206,6.6935234807031305,Alugbati
168.88947948186652,86.05746525735388,129.55329081455432,25.01470754815071,54.97680127755294,6.0923155965741245,Alugbati
194.0120514008769,89.07755672880394,120.45437014841048,24.55888599159379,70.99763979527101,5.97937034250446,Alugbati
190.39396779653114,86.73361180878048,122.76510507779803,25.012535571164964,71.29678594838036,5.934752573055318,Alugbati
179.71573725708183,85.209583388598,118.39435795188524,25.089914596348777,60.131109216542825,5.603738270794743,Alugbati
169.61265957971764,81.57520916608242,123.95232172210255,24.443327524473005,48.626313164114606,5.659864281313929,Alugbati
193.8231634431837,83.94061854089637,129.47275643909916,24.792473635921382,57.38726011898875,5.548983556617796,Alugbati
176.7066144565757,88.8456349919583,119.21228437426072,26.207487731454084,69.28520328961078,5.48796500779487,Alugbati
170.05315643264234,89.68758134931501,130.37827674449542,24.666053474703553,68.02713241573564,6.436701327208609,Alugbati
164.1409378877471,86.43125800741241,116.3304251497253,23.102239066541717,67.95589787362577,6.709280675384549,Alugbati
174.18631381295603,90.35516345707453,124.58457623611027,24.132077287095395,61.86101485285893,6.97344288958212,Alugbati
166.90825689723056,88.04774861591231,122.93468601745829,23.926967456366793,52.21786599354331,5.971432697106607,Alugbati
174.39461247129458,94.90758114318231,113.58850756390578,26.174328047327872,63.23150333420074,7.0317906631094385,Alugbati
186.69967860327944,89.27268406188823,121.282858227824,24.797172233887235,70.78510855678053,5.630163211527638,Alugbati
176.6213985242229,93.13348896630772,120.04419562710224,24.121242172140533,61.008878832274355,6.039868249459974,Alugbati
183.2012404390234,90.91446193032613,114.88084694233893,26.2428195353665,56.251643328620524,5.406299211253483,Alugbati
173.4899880642099,83.69068032340175,122.14801460516476,23.076867218226447,61.5439594127687,6.829229604583851,Alugbati
180.58652159727808,89.59203820918272,120.8777372766511,23.69700337092487,50.396393112381446,5.574286708436838,Alugbati
197.28810739877417,84.43969155302092,119.56447831615671,26.3078192775832,70.07072792842546,7.008506207146542,Alugbati
176.86362529775792,89.51345622802386,119.5885351856479,25.20260691064161,51.3297197032865,6.783870968000714,Alugbati
183.4598649385769,86.6469113224619,119.4599384464583,26.09459909831792,63.02762133885144,5.835324387789856,Alugbati
165.91025495278407,91.71883365068163,117.79380227252204,26.35270405904831,52.44153693734389,6.517827118914773,Alugbati
193.6809551017518,83.9594054814021,120.83900457008988,26.76785395435416,60.76370231828128,6.506886151599376,Alugbati
175.7051403394962,90.06615821375746,116.13651472581732,23.253698397213352,62.95946668670705,5.807837908144035,Alugbati
189.4548028491585,92.57587012153436,135.94085694882,26.196938973193888,53.69610478162984,6.772538924072001,Alugbati
178.89137733816986,94.08418006189048,111.5440005272081,25.83506459287934,71.59779714592379,6.159166533318864,Alugbati
185.50421428518723,86.561245089521,116.49158353659324,23.828102402706236,69.37736466787489,6.507740154498733,Alugbati
186.03911184489903,90.07987937493229,116.96554737253835,26.72680906536049,73.1222830595501,6.276444499527665,Alugbati
175.92803694438555,90.82866137810207,132.24296048594724,24.616807521225567,56.162810297856325,6.843464977298442,Alugbati
189.82715792185667,96.96206825794246,112.079192100135,26.550442109819215,63.10634381183053,5.603202261619367,Alugbati
173.1691362240621,83.33401472662439,122.55553378791664,25.420454818659703,66.56967141314358,5.803750571117299,Alugbati
187.00140798024788,85.90003854718027,121.49036439027924,25.106991786163825,60.06484256505746,6.956045138824297,Alugbati
176.48815235250123,102.62008121731236,122.0016138280473,23.638095735583917,59.017650566397364,6.579518208554215,Alugbati
183.14602153768854,88.77106222219811,127.41805897566566,26.65731049714925,64.23755797083786,5.765231320973962,Alugbati
175.84206297881164,81.49052785543526,127.29497615848254,25.226647629448983,49.45086598756812,6.844134606869497,Alugbati
180.44978377235935,87.37852435493325,117.2942590408793,23.02436962198727,60.24599223814227,6.408211606965623,Alugbati
170.3277566847741,77.54007050341036,121.16410469696396,23.073138164281133,55.11544720626639,5.989383089739537,Alugbati
182.22801286219917,91.08414320605269,108.81538780708713,26.11053042007219,59.130968956707555,6.666970656741156,Alugbati
180.39769051463628,93.644031421252,120.59455805113157,23.647745413513558,54.89516260107032,5.5764713756994535,Alugbati
89.79781780695969,57.41148551153542,108.86363748082441,20.9702003284715,85.05481574031928,5.706009192137988,Potato
80.72718415727768,70.44956543294039,140.58563294203316,17.874755289073068,84.56507729783324,5.150338427499327,Potato
120.5863749705833,60.50605528561264,184.80237375735103,21.487583756275317,82.99818406909178,5.638663512116163,Potato
118.73439114212007,95.60982017896568,149.424203383422,16.924693692700274,81.99848647870516,5.730078739964207,Potato
122.1122930973421,63.5847055108751,191.82930783920335,19.58869458051469,95.86463699363281,6.052270380766223,Potato
97.25873877246292,61.239267963571706,148.40016114129858,20.334921747803946,84.69469630297381,5.797131669017639,Potato
134.29004464102363,87.76522382818177,151.6714679999442,18.3364289028713,91.47692947149005,5.286556746231134,Potato
82.88117093278372,57.20210181121633,166.41297099371735,17.517006112689522,90.73409091824155,5.808916479363162,Potato
127.39978642420124,87.77381243764123,122.23255092806156,16.402066676712167,75.51697416596559,5.979690381595454,Potato
91.87951260835165,60.82416721106456,131.59892270980407,22.0614433630792,79.25205316908783,5.472157535408843,Potato
118.69976610237518,83.8577535272943,190.48360758872101,16.68282715994423,83.11223147887263,5.563113711927189,Potato
102.20741964251637,99.30412214145097,199.42032400348475,17.921263911881447,89.00493296757028,5.793639210457006,Potato
136.48428150764101,82.61286329976393,168.67126068888336,18.369087646165173,80.52171331663087,5.475740565941643,Potato
77.9017219059752,62.90264905369395,110.99686198929112,19.5436679697967,87.08852244043919,6.00716548784058,Potato
122.10940872646714,51.24505735008385,97.41553584985643,22.02568699550067,76.0233079290537,5.66360339433386,Potato
97.42898014250537,51.7022446731154,112.10932007673067,19.279451346537055,92.239623105017,6.087782117201909,Potato
138.11092973115527,54.11741483363067,189.63832424113667,23.710936214354835,83.36365910385067,5.263403249206086,Potato
91.65817645787514,78.78813388349069,159.54880945668543,21.797856466201843,90.66699299205803,5.743578815872733,Potato
88.168618626094,71.34754833809035,150.53068678994586,23.3848671613018,84.96044540723966,5.638536603372645,Potato
144.54682857110987,54.860878772651105,191.87761004085644,22.163539613309407,82.52317514025516,5.135078401545174,Potato
74.59057241441461,61.05841677746117,119.18727322404266,16.486317998370996,96.63219255288885,5.2066993650928985,Potato
93.4949127088755,97.04181367132439,159.2124970222193,24.7792730186409,79.68331747702533,5.670817549906321,Potato
143.57466501853045,52.104683267347184,114.13575131014782,22.865862657683657,85.06723215789204,5.273729016971883,Potato
134.37319280201962,67.43204940085262,127.64754133608687,20.727217686340126,82.49500015321873,5.244822023451205,Potato
148.45415933469948,70.9086492040209,191.7375485332483,16.65230940738126,80.4006588220552,6.068984028373917,Potato
102.62465928844212,49.12949344161676,200.70875519112803,16.726806485789744,82.31935685629372,6.100440619575343,Potato
117.73382225399429,104.92621812040517,105.64980707133233,21.143311748601416,77.18021471650367,5.811765611317449,Potato
132.29214978996785,57.73008107528823,120.45751815421627,19.161971330020116,84.41727494213713,5.460720375935851,Potato
87.248424700774,86.53992349828324,150.45306765917772,21.758595005151456,74.2633838764364,5.495453279878129,Potato
127.13179655719694,82.99385986647948,98.27044507183874,18.724277248997026,79.52462299077771,6.2444227215485215,Potato
88.00123218822411,89.7084010645776,157.38787275345942,20.128451714565948,84.24408306849092,5.7168685721525465,Potato
138.35348099798355,90.82375424010037,160.05663653129895,16.87958037963962,80.63669900146259,6.099686551320406,Potato
130.55073743371977,92.01773414471974,137.3767354004114,16.552011442938266,92.65838213996368,5.552460802729891,Potato
118.27211495317057,68.39918850832468,136.0456476105173,15.756447636984905,78.1495498177915,5.947365791394174,Potato
120.19393118258132,69.22437834154468,137.63915917027342,23.196393048985524,79.99213905268029,5.613050575649905,Potato
87.46304180944462,87.49452197335032,192.85266816695284,20.553862515796613,81.04064585278472,5.172737426566623,Potato
95.35873526903562,78.20226946229393,137.0779041076304,24.471410399066624,88.06622544485846,5.7391598436882445,Potato
130.87126108275356,70.1771897001195,148.22086331146124,22.49486281359328,94.49902002756883,5.8662141596035,Potato
134.94956286416362,61.56963443970819,134.6906995841879,22.68763160249494,93.37103067271606,6.046004475716591,Potato
124.46201196615752,62.059249808395755,171.27552037249697,20.090584341970157,90.43949472821028,5.503384702182041,Potato
91.0705406049771,69.7271291461098,113.73078503980743,23.154539365256507,90.43997967419689,5.6262785935998965,Potato
131.0491454995077,51.57882302365051,101.06049012906068,24.42063445313817,97.54391900891812,5.329672853565934,Potato
111.35105627197134,68.71284449943454,177.49486344354784,22.217402523354377,81.95370049614321,5.185756308348127,Potato
86.44390941030707,51.72491573773772,174.43835385843312,16.055889408870012,92.18996602391898,6.075028732217747,Potato
156.06764812493503,76.30269894619856,127.37953117024563,21.510198592535062,89.32974477024892,6.03081681992705,Potato
114.50923959147087,83.35733053494991,130.87538515841675,16.204332122410918,83.67478533929467,5.3149732761927,Potato
116.43225211530302,76.02871395700271,207.3651409226578,15.772224224186678,81.8791214373691,6.148906865408728,Potato
148.87286794109028,89.46431811692848,121.75411336715102,21.92900405115938,73.18792546082186,6.024572014743224,Potato
111.69437301864747,49.29921822084131,111.74620526680889,23.347854319240383,85.77091286905002,5.236211802262477,Potato
140.4981859012783,56.60715844280944,148.15514915048294,16.588414907293664,80.21524546493995,6.065262226670503,Potato
117.66513664576787,92.49607720848326,109.76144795142632,15.741486079660447,79.9316941989014,5.2211069294509125,Potato
126.32413101301009,86.81541529500507,170.41357247520634,23.86522894192044,82.59866586700286,5.158758471162121,Potato
86.55790078719009,73.34158294293101,153.25173921015752,16.32209336990869,83.64548283047138,6.040233871406616,Potato
82.36393932001697,87.49319252248796,148.63228886768545,15.350860937437371,83.74182773463427,5.612076244456817,Potato
117.21094617701219,83.90944096791937,150.54202118180834,22.210543687664888,90.26416800061662,5.089119145009527,Potato
83.04895775103162,83.21247339444346,141.7967731596169,23.47715554095343,81.92460928448205,6.227520659484565,Potato
89.39863465906924,83.68094428054908,183.4217340480752,20.144733414642264,84.36993305865776,5.578408534015449,Potato
125.44686953914614,85.09804903892585,94.53233297382755,20.39925244093788,93.08626481020788,6.204267610880917,Potato
146.46613432917377,57.18401273007875,128.92934481524395,18.368605127273785,87.83310849301786,5.424638271998427,Potato
89.0576461992436,53.588650253557645,164.11933525695102,17.384631988662328,90.03109421093403,5.499973524324707,Potato
133.88826625717232,72.42382639782738,143.4756790266535,22.55232070175586,78.61119889058833,5.202178866491531,Potato
143.27199583343523,78.26725830362415,110.18187544272564,23.492844081210425,86.35651647333637,5.589949888842238,Potato
138.33828209282538,86.76831278085355,126.58447871880928,18.21244758165197,90.50050048858633,5.910249844364833,Potato
134.51465026771936,65.43285891143866,167.11638785044676,17.738191848756514,88.33141192078907,5.785955827044611,Potato
140.14071694350932,65.546146102851,120.9281135464573,17.6779171954505,86.34604588454411,5.464405860891552,Potato
93.19082724313114,92.72628002920607,178.62322057523286,15.505954180223561,80.64308444391422,5.187911425210062,Potato
112.66816439042827,65.58016716146449,169.39415738686495,17.81075024840381,79.97245829545143,5.09143292335075,Potato
150.79191267836677,89.85151848286465,161.34637119111372,15.25650916969005,86.10663387618607,6.158337048755891,Potato
126.07977364356293,59.37227921520478,122.96075081792979,22.884076224683728,77.09164157699709,6.153369730986863,Potato
138.89950220139053,69.95864482529939,175.67345434276,17.5592682903096,80.96355950664451,5.508707311708342,Potato
149.7394797912777,68.70887038953724,111.05947852937024,21.901551893513638,85.73068746189763,5.768539237617792,Potato
97.91273684953227,61.288356287896185,184.12496690295256,20.431883855405562,84.15485541250041,5.850532247244394,Potato
101.45766558923617,48.14540157124405,182.51892501723975,23.374636299771986,88.19716087865274,5.305901941682854,Potato
120.746412665711,61.0309590892347,103.46198923753049,24.603787275570216,80.24983877693212,6.160616589878813,Potato
80.33617348395946,69.09718728517628,178.99979722994937,18.67291614129165,90.76559208487824,6.076020450747574,Potato
109.88769967693794,69.815805175914,151.70181677449574,15.883408198896372,83.05302768843585,5.677389730347117,Potato
142.35903831049302,83.22453095626366,161.37579287577947,22.496457643859227,84.194761795036,5.197591740885482,Potato
115.15138846058402,50.80428835006825,142.11415283050087,15.213023261991834,83.04261526397428,5.173573887179758,Potato
99.58192147746759,68.20480335788358,169.45083412464473,17.229633344862464,84.49893493153444,5.046910695503143,Potato
134.92184821197583,53.93710078854798,167.2998067567254,15.532506684731386,85.67372107815399,6.004288322197392,Potato
94.00882522821773,93.98339000696323,187.13858691221122,23.981483716198156,82.43697515828124,5.353374160813231,Potato
129.9778449561473,87.58719464800389,127.37437591358052,15.052970817015723,86.0474207357323,5.206423309789539,Potato
86.66421889216336,92.11108629980994,156.7654391228108,19.92742165015232,89.666426437856,5.169508978088069,Potato
143.6728073123549,97.81649052406398,166.9165712760906,19.2399912715898,90.38140509432405,5.593842679745318,Potato
115.14535376213288,65.25971119639956,174.91623981511495,21.527446645481394,74.05080962198033,4.997468361482173,Potato
117.39805803558447,81.81324128630737,143.3253407374334,17.897440885692497,84.12177867304105,5.193029862523057,Potato
110.3190301278468,64.48003421341596,139.10287404075962,23.73695400469458,90.3618693081881,5.779982281545476,Potato
84.38246837228117,99.73057318521363,182.48316669862487,22.343457415813933,78.8207891604127,5.153326982099674,Potato
116.57735550034803,66.993525773605,124.64191067130339,19.32294425992233,87.30888121676442,6.1623950823834015,Potato
135.73473811903833,65.89930459281373,127.42190672134006,18.580262495125414,79.9888745093894,5.579488274923017,Potato
124.10291147895315,101.69568038562576,155.14624642941533,23.158882474975847,85.97788070503,6.049622913800325,Potato
90.68888960669511,92.18496107951698,125.71452999554822,22.57060298535771,84.34460928957748,5.454603020839005,Potato
134.9620928180487,101.61321150120402,92.94889173302577,18.990000580240476,80.14680839379804,5.153593741922109,Potato
131.1371913633043,54.39556334216695,103.19316543099457,18.41371862610127,82.57818552635335,5.674096131337831,Potato
153.43012321477298,62.057111845430086,172.65031792314656,15.388879896625422,76.3124736342035,5.775370502135571,Potato
105.19454108668872,63.91016837405312,214.53368596757252,15.817072454401456,85.13228457102836,5.6404772757775055,Potato
83.72918833763657,74.17868150555884,149.5993471409745,15.539184555542347,80.2784026029724,5.80727532763158,Potato
136.33206403157686,77.93718460129507,121.16530685085078,15.244154863480269,74.9375039639169,6.104639493132051,Potato
107.93605471614738,68.07411979584325,170.8170574275538,16.52872382140781,83.12312956236154,5.22681313067106,Potato
104.56439388462353,84.21620068702411,125.34369745456983,23.57141817680575,88.78288326120574,6.170179329579454,Potato
123.2485454293357,65.1527691283831,211.7434156764894,22.981593107558652,83.50223839605616,6.268194328717703,Potato
112.392152279814,83.30775727548958,149.38760634199286,23.455738478281972,88.11848469671276,5.599912767128989,Potato
135.00382008976493,89.09306634220069,129.21207900140504,21.23800361425472,82.19748499393893,4.957204377690404,Potato
83.21414275575356,79.50603563510795,155.08571206753192,21.240631012406702,85.21688978745367,5.288517987810108,Potato
138.23814262161534,70.52164626752955,135.3724312583079,16.239317465530167,81.13676749793473,5.561596416210394,Potato
160.99494291192173,60.9995937871523,175.02261289918076,21.989653536423866,84.15383746921006,5.678742893200812,Potato
158.13541065003508,55.99306820921154,105.12828433069703,17.80026410870473,85.10693000729573,5.347477889952241,Potato
135.977790690325,90.861326069593,202.18469256782075,20.19253329786201,81.07515137176026,5.968732710361424,Potato
142.46092814918012,73.97028401516155,182.317259124795,24.547226038008574,86.35887334401333,5.161716815161135,Potato
90.15975425188469,50.81719944173121,189.30643301762916,23.706153943184272,84.09926719244076,5.332979870529714,Potato
154.32291680089608,95.68040443052512,185.58763614967575,17.331935072957922,81.04013157050498,5.256301371967713,Potato
133.10150974892468,85.27922615258662,123.21065074525048,22.366506157002934,84.60717683631114,5.641127012508084,Potato
112.69103973002555,91.82868314991288,153.35326034373838,16.040907499592112,87.17694329352254,5.617581299951167,Potato
108.12812440512228,66.96384374340643,188.69091658910213,15.267424857440325,97.26414335430958,5.4563203032766205,Potato
89.5989202502666,101.91336179442497,142.79615461551873,15.281742747818601,84.84594618931622,5.296427862800283,Potato
119.76123787186135,58.53599626180626,101.89206400634535,16.702464842180124,83.0817667383547,5.2725612854720225,Potato
138.83920880669032,63.97400241412119,119.69190051476092,21.94948402093793,98.9552366158694,5.317448827833453,Potato
112.19537127157176,87.8864349848357,124.71538165280582,18.633058934580188,88.21767127455284,5.294389912247771,Potato
111.91718884056517,93.73122936177764,170.6692327226277,15.159424389666917,84.60703091532662,5.181464769855629,Potato
112.74729034904475,72.32777380397985,144.01568511107698,24.880226313768418,79.28801207849176,5.226688813692926,Potato
88.90761220594727,53.54402435733444,164.0682057233767,20.333784032319933,87.90588404894903,5.601222032083376,Potato
141.14605166997384,63.672404772129596,201.03625769288413,18.938802151113176,78.0951520541089,6.001202885153159,Potato
109.00660136547783,95.47223017932419,142.79761516191402,20.188498950488313,89.50989082716036,5.591739743963424,Potato
98.94832136634643,92.96124583460401,158.99589502078518,20.1997090985855,82.10284901440085,5.957129127682422,Potato
82.44466167633351,64.71536464395811,113.90618642539528,19.702365770929937,86.20326282016894,6.1167569974641225,Potato
147.20559181672027,48.210178939400166,109.1249072649197,21.12948904464971,81.17826421585278,5.185562912504031,Potato
118.77864047910698,76.11803527336052,118.20704282940966,23.856266198683066,92.56695931823036,5.054759995813063,Potato
85.8264050909522,84.64191194182662,121.95757535093955,18.017136920770866,85.5306414333906,5.350708663112415,Potato
95.6528367274664,68.9447813198548,147.29171185370524,19.86968622845962,80.87663004136657,5.604950481135117,Potato
116.50051300329517,78.26814523609067,148.00786704932776,15.036439961967687,90.51969334431429,5.688595052132838,Potato
87.32762176369224,88.07939157089876,124.15039815870142,23.598142813182026,79.9117562795113,5.767002830737315,Potato
129.57614732058792,61.96457132443299,96.29318351354273,18.059038889131163,89.90746711552107,5.50819592322335,Potato
73.40208514731073,82.69037471886185,168.37128848069082,17.712968983283687,93.41398108913157,6.063641040186455,Potato
120.92621569228193,87.08385319563298,106.69534418750492,24.975371692110347,86.6715427091791,5.255990602543189,Potato
96.7388681609142,70.118609400675,178.80936722311588,20.84392938745188,79.52085264271055,6.010576626970776,Potato
118.90780617224421,89.71171066264968,204.24154418181413,16.230432461409904,93.10835327581654,5.270596812293964,Potato
116.22219549159016,76.82274714388822,180.7252347881538,17.65524969893571,84.43504507511886,6.153849947977379,Potato
88.56938780249352,75.94383083610086,154.48023713417524,18.532265882663115,85.80827209796263,5.765694326298422,Potato
97.90670372017182,52.726194306726555,178.91751903494418,24.860600478706537,85.96649288745662,6.092810828369764,Potato
83.6189001868882,92.32357556683259,165.59639135505273,19.306216779148578,75.74151491693834,5.738938717467446,Potato
89.13523377070582,56.72854835119969,193.65097938885887,17.30133988292809,81.244102706929,5.616773735109715,Potato
139.9369532014887,51.01244898552596,197.40273410287926,20.69730967412817,78.76671057901146,5.302849562583125,Potato
102.68462560258844,80.35356821961018,143.16563213499873,19.047596580570104,86.61618391182755,6.286525341867643,Potato
93.16344660124162,78.55917858083895,140.44224820711275,15.549603881418705,83.9018078446691,5.694342477627323,Potato
80.76363750334835,101.95327344505152,178.60854415757098,23.609196124543253,92.56179370378983,5.418856172063512,Potato
132.05151539718955,82.40230972129248,93.27700340484164,15.15687527283304,83.00122214237314,6.163643684292803,Potato
143.1617572414786,86.09577388310026,165.11879419971416,23.984836357454768,93.26658252700739,5.98220179892644,Potato
137.12442104968855,65.26494295118628,178.395629231786,22.91858703601802,86.7800992427457,5.081973495128538,Potato
118.89243310495479,83.69563401357708,179.03531071042357,15.758232101424111,82.88191339565584,5.392402439545528,Potato
149.83634361546555,101.83783360469855,135.2468824260514,22.236110778130538,77.2813089571515,6.06719754047998,Potato
109.16576113575248,71.84223394535277,123.03429741864056,22.70941682139319,76.51253207354337,5.3395382753282306,Potato
141.7969064240972,85.9530455423353,114.32748419391966,21.023070734286847,81.99772438469209,5.859933609853168,Potato
137.23648737543954,79.77585290181807,170.9129437456276,20.776708001561232,78.27186345327608,5.299365159869024,Potato
84.13841839334245,57.043680641905645,185.28765912649362,15.49687026247974,87.02880240108372,5.806022780920564,Potato
117.43308180954962,72.82941881394525,167.26702845308958,15.594963718227826,82.88710530768954,5.014185104672944,Potato
100.70061034553183,59.201203462197896,143.0015426701353,22.272886498356968,80.6107342495421,5.7141918068413675,Potato
89.20237176037094,55.05236733419752,135.222591763608,16.0556517891891,83.6350825827947,5.7453503812165,Potato
126.53132854522397,67.65880057267684,193.7193561254873,17.418441007064775,85.57155529641169,5.703033954851853,Potato
73.3593702372282,58.31121522307203,181.45364962098796,19.98836593823359,85.28792189153438,6.018367072072184,Potato
130.6128365432601,66.23537458073497,159.57746025393413,16.641636736126816,93.63014010233243,6.006657878984153,Potato
147.6990637321993,86.6848885131457,139.27066110699099,22.898395605500255,86.855785208531,6.209600197214821,Potato
117.03880236579667,69.66339163555425,100.71310702834143,23.073780237790885,80.642688677148,6.1784740084405705,Potato
106.0929135034448,93.00674118821016,178.76271652465243,23.42143211260892,90.04904201163049,5.480270502149316,Potato
125.96956188425649,80.85126097946666,166.7733036506043,15.49568120774705,81.07635224174271,5.706675161110337,Potato
127.83831953068727,52.67484091530936,136.7569136602857,19.278731612336244,88.04452485079598,5.184709948729039,Potato
96.76562636701442,58.85012894151149,190.14386675529911,23.469176727143356,86.03022545319143,5.238751095537093,Potato
91.00815614617942,99.248513328019,157.96666866559605,18.63219390306699,88.30305828121315,6.009232610381543,Potato
124.87201343670367,77.3988066419523,183.26092009465663,21.958203783230225,87.3910450270179,5.180315660803827,Potato
132.09967955839394,99.06796476152822,160.99219140459388,20.892459041900096,86.80674035409102,6.006973616792502,Potato
102.6478624980547,63.84466376374835,159.09407059687885,18.472086167071787,89.52586946093638,5.861118813133306,Potato
98.55974561782514,87.79984192136331,193.69828839812513,17.76404829090424,80.56396908138433,6.118940480267897,Potato
146.66582167768334,90.2780426735133,198.73778056490002,21.527430920994068,81.57759358755312,5.861019134501347,Potato
96.4672336644697,99.12481837669417,186.46055977440247,16.33624137002897,79.99763364694726,5.466488945336303,Potato
86.35854531503162,52.931278298381905,187.733627990471,23.601225190877585,84.41949475530882,5.658858277123814,Potato
111.30334724248928,89.94738198189901,159.10722328895218,20.764434410807034,82.10215801412136,6.100805253656863,Potato
78.95200440298433,65.87469340059755,111.77579475819795,16.115035051258392,96.2495172758706,6.098067391080446,Potato
85.67666706181596,90.65870121452232,141.55286373253455,22.035276451933637,90.70148610749226,6.09070703155879,Potato
113.08487860863555,71.66207691271792,199.05367645573475,19.31112549882419,86.83139329967993,5.552068413716466,Potato
126.90812188610701,76.640976209732,139.95253015547797,17.040814153631757,88.56719777419548,5.859932579492594,Potato
118.97192732618463,66.69573406088954,190.10157481336879,24.61069292924866,78.88055340854373,5.731858139968326,Potato
109.2165727332307,97.41043178386681,211.8767945136401,22.196477850144255,80.04679934195285,5.371303906110634,Potato
123.9596505716938,63.651089876887085,194.73894424293783,20.92993623327996,83.94947743710829,5.800637168260203,Potato
124.96253785760089,78.45246285282737,201.32302947561604,23.488671810593615,89.70311335746378,5.832421446540702,Potato
134.38135790202497,79.1853879463982,156.16070109259564,20.438697898821527,89.06230485068639,5.627885482148184,Potato
128.2229125742967,84.79252587342287,144.47280641299287,19.41470612332904,81.11786016314332,5.158786262982457,Potato
123.7517563397088,74.07372280066724,201.4554568196214,16.894468598607084,93.12301445499264,5.318360146077624,Potato
133.17531255484548,87.07825142914824,125.9079542655531,16.533904251181788,92.67159582341854,5.196416647223355,Potato
132.8021604499694,78.69608467924628,120.04107306127706,19.319693163718483,91.29313354230098,5.112580612655018,Potato
89.7244000837901,82.41716980316875,187.6686330167365,19.55974579027516,88.04758300918758,5.3450638369779835,Potato
146.1018772254341,76.81175081943269,165.0042610201884,22.333125052307274,88.83671599943503,5.23466359222961,Potato
164.24619004155053,78.1308715974423,150.1283389912605,19.420850100368764,78.27389530877808,5.765352482918249,Potato
95.57006182698186,89.67711958116749,108.436536760832,20.931592005654178,82.46468674223985,5.209323935886237,Potato
80.90367676184597,68.03098407769401,153.69632847436012,23.32518524076246,88.85002974242971,5.227365777956066,Potato
113.57373800398467,65.0190555955674,198.48662726293674,24.933346955105417,84.57427452022725,5.338164127323781,Potato
108.54304437246722,86.48862566889933,168.13943365251413,18.225253151512824,84.90892586097374,6.132391797147447,Potato
130.17070047913285,52.14418309708593,134.43965775660234,24.019544637283687,84.46469903465294,5.612365144454823,Potato
121.65278714033593,57.56622485336173,150.6316555290547,23.06050871853599,90.10235290598465,5.990796105962634,Potato
83.4352811481356,94.21425487878405,203.27522637271863,15.68006690319553,80.21736186093051,6.0804236578174145,Potato
96.19899376977297,67.75813863227476,189.71158764676184,18.341589308538914,86.77427167410268,5.664798218951428,Potato
138.72621069297423,71.08883672116353,140.21974705266027,17.190429598343833,78.37152573680248,6.163342687596807,Potato
76.84925347512372,95.56424942184147,159.3982129146449,21.64384272422998,80.76610666077384,5.5302615469845,Potato
127.27712323545832,62.11091838110551,135.16714118607754,20.552991362176883,90.95909592879806,6.1397858112692925,Potato
98.51803489080544,52.55997681676572,153.61050134832988,19.948510525895536,82.46243150045986,5.9289803071723055,Potato
112.09704761323611,58.88238860676881,128.7781798434877,22.635637638075774,93.1223642558589,5.703602846102072,Potato
120.44498354255217,65.47626479511987,153.3506639858481,18.333086958119836,86.35937622174764,5.245413384499498,Potato
96.36197022517173,86.29933962047673,150.93944612216487,18.827522955532658,99.90268630912999,6.107936112528124,Potato
124.0530946331853,93.32176511204077,146.66177751460592,23.656339482254495,84.46928772658583,5.823635981368438,Potato
117.48120690546666,75.64834149113638,132.6584616667962,24.722085092600068,83.57225679876414,5.177878621261019,Potato
88.2737850261733,57.03914160000216,112.47442975774081,22.763573407678322,92.35654758807685,5.330779693419549,Potato
102.48055104388308,73.53387405498975,122.06688536491828,17.170709747772264,79.70853178510171,5.340710639319117,Potato
137.04139956645648,48.70207729415697,166.56274241293298,16.126516321638473,80.06352274271121,5.786390555028436,Potato
139.10536277106016,81.4328560042086,130.78064480279338,17.09205147765802,79.15221118910254,5.236379857104097,Potato
117.01238693492003,76.84308707011712,120.06114311859508,19.227613650228964,83.77761293948183,5.915352645352283,Potato
127.55867765517617,49.91192654246059,190.67753985183492,17.366970277476383,75.04262092134685,5.176877103098279,Potato
87.46205673897526,93.66702790929136,129.65648461934114,24.010411480720116,85.67460728900646,6.209251802368265,Potato
89.81386850969162,95.73315148175729,197.0201883757603,21.7072290176744,78.88830614596108,5.607757406411321,Potato
124.03609242878503,59.76833921102009,181.9579711467467,19.167292447830143,78.93393149611967,5.619339977721226,Potato
124.90848285308438,76.50400467900485,165.14152417247556,17.73811732861561,82.63205842399813,5.6249741263644495,Potato
140.8775511333448,76.90590913746406,167.2723106129702,18.806610051409642,83.83070446878224,5.282804970461037,Potato
94.97817460344933,59.34746649450269,118.18353136741557,19.760505953667302,80.86113619397982,5.8091984633316915,Potato
114.1625232466039,59.0515764493003,173.24083881512294,22.138223521757286,83.47368881466546,5.711800406421009,Potato
115.81622072506745,81.11324409233798,181.70061025475388,15.893415582288789,86.00926220673851,5.078555484545332,Potato
97.84180352905871,100.14218303096261,134.98517979618592,23.48832939788946,81.0558747011141,5.532326287292975,Potato
111.72735698870127,82.58307348819703,167.04644861839805,16.2756003113018,84.47746018135831,5.307497109811012,Potato
126.02747348464743,78.31712700049091,156.71250814184765,17.62450081972438,80.76416555587545,5.428202443262179,Potato
95.72954931086838,78.97395158683848,200.0474387361567,24.93589895772584,83.9117409918999,6.0356578202276365,Potato
96.25068062814744,73.00231220775855,182.42960685241445,16.902086340442512,83.86728433667987,5.18421134124188,Potato
95.52943735009875,52.093840115096334,101.27928995551966,16.011421877863455,86.42328251565081,6.1454235271717215,Potato
146.8902106365958,68.98375253108989,186.5324972656321,21.38405301918798,96.61054107372621,5.637230068810643,Potato
99.65260082481718,92.57838638623691,196.81192229980655,18.93129079851225,87.50832694801936,5.7297441728965754,Potato
88.97752328662148,94.4212039012519,176.1086613689138,15.918354342685086,82.87724008548871,5.5535672609038835,Potato
74.30884756147411,97.57524102271235,118.20592552262144,15.03742428349045,84.24940255442752,5.226715706413599,Potato
88.45599961657729,60.626550980100184,183.19507575250339,15.791615763814779,84.61831462698792,5.068531273386137,Potato
95.33073911660927,80.32901466373293,153.19426763339612,20.227355787719066,91.54883613209236,6.053580467160547,Potato
115.1997767712032,81.05480710799881,130.11838050181987,17.308929451309425,86.13956442111676,5.645335971477008,Potato
78.03577533933395,58.96427654583075,189.96699877941856,22.7755213431895,80.34157570447445,5.247385587829593,Potato
101.22902905063032,63.17201407351546,165.356128081911,23.57508633071743,87.43604828958435,5.83610355962705,Potato
86.92921243235604,91.17622121971345,197.3168727104263,16.448330177152943,83.82207611449627,5.542435483697015,Potato
105.6148657926435,94.47370937372982,181.83100680040494,18.370198707344702,80.24785737936647,5.188421036053097,Potato
86.84282793710781,83.63637087340508,129.6931041437761,16.465741254681976,84.66950216652675,5.689770351268169,Potato
111.5447244415928,65.55927788668977,205.03961904780215,17.866927035819472,93.75538230607226,5.267595936073319,Potato
121.50807326529521,76.43247581104974,145.6757190948971,17.392044187505714,85.24704102170638,5.608386458385798,Potato
117.65205822783774,50.90003569503296,154.93564982993232,22.868649009371865,94.23630807881898,6.173605083633708,Potato
91.40977311476003,55.76625140526435,132.80524522874848,18.45479678014066,90.25432647119825,5.978346689703651,Potato
151.41149855209417,77.02938306557687,113.27909004496348,19.955647987441765,89.60854271805198,5.729995021699145,Potato
141.52304851785152,67.1900373638012,194.16605058233725,21.738951054729814,95.75261648128026,5.359226962275719,Potato
84.95039082905737,103.95635129997167,145.25154558904407,23.222566491521867,81.50971098392762,5.519913012713505,Potato
107.31505858853251,74.71040835914172,185.10553173337996,18.012090903224518,83.75382571931351,5.289715793262128,Potato
132.26081577692932,52.92428252070164,200.5164419668988,17.092206677040192,83.8744337890155,5.264724221398362,Potato
104.17098917441858,50.060402764995395,172.19406940947988,24.784533737558675,94.23252115840884,5.708101268039536,Potato
98.36989906608042,80.55687524901437,118.28087872097204,18.20147544647497,87.17344181819047,5.3357313944794775,Potato
120.52070435370659,63.44064493023424,189.64269160636482,21.710680991808754,85.47042632846137,5.161408322367664,Potato
89.90186586316331,57.78358667045488,107.48516607547404,21.778410406778043,90.46759044090838,5.586315387911231,Potato
139.9636445793813,74.63398291858148,185.79549160899398,20.14029445599541,82.45204029877901,5.411510174493944,Potato
88.76015397075226,64.07697205714749,146.43568400239178,17.28447445484557,83.57070018071735,5.2550394876327085,Potato
81.92104625332082,82.0563687776203,190.66437341632079,16.41457420954176,88.14140502793403,6.024888629171038,Potato
81.51045284491605,73.84839679048454,148.40185353563524,19.870161449144312,88.02897646773707,5.778284836828985,Potato
104.59475921148018,53.38353120234348,128.2536637149121,20.10929536711377,88.87694767108236,5.280272425305852,Potato
142.44378916847722,84.91558066571152,168.7537841676552,22.733667567747975,82.33885257366602,5.10449802057741,Potato
141.55938389697238,77.45431191865262,171.5961722222589,22.098334439521935,90.72378256624481,5.761986148217759,Potato
157.95028180269816,81.00064702168616,188.02364717946014,24.120412788358667,81.65784761179926,5.733845313244891,Potato
116.62393027348453,53.021376441212645,194.38670539366234,24.708605618876316,99.71707412659515,5.7188915181894755,Potato
111.18218505835044,86.95103339605866,160.09743165085527,22.278513261995407,86.06495615032978,5.530400771780643,Potato
115.1829225975106,62.824855537698284,148.95885943538616,15.765112488302535,82.0284790255389,6.105587734872072,Potato
80.96338259368535,76.30072372595795,161.08791498698935,19.051183092171026,76.72015923722039,5.595108678398195,Potato
134.15323049078913,65.03205871793723,180.85929734340112,21.08802369840683,87.84127996588401,5.498865023503138,Potato
116.16790881850932,94.0377860118102,184.38537333005303,20.901950714499577,80.41721881321904,5.810227621404312,Potato
117.87348298805729,60.971374228394545,134.69340793397672,16.814437858305983,82.89956390759174,5.9654056604493215,Potato
118.15691174045757,98.45252412965613,186.30828186164737,20.829447294508714,82.78961399484159,5.290882457123768,Potato
134.93309465811367,93.50552794295142,124.37410335465195,18.49680507881444,87.05287998032,5.559196956194592,Potato
88.78147400934877,69.89602666490664,155.2312417900644,18.38926844843716,87.93502844660136,5.764804710778723,Potato
129.31454326460158,64.63497847728938,191.4973730625655,23.34007005301236,84.46567412228899,5.248505601191245,Potato
137.7542137909852,76.34202000708628,184.33569833355122,19.219331586682202,89.25410385542526,6.096914632606307,Potato
130.86265983102692,90.34559127266179,141.8976944689837,20.273959540644526,85.41125776180036,5.443471677162183,Potato
79.62142469561915,82.9699570667166,134.41998581516398,20.628728610344787,82.18783819553222,5.213860843927283,Potato
90.14665924781575,76.26062889101478,124.93790862422597,20.629967798516162,91.83232164354466,5.082776641146259,Potato
109.03218096478538,50.1367293782575,104.42377485222099,17.13121513783372,93.29004422384627,5.6724310942281955,Potato
141.26755898951424,91.10847479788791,132.8109828889558,20.99453363149007,86.84471243324352,5.298069795206155,Potato
150.8288460501277,55.998537825716895,189.3539995685512,18.346236089441195,83.98713934301406,5.408928854722411,Potato
124.27327364110839,54.24500880722897,143.46461216218418,21.550202945961697,80.69549175793745,5.293492582092444,Potato
90.21688834079397,64.33576788763045,139.35639825222202,16.45697598965727,90.9629371562619,5.7219062746220475,Potato
85.27361203196227,77.82106821063152,189.90795607894373,24.941155946336693,74.7458029372348,5.50466829306549,Potato
126.39786997283584,100.77646091947862,130.7512041193765,22.720432914533955,77.33137985614025,5.566754258598032,Potato
92.3091911928889,93.15738311855964,131.37400884364814,19.172514334843076,85.53465105153978,5.5090025235701185,Potato
129.6279852977591,58.24626313384128,192.15118193096376,18.01351850864283,94.19126377236766,5.508506080857898,Potato
151.48111293600513,70.30000924056097,104.78944384245187,18.87802034817846,77.24296088792816,6.147025603582104,Potato
117.96616955540034,91.23375601475105,141.58957496474363,22.21208272773875,82.94663983479371,5.316592686338995,Potato
101.48728926819416,73.24076086785477,162.29167935688295,21.554077995845653,79.47222341378482,5.159856771126357,Potato
84.87932009647932,54.11636376478919,128.0820604807626,22.020925120005874,86.06876618914626,5.588602926226324,Potato
102.04426516983256,62.74299405873956,132.09215144038373,23.889991954515395,84.22576519707327,5.706620289878145,Potato
133.75998667982068,81.58074158177263,121.44424803475613,19.562952263104094,79.67628481629662,6.091120996509913,Potato
103.36276867514721,100.131532784162,139.81093586723978,21.695211484476648,78.70963263112947,6.242730659753222,Potato
96.90630028926722,78.18085556294544,201.81944404445088,19.415079549598683,86.42531806509557,5.738684058035136,Potato
87.40581714249943,53.46719060126064,149.45886700109028,21.380980781198765,81.66687157487534,5.328927912939209,Potato
87.20878019007056,85.89924684263659,141.55595645975203,19.74823636962947,84.37485587326172,6.066099277073976,Potato
116.44027546192714,66.7631973361834,132.87709474750272,22.76663627337893,86.49886313004804,5.612103154068986,Potato
126.84505243580963,94.83293739400553,187.98976431890435,15.05260123283733,79.34659012844071,5.971783436247722,Potato
114.78222223528385,65.5052747389912,107.92432328806883,17.15710955789782,80.66509941486628,5.971649152245922,Potato
117.69586086993155,61.35515447517289,189.5936058226002,17.964376251632444,81.88049447837066,6.276154745811753,Potato
91.78605048941107,75.85657709848152,136.16542329568708,24.45394506251116,84.1415420547851,5.929545670473326,Potato
91.14542411517482,34.80682254672968,43.507757916513974,25.31506687109636,83.78188350082043,7.363151228839051,Rice
96.86672116405141,35.813695252393856,38.5818174421978,33.39526360255867,85.64109157437514,5.6116221547002985,Rice
71.52386377895208,35.791395601600634,47.36169334390917,26.461903793829908,80.48879932591088,7.2876802802395515,Rice
90.52766445541981,42.33997699433234,42.52931899127145,28.02650876032487,80.86897073957233,7.331127320127453,Rice
68.25193581963059,55.10082985577572,44.376981536165935,30.167938949333866,78.18173430380688,6.189446009316024,Rice
80.9720277849222,56.84924525189136,44.77452872603891,34.29993431013158,72.38049564051302,7.397214553561126,Rice
100.47711061702826,52.70008551203167,43.91229987630527,34.981491683734625,81.21081165300922,5.328173714148623,Rice
61.61375805525664,44.53420076897586,46.34873583412916,32.8266068362141,77.60009505936405,6.544612573848729,Rice
74.87740834647704,53.37635020150635,36.03991746193509,32.293142237274694,76.12899140450664,5.872054361518966,Rice
80.1985735432478,50.274273759570285,37.93113492565149,30.276823307120317,82.07850711258648,5.763462077852371,Rice
101.89707829289217,54.52367424749105,40.03439125898774,31.656273379991617,75.41826907273884,6.011308265793064,Rice
62.00517663888796,49.114383417769474,40.16665488368809,26.44424175428354,83.23380725099062,5.312389977892649,Rice
86.67139554173511,52.12753700266073,45.180818624265584,27.69196120574849,83.6008577560356,6.85426912798519,Rice
78.45713966664637,56.3428924513362,36.61807670074119,34.84642863497085,79.27622910125237,5.8057428019143105,Rice
81.59361169611552,50.025226758518535,41.15012687797005,34.796150231455385,81.39894884533092,6.501856800768849,Rice
70.26042785530211,43.06408344596907,42.63055633824178,28.22972394662813,77.87838740484486,6.810587470079141,Rice
94.85965063187281,40.13640490527951,43.49761586695357,27.410485725715592,85.70630923952442,7.337034051699767,Rice
62.2774393145427,40.071815001059655,46.7457569117198,27.295180748174186,82.49494683494234,7.961014376229216,Rice
82.47096835382537,34.894080878856315,39.25875402712842,29.848643835041997,82.3180315101313,5.962183378965318,Rice
66.2797514034802,35.377603221039884,42.63613503910256,27.237665797911056,84.1552247578609,7.79138493226059,Rice
95.4370511828456,36.67152350139702,38.38137736450366,31.484966325506942,80.1108005018395,7.978869594005618,Rice
83.5578775546465,40.452573933737,41.08297355468141,25.748198113539353,75.28086052545738,5.271716382139997,Rice
67.33849146539781,55.908204899371455,42.252670711207905,26.036772224192266,84.14145703826212,5.519198429234699,Rice
74.44067221214556,43.241986893791875,36.090355422655044,27.769342749358007,85.13228111323407,6.3012111227926475,Rice
74.47451773570988,41.316010860894565,37.08728962866126,32.77443233378428,77.88916073250618,6.023966018477265,Rice
74.96888469308566,40.99088633993732,40.95119154059718,28.23289539042012,83.97727944554244,5.292245012405056,Rice
88.37985758606368,39.29152924422566,39.20962560735398,29.708167822838515,85.30266699136082,5.299552105180146,Rice
80.06239141204657,50.502439794851625,43.96642986679992,31.566220460091813,84.89286359226256,7.070921846395456,Rice
82.5507336692745,52.56519001422839,37.844609851369746,32.885399219729734,80.02068733616191,6.470555984758182,Rice
83.71844119204009,35.583642818349105,46.92892290631197,28.071090212246528,75.95954097481477,5.679011773523849,Rice
81.13714349986704,44.90951506708632,45.72748832029651,32.30969411164222,76.30582673328054,5.741419394283305,Rice
65.28283506274855,31.983798470160824,46.27485504001895,27.860674043513328,81.1764818637481,5.595477992650319,Rice
65.08662835710415,52.988640964432804,43.757316897417184,31.444662083666056,88.5901196793802,5.894178063168497,Rice
70.36376550518968,54.44371660448095,37.899909106286906,29.508801407946915,78.4087642128587,5.14195497207858,Rice
82.63532519794924,52.666728751618706,43.28149792327929,34.266278193506025,80.51446655057511,5.332506784779014,Rice
65.37494993203596,36.32376678024211,43.22435292203412,34.82093386221127,78.57200617145988,6.757895661464256,Rice
79.87049255649907,48.33335955844563,41.29972956641957,32.74123107690292,78.37392072051047,6.881723289030287,Rice
71.95739668815399,50.68174021564819,36.81940319165949,34.15464335643432,82.49159730616898,5.320511126180424,Rice
89.82507212997015,54.22504691635208,34.100839852258446,26.36504242024191,76.0467175191377,5.330170531853654,Rice
67.77144103400917,38.49461554419926,43.74934021116596,31.544639575479145,87.10317963953577,6.386633239931007,Rice
79.85646263166046,45.79047272574716,41.99437538047342,26.983679415724083,79.60288599504057,5.867678071945514,Rice
56.15395452381398,39.60054066717929,35.06051587947277,27.769685049724483,90.29099160280613,5.170466882373801,Rice
77.47814195155036,39.509721762379485,42.11721913386267,30.22823241215628,75.4194445653848,6.483571575206219,Rice
60.0050432172479,45.88277801944955,35.83338095291154,32.41987269043999,88.30906509733475,5.5848951984156106,Rice
86.68730990018577,45.2863755886896,42.85429047939234,32.21494074195478,88.23458569531739,5.775461147862162,Rice
97.3498528894442,41.06084659512956,42.81822258574965,33.69459341957043,79.53638096460327,6.682776237365878,Rice
62.39172352616834,51.6759776995261,39.94189878124028,30.59274852126587,78.68646936496712,6.859539591192331,Rice
92.6361346476061,46.621643399779984,36.63408752689418,34.26342653389574,77.38360381550757,6.739278561054243,Rice
80.8919736680907,60.10422210372024,39.4339652446704,33.87888595686993,77.35735372183481,7.71254707883642,Rice
80.1949990150808,53.50412522793068,39.65578647191249,33.49057489480491,81.92793348844272,5.3603392553617155,Rice
86.81776809779315,58.79856688423059,37.52910047116802,27.295201078043494,82.04126336134982,5.9903991120329705,Rice
77.5225930409574,47.039000918367016,38.01988348435754,30.314479931871965,73.87488799459577,6.880588385375874,Rice
92.37099985543394,35.85976869094397,39.67597914136885,32.36236597043577,90.57910327727893,7.094439143813366,Rice
91.52853628157067,39.1873247314471,41.31829587492827,34.7610250784459,80.8644646492018,5.810463835038957,Rice
102.44454581854284,58.60262018162483,43.08233486123419,25.116472737371105,81.04158040745158,5.273797438644081,Rice
69.48661371243189,39.21033259802097,38.90522531306663,28.27114533945099,78.67805178885735,5.225296556382365,Rice
79.23275897440396,46.71116446082857,39.62817121323088,28.423502525858485,80.7484672784415,5.251886871309555,Rice
61.260709306512375,44.32970776037815,44.09986709595194,27.88534569781857,79.7554728679123,7.0849086911075405,Rice
85.69931241440797,41.45985758209554,43.890280772689174,33.17424299762945,80.08084764602745,7.539265187235762,Rice
59.87480856191909,42.31995846985905,43.15999522186146,25.450714366434042,80.60900115246108,6.358611856743188,Rice
68.28222570558447,44.217645344801994,41.41199300501222,28.594347500084634,85.6414043493306,6.191195615172019,Rice
82.95633130632706,48.99296264553883,39.900221435341464,32.116846082760354,81.66286174681656,5.533505204586858,Rice
92.82470152780915,51.05762269959237,41.64412567318824,29.067397191069837,85.35665146284931,7.723828729213313,Rice
59.5226644188202,32.700088201612495,34.51551195608146,26.440635836922493,81.3607930774621,7.127490689018566,Rice
84.28188933160493,47.12297788795606,40.16549520925482,31.108524727590876,82.36017826521646,6.599611223571283,Rice
85.0548428536949,37.60396389294391,47.13891244010201,30.22610236393619,81.3184364240572,6.019411369636959,Rice
99.41184556277982,51.80627346966368,43.15111221929207,34.81838836115869,85.22000040948853,6.751935779369402,Rice
87.66882884536082,38.70503790571663,38.58576175659038,32.485262191212094,82.01747237272569,6.741441072188513,Rice
62.75591302422882,38.36327558023264,39.79954943141932,34.86175987845684,79.68030726545038,5.994944703324737,Rice
61.06545718449787,57.50771268835112,34.58841351299645,26.863526411160016,81.24515028901544,7.466011180980212,Rice
78.82763850031303,42.30694768263971,39.48570319694522,32.61595009277902,80.96516982237003,5.371273208662471,Rice
79.00995312136693,49.80187701866696,45.28341150270667,30.516382196999167,82.55369256500347,6.918757221465356,Rice
104.31113233091422,40.96661768564882,41.36000871467257,32.12509499201217,81.14371046326094,7.164175930493974,Rice
103.31581360421532,41.449950117524025,34.63233897349616,29.675514625078893,78.97429338185701,7.0864229780747205,Rice
94.64247458382772,41.11778253453774,40.829374773408766,27.12390819712917,83.99044729205504,5.806650329099405,Rice
71.75220531638811,54.33746608500643,41.5319737995991,25.457366634651244,83.93535880408778,6.4965998521925545,Rice
85.06275938335638,44.21585277228213,40.985416043557706,33.382882573266954,89.84894527887187,7.813587301646713,Rice
80.84445263962591,38.44257509353224,36.1998766201783,33.14808348586659,77.86249440841705,5.503432727223116,Rice
59.615905565029934,42.057450033909255,44.92877729626222,26.62539733786336,85.4623199981446,5.630467162576497,Rice
75.30553476626484,44.39429183194348,39.215562095956756,31.451808995438405,72.43647219886482,5.692454771624805,Rice
71.14058162797471,47.88660066542358,41.340737115097575,32.377337005321614,84.94787471729154,6.5313195477554,Rice
71.20279577846648,54.9113480334997,39.84562940775396,30.576249953811907,74.33591317536101,5.328024635254918,Rice
96.57762729807524,42.938142560859205,37.101459945062196,28.172289030961053,78.28638821892903,6.281881548271821,Rice
97.33835463808576,41.649061455997405,40.58520822101423,33.80945902185794,81.9739305635843,6.0618282056702615,Rice
69.68899537253743,43.804128870451905,39.11550591630047,31.424406375414307,79.15901353673215,6.497655665035055,Rice
81.52438641687739,56.74891323367224,42.38883852051155,32.202175120138506,79.61167574996693,5.267859803212599,Rice
69.05071050489423,45.51970183960277,39.87968169190322,31.52114529502332,79.96129704663363,7.357595171963215,Rice
72.48706619478706,36.5217393138974,39.3962208780291,32.21288671585088,83.47297989479429,5.252564343258723,Rice
63.395606800710524,55.41322164468053,44.332125559337555,26.45067144934444,78.54698976466709,6.33982441828965,Rice
82.90302840831872,58.175073815387144,39.414408081335715,34.22594398311313,81.10423312331035,7.50085703339866,Rice
83.9000139117754,44.90442340405847,43.27623941341881,27.858107979585014,78.52415665865344,6.661138674374115,Rice
88.23798080172861,44.77736804812231,39.01964141652268,33.36551223029958,84.79972211165922,5.813617236237902,Rice
87.45649127770888,53.09415975129211,40.18780515606222,33.93384204096914,85.93247956302797,7.527717995249948,Rice
66.02139651337187,53.38343846032757,42.833981800671914,31.512236066600412,73.83038169072573,7.080605634744219,Rice
93.38344532295606,42.1628861382251,41.405680433850726,30.983007620887452,86.57461787134899,5.295939496530403,Rice
60.87558898273202,40.99671606429501,45.19878839983208,26.09048211171581,79.60891841259713,6.660431279871729,Rice
75.97154860047358,41.72724659951447,47.256648535565425,29.362212260796284,82.33210046880602,7.70027874291249,Rice
83.78436867389108,40.86127874960894,38.55401243117812,31.116443846481417,77.16868286683903,6.182443713108746,Rice
56.28686913353016,35.72601279713517,43.929052996935496,25.818692724827727,83.70460503575049,5.477625807423946,Rice
65.37397056634671,53.092793670636595,44.05243459530429,26.11462011477544,91.45333701055975,6.245743742760442,Rice
76.67590277960083,41.96045421499235,38.143929223519436,34.934812551072085,81.02216794868528,6.627925591655222,Rice
66.89830792509056,43.08328403634779,37.769082564624966,28.322341509625947,79.1010660920204,7.7809979611248385,Rice
88.25810534054493,54.19609237535984,39.27564915083733,28.49732487291164,81.67133742963567,5.52861064160101,Rice
73.88740970929592,41.388641167408885,41.791742978896444,27.51529150599892,74.91160144316734,7.001264894328306,Rice
77.05416721011562,44.376956398725675,45.573783092122696,31.46019769494277,86.55180212749518,6.355109812748402,Rice
103.31311235681119,59.29453607380347,42.69387452020106,29.730758868067966,81.65805437553001,5.243225959983697,Rice
79.81340221839122,39.43779579103597,37.27389857940766,32.90430957373504,75.96126051966561,5.555522761030698,Rice
76.25708841282145,59.11498615904265,37.09313139309933,30.12494831855787,78.71590935657359,6.313536685506758,Rice
94.57946156314388,35.649411819473194,40.61631455976245,25.154159802837157,81.672690482426,5.542647048156376,Rice
68.91078855532264,43.83812784788082,40.88440657046071,29.826873903267956,86.01891874662707,8.029951407239528,Rice
65.27453468885501,53.76406291882964,38.52146653295995,25.551872905947747,77.5815080100981,5.325181186001365,Rice
80.50461121767532,44.887410752948476,36.64559458693673,33.26786380481427,85.56942930661316,5.592724710125876,Rice
72.5605783622147,42.047937724248634,36.34563989827902,26.136580849847007,82.01920253472193,5.385352087468436,Rice
94.13351961135295,40.59467691145303,37.6498716991981,27.169540149658157,79.02931703950772,6.172320000837532,Rice
62.220984755816815,46.68916507877081,42.793790176685775,29.59965242794829,80.30248660700651,6.461954326009624,Rice
77.86228911426485,39.805636557354596,39.99824593392788,26.951840554004146,89.31609044622336,5.160580163690941,Rice
92.81720601860351,54.398251359859074,40.09072641086284,30.392199601970315,75.65384310750892,5.083916442523098,Rice
98.00513210855586,44.212690166145215,40.601955080455646,29.606984244467053,79.50402511257552,6.772369302113938,Rice
66.36297320740877,46.70388301568379,45.858169412217265,34.52522610917289,84.08954021769641,7.193529054668079,Rice
72.51995001851098,36.639176321258006,40.63397357683624,25.883735633246136,83.13922045852196,6.941701613956005,Rice
98.894590504257,47.3397656836221,46.26901995851108,30.767320482685506,77.87805374342297,5.246386230999957,Rice
90.19038473986211,49.342275426470444,43.55122226072439,32.20399609643984,85.63900186374077,7.187383797170433,Rice
60.619755520953085,44.18533722824356,39.40046971597446,26.27627009055856,86.86366575448902,7.493295919993181,Rice
66.35706206647585,51.63139783152067,41.90654864715709,31.364621277574017,83.17069602940171,6.758490722570955,Rice
91.97949623997975,36.80769220052347,41.51551352824523,33.64239054169826,77.62480833446847,7.2611416705413845,Rice
84.79801825771999,42.08429563172344,39.826696708242366,32.87555643428156,80.28492008637917,5.531620886106545,Rice
84.28394314941458,57.790661774479766,36.724673958326065,34.35170690429058,83.96544843595329,5.366605842510621,Rice
101.10016868008857,40.14241141403109,37.125198028414125,32.205856967409446,76.5519784717733,6.028793831837617,Rice
72.15601594007462,41.0667122949265,39.20062445837326,28.939868296723176,88.06696684018448,5.480443237461517,Rice
64.9462784753518,51.050343508562946,35.434090785792556,34.20451384590811,89.48719992234086,5.287922541257215,Rice
81.8412097216414,52.42604344193007,36.57098187926519,27.25356767614801,81.6095735358958,5.841006682875563,Rice
95.05985304528731,36.21775660737637,41.725750182858384,30.83702278525014,82.47509953268695,5.837401240384125,Rice
67.92648666894887,42.015806320860996,39.553913462738315,32.656579450946694,86.25003836458687,5.291728600729771,Rice
82.66149275279294,43.56557960207804,35.58114342674366,33.722811669954794,90.61510103619437,7.376418816500261,Rice
59.06246271640635,51.44268461781568,37.761993019838535,34.1654213109391,89.171742105111,6.279957379224083,Rice
61.69589607928981,45.151040493591964,36.140758665724825,25.84975649482363,73.4601471047716,5.6294665405748985,Rice
105.59634900481748,46.1902512418806,42.66441297927433,32.26059169454195,79.27378990367473,6.180442909567106,Rice
62.59421095015847,51.89455888865651,37.10396148975095,27.041042934410154,83.06928983199981,7.567345781835512,Rice
66.77688389067323,55.28558501036932,35.09758765419429,32.7911944148685,80.27692012036252,7.351244875347107,Rice
92.83192334245295,44.29041234787186,37.310604907473575,32.00689731933609,89.98999354838959,6.405770004302658,Rice
74.31503236018128,38.92831029218852,39.46304038829291,26.813523586003104,88.4000354475205,5.291822350243695,Rice
70.17407103149068,38.97499899860613,36.18645848446248,33.328301724195285,77.06222112339246,5.70574875877813,Rice
92.01577738576174,41.23268981664255,35.98238179343939,29.617888040185615,80.25424530248965,6.71688984373185,Rice
73.55492613183708,46.469631940705284,41.33940065706729,30.438561519010435,79.4764947037771,5.697165542628461,Rice
92.71193417236601,59.436175456995535,43.639184574250805,34.71403753543467,80.25197847906269,6.36018434334215,Rice
73.53581228456403,43.49164286351398,40.17766643881365,31.56625587519299,79.40321592018394,5.262966923810599,Rice
60.48519356354543,38.35427370608125,34.368126744069954,30.88563145024777,84.76647474101425,7.22659440596009,Rice
83.31225113691629,48.67464655022558,39.07076023390004,25.167627723637676,78.75875088875989,7.268735949524782,Rice
69.64540896806037,56.145380303851745,43.364998402259836,26.992148350939395,70.81974332327214,5.300424838406911,Rice
100.71393756520754,39.58391823047388,38.27065455198825,25.265654210499378,74.05525161119428,7.734516550250231,Rice
104.65580582159411,52.426533813513984,46.95436910721111,28.333124257161494,76.77646861097665,5.6502228159435965,Rice
94.8823952950947,49.99704662441021,41.649813076798424,28.445083530273237,80.14418919935648,7.4509519140008305,Rice
71.78943157484024,44.512654732350946,36.542504743559604,30.30330070391844,82.05669777434566,7.245799957386917,Rice
74.842232451716,48.16380910572286,39.33363417273185,31.897684469925174,76.934096714699,7.831559459704084,Rice
91.02896290186212,44.39951899667998,43.35562672738591,26.79345171896313,75.58699904228492,6.897856405781904,Rice
78.3202957777216,41.77988837421125,44.030947686400836,31.016544208097425,77.15341316144062,7.173015210736725,Rice
90.3538057980301,47.65125322206359,45.68509499955002,34.16976274528907,77.84510621759541,6.69223896062199,Rice
89.07081068447282,35.61331415345247,36.83371480736738,26.850078561592078,80.07523058406547,5.489274476167493,Rice
68.84655374469692,50.39739206676739,42.19967782681954,31.590880302653638,78.87832912171847,5.7815966427618095,Rice
62.45267576002551,52.002983582336356,40.02505373372002,25.455891412519073,85.52955063185313,5.100561397829253,Rice
91.01370308039576,40.32390536289176,39.679886806791544,30.31147634291124,77.12621760505472,5.0687432402854125,Rice
91.61048154491152,46.60114035321776,40.810132863476156,32.415392571057794,81.11624002462021,6.948697977047686,Rice
71.21441439707388,39.94318175049003,40.01888294318945,25.340417811901432,77.91202534094113,6.208490745437305,Rice
82.26995467299653,39.04274253840877,35.02810873241961,28.336653911425344,84.3193611795882,7.628906941116256,Rice
88.86658946384375,51.068558908369354,44.11559601005512,33.779569853919895,81.92830042812852,6.531035786535987,Rice
74.00690069188855,36.071982536486736,38.34383934739942,27.25479795800039,87.04876602847119,7.66073019820299,Rice
67.77538654328973,56.41410638692221,38.080245662396216,32.22874554395696,77.5290393438146,5.143201903794547,Rice
88.56826373038787,43.19822174881478,37.14198017663991,31.122382739274947,81.80717066642484,6.809717173224085,Rice
93.32407536022995,51.40045574719748,40.837409856549655,26.63687665959495,80.0725043675117,7.964963270975868,Rice
96.18206696571288,46.13655330455758,35.587423036098215,32.417075139818316,77.08836532976945,5.071292045195681,Rice
65.27870770838409,44.19419898632922,39.51724161286043,30.32080993032198,80.49004429126389,6.308589480759981,Rice
94.68436458809295,51.85433096341373,35.48742635405925,26.120258007262834,88.45161496509463,5.639999472681721,Rice
89.16532733064498,47.572876284424034,35.61902127895653,34.4937140326527,78.48595161562879,6.459079975606414,Rice
86.13194823771894,39.57142566467388,35.19675064551824,29.919620291435344,81.24235058554395,5.150440376300425,Rice
75.28595180183743,56.04635472977379,41.202318230489134,32.45080834803003,77.23214838302509,6.401174183334114,Rice
55.49691424408047,43.22459935068467,38.38199346801611,27.177002655257354,75.48090574472418,5.4269626290129045,Rice
86.62291238241824,36.7334884176306,42.227076624815346,26.371832094043523,77.36393467000667,6.373137759593031,Rice
71.91482378942756,40.053669248753316,45.60406336031567,32.41306776129919,78.82933032500644,6.146433520085315,Rice
73.7764853158984,49.47166001262187,38.68965376212944,31.73824178558382,80.86436558406199,5.734101644936481,Rice
100.60527160559808,48.11139603804991,40.071591410710646,27.741076877038925,79.12176712928097,7.858789301253762,Rice
63.77795615160065,56.32795404265119,43.50119832002619,32.462834355157156,75.79916813147116,6.898654726806936,Rice
92.9177727756078,48.59518779663474,37.523571210977245,30.049922610185025,77.65776013804576,6.250345450034562,Rice
76.01533216217494,39.447486193109654,45.50401319447333,28.48597256647406,83.21148699113954,5.5630594040096675,Rice
92.3757429345867,43.11638874260839,47.756955574472975,32.868918174796605,76.80452307800243,7.019055004730493,Rice
73.837688453165,37.70156124572509,45.88109349991616,31.16782747542208,79.78054892415224,5.471112842890346,Rice
82.86542286633606,52.35112669341278,36.19563382668587,30.072683659719964,83.6745425311757,6.762038412274502,Rice
84.76406614210427,37.17813545895353,40.86404262841184,32.73107096750963,77.16005974639762,5.3122235303184455,Rice
85.48617493436082,53.05282025399519,39.8568137260985,30.448283598060094,82.92692988644805,5.877470997686989,Rice
65.87697228225869,46.99192316468182,41.72217638622206,34.38534432933589,75.5300144560813,7.434525885245031,Rice
72.16173001774712,52.21042007342249,40.01333707896041,33.180556927874775,86.34512785715366,5.574916705388976,Rice
97.1211707778011,34.444953346044024,34.69564004393313,28.58187572740197,81.74920416825317,6.7712615390708555,Rice
61.268700439157236,41.108321562236746,45.10687551198335,29.649192505462587,81.24129092145309,7.91728959606291,Rice
82.58299533934485,54.29224795130127,38.93023253104138,34.57333068695388,86.58856338332643,7.279542536055093,Rice
52.97171783674948,47.0295673879306,34.632421658936195,33.95204394793917,81.57398315104703,6.116266179615105,Rice
59.888427510868304,44.350149432319846,38.87763682879064,26.911855376343116,79.99478180061064,7.28512544759004,Rice
88.32033454668577,52.36024749990045,43.16603865571472,27.74303832823349,88.20394011524374,6.335908781134737,Rice
79.66445318481587,52.27119519792865,38.88232920561383,28.64420519361972,89.05741258426531,7.491341689883378,Rice
80.99502268432008,36.44504804268036,43.2153266591948,33.798490361439036,78.86045059847086,7.226067552479731,Rice
69.74171183858749,57.00942191825411,37.02200541024136,34.274173118952646,82.10611868192814,7.989765950081109,Rice
82.3805249065453,33.53705819391577,39.53306824921095,33.023402408025994,86.92536629196815,5.843057644849452,Rice
105.61919529582948,59.94178865634089,44.11982680962427,27.75708446060262,82.08483962706752,7.030288415372489,Rice
73.22360835950737,41.81448060455369,43.26994041591083,33.87064806635232,84.90707482157683,5.249323918795316,Rice
68.20598310089925,40.78576411938908,37.546685840427195,25.328811259406983,85.86347391291955,5.129553578756603,Rice
70.62285227398493,39.64012489429039,38.53753770628259,29.228034808905182,78.08253047597931,5.097178528540183,Rice
90.39870813623385,53.419692462483894,46.446759511126736,28.776286323317375,82.57342122575338,5.223523089059511,Rice
69.4996948642498,62.2461375426012,37.48396098488899,30.352396059045738,82.90266310788266,7.765408421246659,Rice
78.34449414327982,40.8762695733086,41.48143376291254,30.606405572348287,76.66741595639347,5.64462456977156,Rice
77.21589125674627,37.46499305033628,41.00971593022444,27.25404486843459,76.54458530549809,5.373983811476941,Rice
86.72608068037269,41.25105438930646,42.056791900501686,27.045557027857562,78.85026890066126,6.5504659823912075,Rice
95.9175045045123,41.85408869435579,43.67394940669802,33.03566591792155,85.74137544303673,7.3856727148538335,Rice
84.087906422215,54.53185787383464,40.762311967532234,25.761967978398435,86.44953129573615,5.812416926688289,Rice
72.86983869497163,35.45875677468032,43.36858831297314,29.932860438620455,85.52754112417765,6.884341057728083,Rice
70.88360575022494,58.200429396740766,38.81926205963135,26.91646406597679,81.91141804929877,6.394196646037716,Rice
79.55383860250085,59.06334554077348,41.812276690851704,28.19567225120978,83.03996424637923,7.198064034676147,Rice
70.18905330324047,37.56260881082047,39.95507519674116,27.772944191720082,81.17280534025268,6.864537873053924,Rice
92.75015797531186,53.37457784887751,42.80361210793341,32.08522225947204,84.34915806579944,7.0439114669108225,Rice
73.05956745455191,56.339322835625694,37.388421662078834,29.560206032945494,82.4355688274187,6.2212707492305945,Rice
55.33169435291553,57.34761042153382,38.54017086594737,27.99441834446104,76.12529724168905,7.27088296357999,Rice
73.64179065464532,53.40808592799259,41.32921686418063,33.31351997980205,78.48322709916509,7.422797895314331,Rice
82.72604244893438,34.273827148474325,41.270676727995486,25.85795141290802,77.66435869169231,7.231960795232365,Rice
89.47855886619398,35.79653531323958,38.996600681017924,32.6636064547364,86.21239748428982,6.26881622253037,Rice
73.72626521926279,55.97371179137081,43.36821055336054,27.48312757900298,88.94071474223757,5.6715731325477625,Rice
68.99701130297107,43.97429080322317,43.95417641839464,34.18019222626783,72.99842883845801,6.765099634237056,Rice
74.6648018116466,51.225433310194774,37.154143060110115,25.055590853695488,86.55135465963947,6.721874234966769,Rice
94.91766198366659,47.74756599116424,39.715139885723175,30.566633373593394,81.45196034022025,5.203532313931167,Rice
96.32722679501799,46.17672882020098,40.08675617843474,31.22264984027594,85.77369148527772,5.239588923600842,Rice
63.34783141809892,38.84792183640909,36.774735682794656,30.773003326469002,83.02616616828007,7.066026378569296,Rice
79.91325563775138,43.7537103285858,42.96308808584581,33.15015292199013,88.20684939565659,7.0414150484330635,Rice
96.8621789712579,56.02718237311882,41.02764597795658,26.121640080838112,81.80266437464212,7.137479442474702,Rice
89.90900388034987,41.74303284240763,42.56977276325809,29.155560042925842,76.86275371779728,7.487684313820888,Rice
78.96716438652228,35.36246308164967,37.83701952356433,33.637367730199735,80.01517571751506,6.638364761907767,Rice
92.36418174113493,56.36992290021039,38.00142728733208,33.887352885289914,84.43031316857954,5.320041793842933,Rice
80.56151500113327,49.47984510210538,38.67826580764654,29.983444032387656,79.68060870641531,5.210941331448052,Rice
66.46472558047533,52.61188928266273,41.30987430476178,30.5796689387008,84.26706658980343,7.7491222290490755,Rice
63.19356434236113,56.53468727772872,42.13729414769051,32.63908440489901,80.69562492218509,7.668050760664375,Rice
69.01677733272795,42.30394918886213,39.29750421845249,32.79610394298641,79.47303524206906,6.2385901787228475,Rice
63.16824652678299,63.528066722274126,37.939320880304265,33.880812995058605,76.25965297332691,5.31603054259795,Rice
72.93636946754508,53.539794427326036,36.95140080709937,33.43857399183043,80.7722196045807,5.203751763112075,Rice
97.13974437680658,41.513579031874286,38.85736836049472,29.144233128642945,82.55663904756824,5.519194290220368,Rice
96.3348452127054,45.48751636662907,38.82642474043199,31.497533264716566,74.75290126936972,6.651735502359033,Rice
62.63485250074021,37.26991617213242,42.23981563737099,29.83235257861734,78.93172005737217,7.507395966995458,Rice
57.73706151292476,49.570321208409084,38.823559554498,26.179614664201317,73.6535011631485,7.373449690811614,Rice
86.34597497365746,48.279766941559835,31.306332365325346,33.216809200050626,79.94242870875209,5.397884867117361,Rice
75.2908846288327,47.49975410801234,40.27140142003675,31.017635297005068,85.4877610167213,7.038520517537461,Rice
65.85273213368772,58.27293582428964,42.35361896972856,25.580052038059126,77.04118592594102,5.091257974802082,Rice
81.54529297247876,45.68516689637447,36.19821141805156,31.768682790089727,84.02502797297954,6.8369052121938125,Rice
63.3701811561762,52.69779136465828,41.38133494809952,27.831010358971017,93.9445130113177,6.467590499183898,Rice
66.878915195027,52.806269015980966,38.161236406025786,25.692652087166806,85.89289583646492,4.999638593110472,Rice
91.64066103153083,47.625513290491234,37.066438855999984,31.065889146836447,81.82575560432181,7.3741034518898205,Rice
82.83326222866194,36.04268659222833,42.281002233559086,32.322086541292435,85.47276003380091,7.372770658970348,Rice
72.33458517118596,50.49296688768081,43.01830233562419,30.17284294321492,75.80854733299171,6.773251852253125,Rice
82.95410419804503,54.34918591588424,40.56615914454121,25.056482735700925,74.3640919741303,6.182253601370705,Rice
97.42053099274987,38.19907819800921,42.00155943972564,30.768827369426035,81.50983908317724,5.616004206938787,Rice
60.31290839837805,51.9348836900781,43.37183157085981,25.0660907531796,84.19448340195866,6.244437287315061,Rice
91.68871632557871,41.374900542530774,42.53142520687943,34.26408301297118,85.03208901489351,7.3857592982654525,Rice
68.09178191782895,39.41144207934497,43.757584428112764,27.67305157725052,78.79514288137632,6.4262638603248945,Rice
79.19735507969992,52.69123863293094,44.07394471453453,33.71006603497024,83.77331746462612,8.0109285624637,Rice
71.61633621547949,42.665077111499926,37.44334847117787,25.121092886168704,83.39668369697182,6.419040725718074,Rice
74.23575830980427,47.93288995425025,41.768494631273306,25.972165104921704,79.57565911808435,5.583801564380938,Rice
68.21260101239456,50.07606601331723,42.96853555248789,29.51408304602657,81.29533103672075,5.5346854976231326,Rice
90.38920746933401,35.18512480152087,38.060689966841245,32.58607379052669,76.76903474869869,6.952820806100143,Rice
73.35532574614597,42.680138939536526,37.148713888800906,34.425617005006366,83.92930786228155,5.849821965608135,Rice
97.0486453093253,41.35299459227409,44.959032639727454,30.2109481516843,82.11775315780658,5.521380511642157,Rice
79.80572027672335,42.300850204328256,38.057687656711465,28.55460713666596,79.46764636720391,5.346944630436184,Rice
94.26690732772406,47.29265467439539,39.32343475720328,25.44554539917181,83.50919322621398,5.8435530292057365,Rice
86.4571539280939,35.692130569445375,39.04393115494613,30.837094717387117,85.90548081232768,7.033825395334207,Rice
77.7692276525882,51.83204338440404,36.72356872201743,28.800437644985337,83.1592341575674,6.360903353502435,Rice
92.94118812347183,40.84307942720258,39.550028943270064,34.09133484675041,78.10216192586314,7.195562793168236,Rice
88.67774721927003,40.639826852421294,41.622535525678074,29.800592228400006,81.87955615671314,5.654416035632656,Rice
78.48708513385898,59.34620628083192,41.36531439296042,32.65446983129776,77.97621859873848,5.586942987262044,Rice
76.23596838436835,44.39490300519233,40.86035710360613,33.48210528214896,82.92081078152752,7.483410757220001,Rice
85.36645220353404,47.124751154514435,35.868597363716205,25.982776116777544,76.90009513756885,7.775571128386294,Rice
86.71115553529782,51.096598028406305,41.27566063826533,29.40846307756245,85.66776317923515,5.664987187740535,Rice
77.50075482778729,55.14451794799501,39.54180347796607,33.93717431012312,84.44517497357518,5.75960885857602,Rice
94.26513092776148,36.49294149099695,40.40625456711704,29.244552983196915,87.1063015631621,6.130521849705236,Rice
73.84851213211964,40.54041936297762,41.30085372311052,30.651542769673853,84.39176106913041,7.818373743184179,Rice
81.57821550257441,57.08771352427008,39.91997504593251,33.73103947298848,81.27083584122752,5.593244199603732,Rice
88.48993323323872,35.404261583050484,44.53579849562686,27.32593586689793,79.76786177386049,6.457872047540224,Rice
102.84361816507615,50.258146257328455,34.89699887222324,33.94581662823464,88.79895118267544,6.637088307300785,Rice
70.8999061891504,50.13363264797187,41.67745203544644,28.970284211896153,81.01870053284422,7.568146502249758,Rice
71.748996682063,50.65458284938231,43.91590134651623,30.930333286590653,74.73876710831212,5.961925708546054,Rice
64.07720125259097,57.48891099571345,37.66465165890404,28.280394820658532,84.81692469327908,7.200506716561711,Rice
88.44637479640637,55.622905593051705,41.80157109904185,30.2711905375959,82.8572840369734,5.718976460584287,Rice
79.1352322144721,38.064118891945505,37.31774767960379,25.492858030225026,87.3537087671911,6.073043282087496,Rice
70.52239018165909,50.484607733567906,41.66237767340789,25.652599752387633,82.67385795328104,5.299756714088935,Rice
69.7810838802685,53.99463043361327,39.976049426280596,29.147227619375855,82.75176510002463,6.150712078536771,Rice
89.6733383333381,41.84348941168682,39.42660242058916,28.349519234335784,86.25389098632404,5.673537273274439,Rice
76.06388281334371,55.01643879348777,39.63537287662552,31.157918102751083,75.09140300058155,6.707388378124203,Rice
84.47534027530304,47.64009311228345,45.035986908058874,25.37910167043806,78.71065174128206,6.1112771559385255,Rice
62.144515063391246,40.63429681878144,42.357721074553425,26.676686697368915,76.75572749928634,7.190840649135208,Rice
64.58437786834925,58.9298192258126,41.199931461439824,27.09591894125792,73.7590035147046,7.724062431002954,Rice
62.90281846903922,57.25004540524815,36.80414242490772,29.404917685298003,86.50301305885088,5.619510968029207,Rice
71.63071729386722,37.08950698361256,37.535915254406056,27.468347623789526,78.67874642170405,7.966292384154421,Rice
81.15656248807993,45.857537576669095,37.42621747346385,26.376626858077305,86.59019104322563,6.3055647685422285,Rice
67.1168645011143,36.7272105838921,40.89995432059088,30.975736737824377,81.66391962139494,5.73827511281439,Rice
82.45112970503332,34.461622915444195,36.61073261325828,32.43871977803222,85.46058937918103,7.016959493456382,Rice
59.92059420864111,38.73727094279475,38.07327470821694,31.852680667972216,80.62909567491981,6.298685802122894,Rice
69.70720044801729,56.88806416125948,39.43521379052245,27.761800952275212,77.56142786547522,6.753041348395194,Rice
61.57921745017369,35.741995569535455,37.67596413459111,33.54444836366964,82.16575734427354,5.935031666037976,Rice
68.87278356775519,37.052771126229594,40.61194879781932,31.11822179427402,86.18163652653733,6.840316121301443,Rice
174.39745068860378,32.700710672821465,141.2521123867271,22.83213177412032,71.91957644622572,6.12894772152897,Corn
199.97166463886992,30.186550362614447,52.27907250584775,23.54562146392445,75.90098871952931,6.20809094949076,Corn
199.1772264384885,53.22157768352519,69.09177886066254,22.100076715326473,65.53669000768316,5.714828538998699,Corn
185.1205326281127,35.3046278971722,122.19830168550335,29.354205903028863,77.4358776751674,5.819052404369975,Corn
181.5266646451047,62.49344307632547,92.66195400956644,21.034294129771787,62.48224524909589,6.4069048843322705,Corn
162.34177635211606,69.5796293921685,62.70708019333535,22.91215539116367,69.2072153868488,5.261992024284199,Corn
179.6652019642176,39.08417640338198,101.3862688308454,27.338687095812908,67.07280373556011,5.55753314189242,Corn
164.1848935872115,40.55381778136111,57.97650408907728,22.37210007151277,67.11346145574929,6.194750922791203,Corn
164.967957800103,46.21627658820394,131.86851542070715,28.639330757257433,63.20489604531767,6.193691797597549,Corn
205.39569046615142,66.6066974254295,49.31765645520373,20.916871681764587,65.36493226644302,5.3214659866213285,Corn
180.62187220319382,44.261714345605476,99.54911854333695,18.376138100512847,67.71181054227907,7.055082503358258,Corn
166.36999094383566,36.29425510194003,48.57711898490567,25.545013347022426,78.77141124843095,5.617195268028474,Corn
182.5314089003924,68.95088325417527,104.64735139722961,24.099041492821563,61.33833727481822,6.659455814044142,Corn
167.36722611983896,49.001978879742005,128.52512820823094,29.19669695868987,76.35404962854356,5.59094220926347,Corn
159.93178619220515,42.43750646666993,108.41753127430955,23.07758791075154,66.75153264339882,5.161553139706034,Corn
164.87153527921734,64.86223344277919,79.61728239229403,19.627083095498328,71.44847218137082,5.932775481923674,Corn
175.81794540810245,68.49961427725471,67.2209410500324,21.9569464469562,72.10759202117028,6.06348138988196,Corn
183.14408759680902,50.30310094222354,55.20332665319372,22.718541719525078,72.26339278008511,5.312113849443261,Corn
152.5829457540884,42.18441488487661,131.66362098838925,24.997581765909658,72.20421702039262,5.5042195253919335,Corn
184.2510519932549,47.55150858303464,47.74029804485717,21.29400589307011,75.69147247706583,6.19290888084691,Corn
163.17391224608573,37.280186115618775,99.98019353296382,24.603759842085662,72.01530357827826,6.9241540776041095,Corn
166.73605815349003,47.99739721310785,73.56036915712956,28.896550386791564,69.86601197736182,5.795458364165735,Corn
152.63656781502456,40.07886092639903,138.43730753135728,23.08476419758288,78.56438861772618,6.835756970199496,Corn
169.54167213667978,56.70562010330775,86.4389748712775,25.818833927251575,71.69806409780475,5.854285337165251,Corn
161.3292889455494,62.80246406224858,103.20926159521642,20.746783045509552,71.94098713670803,5.082054886418952,Corn
199.33662561900903,68.77206709599606,123.20697418294746,27.615924540552268,68.98674343360389,6.746274535833535,Corn
184.12322809708124,64.92451761268495,135.61423312541237,21.236047564320707,71.49221654959253,5.277552005459956,Corn
149.46156175504194,33.163698784292485,88.8409709689878,24.95763352206668,66.37487025159712,5.9994065234661,Corn
190.79866194003156,35.11039643375833,121.39187552054726,21.60296963679222,67.04287229356979,6.568592055799749,Corn
171.1547090605698,50.71417109904715,103.46434199286364,18.808828200742163,64.14094812584784,5.249942878776457,Corn
175.26132593541593,39.54728831238032,81.26400387861284,21.83595288673237,76.2569919670248,5.020841884621038,Corn
197.1391251949765,28.986188277627377,43.598655164647724,20.54436792853619,73.07957009274689,6.349730141690138,Corn
201.38481445910648,58.48401875503073,111.78814586240698,28.712085220831547,72.53406868739403,6.323325402594074,Corn
167.64652925175042,44.610181277936746,107.03102699461985,21.19394537565772,76.42553727230167,5.343895694305121,Corn
174.25681679759316,30.79431581971988,51.31663089813565,29.693078181227065,68.06174546974017,5.588282225586838,Corn
152.50921644716306,48.56393138939859,69.17346609120811,23.908149740698384,70.52670702719259,5.4504540446117735,Corn
197.92281192783184,74.43544822266084,114.18745208371848,20.65277959881179,65.85374399549056,6.788595504834074,Corn
179.468238796505,52.562489270246196,56.43581519290742,22.696129597988346,64.64805336309462,5.73002221526396,Corn
169.88095126210837,36.01770505130405,106.5599989630247,20.201173409971048,70.600822489582,6.928722152343168,Corn
193.82135969343634,47.622703871259894,107.41281408154997,28.004199046145445,75.06571447142178,4.966958704545535,Corn
175.96873808442186,63.58590744195218,75.24791033212776,19.439631231677705,63.44361581407171,6.1348029206480525,Corn
188.04000874634332,31.851688848801498,74.05837822586496,28.48233301794496,79.88134746536292,5.97121882674254,Corn
172.4182426230782,52.77442765892893,76.19297643038283,18.551004581425058,72.3331479461347,6.532782240489177,Corn
156.6822475520103,60.539736816029816,77.29167393508061,21.595295178351996,71.81565870937551,5.644459811452228,Corn
157.5461907532946,62.08964558995064,96.53091201189604,19.678640642913322,71.97342523429768,6.817644496051668,Corn
196.62633294165684,37.52212426199844,98.6267637899425,26.223186551048848,71.214932962881,5.2600718025497715,Corn
147.23127794609715,69.68727991523573,121.19240466427568,24.14786077191649,71.76923733701236,5.586460105980969,Corn
210.64858915025093,39.9319512778349,48.1176620362736,29.27207487417445,63.65344855507027,6.275838603593524,Corn
186.92138109610443,31.679920429918223,116.0088450557609,22.39416913296779,69.82504403152333,5.674328162699324,Corn
177.78537729596576,34.10776741637606,77.27822743623946,18.488989122005922,69.71312962069258,6.086972523960412,Corn
172.96286887998116,50.407156158216175,121.71068422982279,27.1399087583416,63.322854759569644,6.150992434863003,Corn
181.29547347088578,34.369514698068286,41.96577333759027,24.95400779610861,66.55775004354504,6.735428623433639,Corn
175.09962615406323,64.45240510867055,89.84457230084236,27.929223662932966,78.20000310352874,5.501147079037368,Corn
183.69919538868714,67.5300750207472,96.75059350180635,23.1136628648833,65.99513271798281,5.951688643253661,Corn
147.60117028105483,34.55575944092901,73.51429218523305,26.858173936277407,75.63154143817418,6.838935604184482,Corn
210.77681649731642,62.70102706869061,136.95924074923346,20.05278847379362,74.07736875073861,5.7108976484187055,Corn
139.9001256882223,68.24741908751277,49.34833761542724,29.99431865798209,82.22651873670328,6.343965749169783,Corn
163.94205764518918,31.491535366504124,56.160027827045376,20.08376369842931,72.4235468842405,5.403438592756003,Corn
181.98041581947803,56.299344101310766,101.80827943710116,27.95760753190639,77.67016938882338,6.487116374765048,Corn
146.83865452458676,70.20035886033176,92.83710609297528,20.549258027552714,72.11554460611833,6.2427078332683195,Corn
179.19059355392304,56.54145320220691,67.09565857992746,27.390095815130017,74.17399700893425,5.3742312658845375,Corn
150.17263690666636,48.884809259813885,69.12955025681588,28.335029004329677,73.31055380596555,5.310416585009138,Corn
175.65853901475285,65.01581792320658,53.24781865937156,28.519690874517217,74.42886270033885,5.298734346754248,Corn
177.2737624357743,61.086305160834236,124.06764509405997,23.70862136295812,72.33606562880506,4.987715603612895,Corn
147.3358518493181,44.01458236202886,106.03444571122454,23.145755677399514,71.0678168634025,5.326877944110248,Corn
173.06190659435833,37.09504894602237,68.07018184739556,28.005493561568837,65.74936023444354,6.243734702501629,Corn
161.67164414659632,55.743944450420926,83.39006377259341,24.953870675409767,61.049570618353144,5.523090245301959,Corn
200.7125610941825,45.25286498147178,125.53020357350897,25.45532197786234,69.00810529691493,5.521373153790844,Corn
154.4332908963136,43.69696134668969,119.43372749470201,20.832805454503458,64.06946646030934,5.2974398549396025,Corn
173.58671739381822,34.114796807919255,49.482532978217264,23.35388417043128,66.6683217225685,6.020352273746361,Corn
179.69293955656207,61.83310237562451,110.17859029972647,22.433386656801446,71.51168574454178,5.644885819437829,Corn
177.9051094592807,61.25559776359913,55.676590733725114,25.98385870905641,70.58210689374754,6.735768744019257,Corn
192.92237665572804,43.62002897998439,59.95655328684143,20.357799360230352,71.96589152246182,5.230969282104291,Corn
179.42678420601712,39.71965337546763,117.16710949207922,22.869023120667464,69.50121530010763,5.837786832499647,Corn
186.30139316609447,35.52449351187102,135.13627503226272,28.18478470797789,71.06495326595656,6.342978394775464,Corn
181.78479186423647,32.01095336814286,51.131880745154774,24.55734812506239,70.75113068283099,4.969609960469742,Corn
194.26598847289563,54.75336149326534,123.06677451023299,28.752527727897743,69.79052098630615,6.106073727569488,Corn
179.11754180453448,36.7716837257224,108.54641162014504,20.79032932748017,68.55102063580128,5.196025888106531,Corn
166.9322370373379,72.1255071467355,124.86668316011276,23.278840039179236,63.229312727150514,6.738989316228274,Corn
154.1759343155516,40.90770978331585,115.35661323884307,24.004994678341262,76.06008139642668,5.740043961985652,Corn
154.59095908076006,33.45839793909175,98.79344023876166,22.806808887674237,73.35916009222326,6.76136623972134,Corn
195.55507444181865,60.170652437403646,133.95635106806705,26.213922748170365,74.11949713818272,6.103973798877296,Corn
168.89985537072505,42.53158170837096,58.875580231816905,19.784637739121646,60.67810564269515,6.925988477402323,Corn
168.07920948168444,47.79238667296164,90.70061658759421,24.232804682062294,61.74361588543252,5.754169109210843,Corn
178.61424928714766,35.74890319993247,70.4661818378705,19.66526820571211,66.72583877390967,6.416059417111122,Corn
193.37710932824626,55.60197616947366,129.1267103157636,25.550369865450655,79.82873867502042,5.759365498094882,Corn
166.6462647603675,44.229061144885904,50.40797713879739,27.962977599293602,67.48994942760925,6.135360209713484,Corn
177.7168794526999,60.38212852601416,87.90350273119323,18.23996456032277,65.39765903627226,7.009174916230297,Corn
173.11385258706605,55.98846976261324,118.43041458873627,23.483234660447213,69.46019758296238,6.570539570552051,Corn
151.9383373983974,65.83994583756345,69.60869125918167,23.912443101723543,67.42358460106573,5.319100627035229,Corn
154.4872809107149,54.95703228031383,64.01860201805532,26.643050527837644,65.62188672554376,6.285513433578481,Corn
159.42622667327495,57.62394932538095,64.84469023222069,18.89663918370043,74.68110551345934,6.87083588210954,Corn
144.35399432860314,58.62753162734856,119.52494758384191,22.872249375241154,73.50505566774473,6.219760392450793,Corn
176.17889334497994,47.21953388219548,72.11998873364985,27.42577477407067,70.6596960348731,6.837807892187651,Corn
188.46485548361082,54.70995999576143,79.90103424731502,24.38573473813049,68.31107002338028,5.864472959948954,Corn
195.53561304416664,60.12605818813668,90.18611974176686,26.998154257359136,75.27766638237695,5.3604966124591025,Corn
147.65406065507563,33.55181680845491,144.40548960467092,22.3681173632599,63.7922847134831,6.598717533446972,Corn
210.76991564144893,63.57382398740309,120.25099780750585,29.04105218263026,72.76047555185765,5.181969193660308,Corn
197.03307940802597,41.80243593830048,58.14724328374293,18.92814309863418,74.7293283855594,7.066900452610504,Corn
172.35982992983097,50.98673514732687,138.25009810632105,19.09397286963357,74.0920553154723,5.492334047063833,Corn
191.5203978133419,34.33209645242845,121.30290494109806,24.34183085890856,67.36643919223545,5.038758912500813,Corn
197.9930258345816,31.547979415583622,112.69623741874567,23.64988618842783,72.65472090950779,6.258620954315567,Corn
188.4156717725047,29.96170867506942,90.63267618470533,25.66161032957882,68.53720574377601,5.6482525542307,Corn
212.98361350532534,38.723252613848196,43.88877609339078,20.748673616870615,70.6936995008271,5.191637132786854,Corn
180.57122525742648,27.66111757763846,112.90523170673092,20.712339491722506,66.12013063915204,5.688964411602512,Corn
191.07220037672207,34.77400190180424,88.33375040509043,26.989314813236444,68.042957118851,6.75300937846089,Corn
191.64662321180265,54.46442752119911,68.95207270572648,21.501182408456078,67.31578829389808,5.454261840556723,Corn
195.63193617027827,44.06658490170425,39.549925643988225,26.727500821920025,73.4765923215713,6.088241185078633,Corn
163.4517860199297,68.39865041852961,61.252547810439296,25.688483820954957,72.5747874491769,6.057356667682168,Corn
175.00427379780075,64.1983916984448,96.35057757648931,18.999925839950084,76.97691684189247,6.212104454427317,Corn
173.72613038246658,38.59412402750642,51.863905890342366,26.53355567683289,65.12351491749315,6.887524423983096,Corn
190.14139188009602,43.65206881159263,104.72079135902628,28.55418449527111,74.30296055879877,6.221978518995778,Corn
161.61789740213402,44.0075198274092,122.25997981324491,27.799755088171466,69.72473471261657,6.150802976567578,Corn
144.7219306991822,42.38047906746918,80.27003214961755,18.106342390677302,74.35079932751135,5.708174847304223,Corn
174.21513796489762,45.99331334139098,47.82366274654468,24.476566873663486,78.94786949633574,5.119450734735675,Corn
162.19804493990858,52.63083493216184,55.602326542582766,28.96004654128106,63.09320315437941,6.320980512989168,Corn
206.94292025340633,52.929859712996596,78.5146269614536,25.184708090389996,64.24232064948878,6.235073787707505,Corn
173.79830890477518,47.01516591779667,120.96206337076084,21.483912847837217,69.92202833692794,5.115143945821474,Corn
173.07416565284208,57.293652909506775,104.84379504743985,20.334535703997567,72.71296497483101,5.6453726891601,Corn
160.40100577251485,41.64464387599992,126.91997970847686,26.219370352259546,76.95872376170927,5.657015511518533,Corn
183.1042897887285,60.38899805827239,140.85497585746822,27.255047216554473,73.55110964617748,6.336063166250647,Corn
177.4470670599606,70.747118230285,58.489544316445375,28.951017179008804,71.93534688485592,6.1256564829296005,Corn
163.5089973703504,45.708825047903005,106.7767779448861,28.86859900239726,77.3311824724061,5.513128936761479,Corn
171.76399871609829,58.66307126655276,86.72498708165608,22.071361993388592,75.52230885729149,6.399253267361127,Corn
197.84740937932847,67.93006437130873,80.53854287427225,25.24652317806941,77.17928979147825,6.952171282528178,Corn
194.38119408884404,50.53486383623942,77.98575332921571,19.218230230307924,71.25247633127216,6.864108394097317,Corn
182.05390594767817,33.53814716851013,82.2735388661599,19.13355060196557,55.91730753019548,5.356518974618853,Corn
171.79972644059242,62.67660157400169,108.54491938808594,18.85762280160656,65.13615948090616,6.75247355946399,Corn
177.3764230047291,47.20318137731571,105.47685610681096,29.125730953054948,65.72188691256245,5.597701090814699,Corn
188.99307294634323,41.881327819093805,75.73407604267058,19.82918911472992,70.30828407778348,6.112425472175355,Corn
172.02722637282264,56.498333285321806,48.4233496284969,23.787914381863544,78.89345498455252,6.595039562874452,Corn
187.1308594892955,48.76204566859925,102.36452779169448,23.196868377532887,67.74999406124299,6.716219087506627,Corn
193.7669574169883,32.79682467455872,111.51021478085887,21.897253315519855,74.45237317465865,5.489518884308118,Corn
184.58739113991138,72.25635864930486,106.84186983182485,24.452767828217237,65.13445858492578,6.1019074255420405,Corn
204.9651966222572,37.88299640912323,39.985111834590974,18.033490685683063,69.35240065949624,5.623429158881229,Corn
162.09911631282233,50.7135026627213,71.32988534249512,22.56179205983517,74.0852174636302,5.307928620490603,Corn
178.2735946199195,64.86441834694146,116.80656499527022,23.75212872563585,65.26473783584018,5.829610388679137,Corn
150.87426986810158,30.27087844410682,126.80395735912263,27.63965263446361,69.67681547710453,6.761803995416389,Corn
174.75537206095922,60.27090673382102,39.98965634432614,26.411561151619743,70.15807290530435,6.4688715874372,Corn
170.8279693503208,56.69116778595149,92.09948518822861,28.19714164821549,69.88087982323651,6.108059082306758,Corn
165.60310483796178,49.182743077397284,86.35546116190926,22.515578823181453,72.19121856309438,6.832575491983016,Corn
197.352276888275,50.61031345615441,107.3553768436347,19.690866333568664,74.9887303809162,6.5412139995792815,Corn
160.87165519916633,68.50347095110338,53.099125579378104,22.812677567196637,68.12218586007141,5.54576738988758,Corn
186.77163416359497,65.59881010035109,98.73503955773334,29.556715607100088,72.67209218646981,5.313717116261382,Corn
171.32667621581115,34.862018603813844,117.27577278773077,20.571931128687222,68.22369502141716,5.16972768346471,Corn
149.11979909123085,43.65905116621591,81.32076151002272,20.097064355688758,66.62631953588762,5.60706902861128,Corn
151.28161954372572,55.79467616399441,71.9333984898986,29.33204731390891,67.27824684735052,5.593033275741012,Corn
174.55637585587903,65.95732010778752,45.33189525691058,29.399077017722554,70.21393551719582,5.6390036975123925,Corn
174.6834536089531,64.44719786460901,46.54383000199455,19.79084225315899,67.92647391921469,6.481976995492653,Corn
171.36005265581434,43.938612209475245,141.1483889872066,27.233434338614387,66.41571790842639,5.761354524668943,Corn
186.34616160786084,68.50205289277001,143.06520786454968,23.156910050229243,59.61101116281183,6.568953419092334,Corn
178.3539704975037,46.78124662957585,35.56525432332146,23.90658859205906,70.20104799157396,5.753107858065413,Corn
151.20507357350766,41.70400861579297,134.06687982069263,23.984257757497755,68.84836388158855,5.8085766395954925,Corn
158.45775542702387,51.601573510456994,56.40972310674441,29.620458733420122,67.9782808718079,5.7551616166490716,Corn
144.02693000816086,42.57190250681776,101.73584017670566,20.215933371001064,67.70643177938086,5.840029014572441,Corn
140.3526738666239,59.524535502854015,111.00111732689449,27.27676482303382,64.5612791410881,7.029611626608856,Corn
174.55375076624918,44.61658640071336,78.19431555838855,18.0680893003153,73.34274057678475,5.261744277182806,Corn
164.5574355944144,63.812139177544054,91.63425760065505,25.54332128290567,76.1854253302989,5.610689021593659,Corn
195.8300923281885,64.95241150643709,98.06551199771792,25.832135720388713,74.4873621303248,6.511515004983299,Corn
185.14521966767728,42.87009249706627,58.107115190512864,27.044474513408254,69.37347689343285,6.719784359709916,Corn
198.96288901720007,48.6706681852806,126.87810363966646,29.111548353673506,59.92465315963632,5.570138741627648,Corn
157.30710743876952,56.136986486744426,58.60569426832651,27.04602126786767,66.30475842657704,5.797484158536364,Corn
163.6836671474735,35.04641032347341,38.02984248385211,26.785727830074105,73.16250022115028,6.3260704362456766,Corn
161.21688292055694,60.123992245095764,124.76479516081518,21.0454501958517,69.06711973675908,5.807473996523517,Corn
188.85980739180147,54.397714937295035,83.39564928041418,29.914076510057754,61.53587518112087,5.345383730751411,Corn
161.7118927963386,36.114475620705996,81.99448196244605,23.62090573108711,72.92736112239757,5.050941691429171,Corn
146.71782827301402,61.18475553079685,67.45972213328925,23.00940122735068,75.22617937014027,5.481165080604392,Corn
185.59962415064467,47.00227980835827,41.521188086383084,24.02253087932512,73.4135874196129,5.832218335088316,Corn
169.73572598797062,34.94559278480997,63.308732684151465,22.7286774690442,70.59233060926033,6.603445997352459,Corn
148.98169020114813,39.03268815977658,78.07188770908593,25.123650854711453,71.43150779701872,5.5774022847037,Corn
196.760366199195,63.959685377060815,88.24934531700201,22.19549507742032,67.15683917007406,6.046425302611867,Corn
167.6437585080364,67.34790959220781,85.49498989806665,20.87933818733515,74.1388595680604,5.490230079787296,Corn
158.61830330503219,45.74298275177928,118.173149619307,29.135938821548876,72.06635384997784,6.478277625628194,Corn
157.1838315249286,36.057542320972075,135.73127960800343,29.133941759649744,66.90878333075554,6.830107771904504,Corn
166.63226456968735,33.76473865151788,69.68224638147515,23.954944953368262,76.91951467021063,5.612776032970475,Corn
201.5276956834805,53.5267603717902,138.51316837382691,29.54576812733164,69.47054830362553,5.934719121404486,Corn
179.3626571459582,46.12833652647236,132.104804314689,22.98860591813229,74.27041696067523,5.370591896341046,Corn
160.02941810854358,44.38096035482385,134.9399456443727,22.64854642159942,68.66544942865887,5.299994147543716,Corn
161.83977597248574,43.02409824704698,115.05358147015858,29.002873628570093,71.0487442930157,5.83696904420195,Corn
173.69441203232432,47.16535163626635,53.64512392617093,25.595004036278084,69.16570895008165,5.221647814233996,Corn
184.11900971413695,53.785936826025385,58.05596934561175,27.150208439962586,80.5887815577117,6.335139789447771,Corn
162.97416053810034,50.999770777904615,138.0828713293691,22.952925978768256,68.10694911251974,5.449375003972525,Corn
164.67453745392092,38.21509282137815,93.01401769741553,22.88401997371218,66.80563276037572,5.99530773723004,Corn
182.93010862965937,52.3964543172627,140.97363777871777,18.999644458537205,74.68097020797924,5.5090488097516905,Corn
194.0178875965663,50.66707619081052,121.60398757972524,29.600926615365278,74.18888927713465,6.574030456482824,Corn
190.39737255079888,52.70114296578332,62.168749776671866,20.735507602105272,73.59321822215838,5.523512890296727,Corn
201.25785165347145,33.98318339983708,77.4872685282166,23.931204763607173,77.3177952574283,6.736431145579975,Corn
179.1031605794782,31.88036725224546,130.22763830831707,19.375323262152847,65.49057776202878,6.9276574810664,Corn
184.16599810954708,52.15115881663911,40.96007078512168,25.763443360252396,76.81812701672543,6.176180628878477,Corn
181.7016353882404,36.342788453659615,109.18325922747565,22.690505402973205,74.83390464356656,5.294514738415224,Corn
159.51987593408722,49.85649870188043,133.78816999870975,27.21194248910913,67.13588675149495,5.7732861469513255,Corn
164.25785329789443,44.54703013902782,48.099808738112635,24.34054385385558,71.47350780486656,5.136924141219554,Corn
160.78353204846098,39.34305855622623,68.54856848233169,19.55375178221925,64.66375834793676,6.313635963930191,Corn
223.34543171670578,54.98698461741592,102.73501224946415,18.12888610313935,69.71070947445678,5.839696078950322,Corn
204.35226211063838,49.26931850140381,130.18025295920503,20.549384187603653,72.07108674644097,6.208516822914315,Corn
205.42402338309893,37.14331727440301,89.18979893429372,26.69215793784547,68.90287537792828,5.119290384723992,Corn
160.3600035005791,61.57480060158469,48.2898229489359,27.94216953121036,75.46753542014055,6.767519831365067,Corn
208.18663383512535,50.54691618796158,53.63217684644841,22.096020427915374,74.29941920801731,6.589432297479682,Corn
151.66448964969604,71.81486121557172,77.43641552729605,24.431100854794252,73.76650517972313,5.173622957496098,Corn
162.31917651754762,38.70313383530139,71.88151555770841,20.880159485502674,77.17987635521074,5.584475855890354,Corn
199.11651109491595,62.5323284306048,61.34836996278939,28.565318891039528,64.3956481019583,5.58089268044972,Corn
187.00807189969828,60.913050918927155,128.04990265839683,29.58248575091018,70.43423387819789,5.140491016362511,Corn
194.36848563167374,31.68584680283713,42.986281374330986,27.035280284723278,73.04523033475516,5.608247529303865,Corn
157.57276119852904,51.15852278139568,118.45701289695297,19.066640647101973,70.35061260236998,5.2701383496042995,Corn
177.07178822167532,53.19946405825956,127.03426721231216,23.245422967427025,72.08084614674421,5.133544413607491,Corn
167.8991971715048,48.99957425755371,104.58667777296797,29.88606818099972,70.30922914421264,6.325879774680759,Corn
159.08798505825993,46.204829178040356,104.73262833305627,20.752617951759177,67.9418406631328,5.281283470588191,Corn
177.26042756184106,61.033506562064716,54.0421944573287,26.045660042105744,67.66816389938403,6.389418342831366,Corn
171.47573472555285,54.36591000231337,91.35106819978526,29.262761777131878,75.1427329698684,6.8598375124477595,Corn
154.81553737548305,66.89542448299146,82.36602002617686,27.278440659160648,73.66035775024014,5.326512883242365,Corn
176.68604963136585,63.68152087791709,66.17164606170356,25.30632186797135,72.025184639709,5.70966716930374,Corn
185.4023883194842,61.137272369526876,88.56172532545318,24.08046190674675,76.13190930423806,5.833105399825807,Corn
188.3651496051419,58.22692162268258,42.806186199599125,29.145772348044396,78.60055429389054,5.715379003941011,Corn
157.66148657355012,53.87138311465135,66.934509642022,22.736800405292342,70.94224530459395,5.834657754463357,Corn
151.8857659823167,60.72954833265288,106.60737413174634,28.81522799861464,70.05337035800954,5.367808119194302,Corn
205.44928109122426,53.0782220348525,90.37019575153884,23.172635148090848,72.03808715756882,5.632436124877243,Corn
168.23565334890617,32.65968501487304,59.0725148341491,27.078540285105937,69.12524338462596,6.162326256245802,Corn
166.0412864268029,52.475311702287584,42.144151187666054,28.98856679120972,69.14892493167815,6.193383757741982,Corn
162.72730201320684,34.304093042178096,67.85191301892834,24.607714903538636,76.8051332167921,6.1464957451999025,Corn
215.87816733224017,69.395698788651,88.37810762058096,21.718558180011094,64.97074836516413,6.795171026854457,Corn
185.87275632875566,57.77105078665378,83.98652668637739,18.61184063590409,74.86138300430522,5.1355980973219895,Corn
158.9433372751096,50.57146474905652,55.43901761568285,27.711119562057302,67.4917587051268,5.331336957083885,Corn
156.67766314441747,34.92569828602665,108.17177593828305,25.464119048321006,74.29177634346627,5.614650027398697,Corn
143.38012355826936,53.8497715559508,134.1943050453969,21.15654777390595,67.17368490666271,6.7584248987716355,Corn
152.65489842256918,44.54346337938269,97.158203829893,28.528939837939078,74.86140649979006,6.220011011963527,Corn
152.63478914339433,54.293921699381755,90.17911201049104,29.043633165309615,69.24281439530769,5.696219182260996,Corn
155.72596404833604,54.92864479700898,99.27773457920067,28.645992954154508,70.3166490608503,6.966594912021187,Corn
143.3653734794093,52.640790385006476,134.8450717020071,25.218214780274202,73.68543658041622,6.541542093604968,Corn
176.12995040030927,43.57747245895926,136.06958493749121,29.71897928603152,71.13883540998948,5.241153994397598,Corn
176.5736696562926,51.66915389247717,43.597974993220426,28.497667574421214,63.272498549887295,5.812139590554756,Corn
173.9758896318224,51.03587465219395,68.53829600917402,19.25112485934791,73.61898945852023,6.301275786652665,Corn
184.8169086590895,60.17684605108245,47.87729263876029,29.77327171151213,66.46266511414213,5.356280551310485,Corn
163.34563016854307,65.65542118429522,120.44710672336404,24.58567647203821,71.36689921844571,6.170862561946556,Corn
199.3539744856574,59.358731049324945,42.21935707659543,29.040430842695663,71.5760795544988,5.275113209405344,Corn
192.818025144446,43.518451067119585,129.23808084208972,27.12409721799218,70.13764148819983,6.137906756468429,Corn
202.39102816245423,34.063110496259405,42.36808984039463,25.770800104265025,68.78200755434551,6.22186421373002,Corn
152.7185240796342,67.85073574589455,104.48841502966553,21.920068579876364,69.83890832662223,5.578809207848387,Corn
163.07858997771226,66.41355255420723,66.67537804467953,18.32436028301201,67.24459346153361,6.656896301136507,Corn
191.5421692541029,32.86470675994546,85.45909434666392,21.320835029305,70.02575201614506,6.661659186666136,Corn
166.71868260751893,62.150057410753064,83.01380233719891,26.229843874483144,64.27898106811939,6.726855274823146,Corn
164.52215735299254,48.2134265166327,108.68557520243975,28.35737888245896,65.20358410018986,5.744851975013846,Corn
155.87923770747335,36.746036660132916,92.49898805333319,18.028159165385755,65.80100436030422,6.149291701751016,Corn
180.592493362714,68.72229785670558,83.27727124023833,20.495685285441866,71.19148129985459,6.044818071275869,Corn
185.9651636512791,68.23089954839205,115.48701618318273,26.076812584825042,75.3559032922769,6.391693971208527,Corn
148.21831773673534,65.88432406352761,132.1196889607476,21.403621251844875,64.72494970036772,5.797772254299216,Corn
183.45117302984812,36.44808049452935,118.24083356699192,19.700434248643386,76.82538992151726,6.782032209234542,Corn
188.00364135626742,46.75878093955806,120.35332778379127,18.98323317868228,71.09821224940359,6.799943705030168,Corn
153.03988673187573,64.64835125284138,93.30752017238534,25.65454796189467,70.12233014064384,5.807814963596811,Corn
182.3948362868086,55.17388863007077,139.21931019600626,25.138317804340137,68.01050671801639,6.869364313357341,Corn
163.48530148864623,39.66670496469038,90.28252268161933,28.303362865796032,71.9329979857917,6.8652936413105135,Corn
189.04039156328858,49.78926999088793,142.0257276186877,21.778052006943177,66.65123756406871,5.457661851909617,Corn
194.797185326913,30.126369178555514,117.78965089052683,19.640623420026632,81.5747085534498,5.9685590565032305,Corn
179.93041676888885,53.88778819108115,54.47341980518873,27.589861064282214,63.77640648833853,5.650658521530839,Corn
190.41977349798273,64.39416710534611,47.37022068531719,29.858231098227996,67.81566178978366,5.238039573153046,Corn
170.87891343627228,32.77352085932184,118.89667997835416,22.324674487418626,72.74004619100275,6.268837985115041,Corn
208.89150953747665,36.95313595465855,107.00700402837909,28.384195370879162,68.97205242973081,5.158140936605936,Corn
191.30750827859734,51.5669079167335,94.96666924076554,27.150545649130347,66.62352850885058,6.200652462866671,Corn
196.45688368751175,53.73803715574426,136.22041023483146,28.93902353710498,68.95264273431248,7.036390427243708,Corn
157.20485739826682,45.64048156944682,91.30292121866539,23.092469718971152,70.29271192375252,5.437269382654256,Corn
162.23008452382246,31.82417850119467,81.2387663369819,19.21561805788589,67.971237091663,6.80744713956897,Corn
151.2261714427154,60.58553702238856,100.1636514134268,19.420274476379145,66.68259760022161,5.609618681236849,Corn
156.8774692500134,41.12943459123733,41.200524082236825,27.158381045496505,70.85632514891033,6.30490976684014,Corn
161.47287905264517,49.01483350942754,92.80981209088745,28.359982073980415,65.48131047251897,6.560595173336054,Corn
186.2144897975539,57.83561978749104,125.17452692029545,23.484200891244612,70.67344689164939,5.365697378122203,Corn
210.80344800900684,50.987950381318385,39.30325761702024,18.714850670845752,61.99883267010383,6.664925481924518,Corn
155.38077144863604,54.19362966914153,123.49241803837545,18.800472484317474,66.47485856730394,6.020038161160874,Corn
169.61881195351816,53.71785162618422,126.89091756594388,25.183204200749085,72.74990613104181,6.907142996367421,Corn
152.9688514163979,56.09053068201295,48.16452686103583,29.02349220257964,67.8122308667088,5.197971331358122,Corn
210.04995164567376,50.48649494557632,138.95637357223455,22.795002164470997,70.42986711806539,6.338098206784185,Corn
190.85587617811302,48.70946377452165,110.86666394970503,25.80743778238987,67.84561274538592,5.163035864148955,Corn
165.92728255441298,44.173635100525175,82.82701080936164,24.504093227481256,60.90657800698211,6.266214718242327,Corn
179.28287550300018,55.16442986209748,69.96798286780881,28.67709413342474,72.93715520433169,6.4709232729154875,Corn
192.36825527005075,44.61580265769765,73.35582422323078,27.988651339706824,76.2582481810993,5.562145948635549,Corn
166.7668291845472,47.725035639442666,100.30455696890579,20.392182722032846,72.00038607585354,5.928402036100642,Corn
158.3422172555758,34.33863267577208,65.86268293933016,26.130517182716623,64.61390328600189,5.346537178903271,Corn
183.44161731761403,58.87192397082669,74.01010365786888,28.170038229714457,66.21181075982572,5.869106671910044,Corn
171.76805594868526,34.56708551264512,133.99355388596985,29.16299258175047,65.78856165461654,6.077799622360521,Corn
185.14028910815537,70.12093280264725,105.61210443307766,25.079125686302664,64.58570443155986,5.624249810484619,Corn
168.03472337682678,53.824185831557365,99.50891242931662,20.1109348219262,72.92939791424766,6.000164802619818,Corn
193.2551166121547,33.775321472134415,129.86666722550734,24.69878500901335,62.87690297393407,6.318280473171679,Corn
185.20044181643544,53.4739788936944,44.26432497617964,25.989828139900208,69.39346932144723,6.027772043395471,Corn
157.33748939149348,43.83376177427014,70.4275230178141,21.26986873824081,65.90662923392466,6.562603751062929,Corn
201.46596084483943,66.31069230641612,104.41231284117228,29.67601778550828,70.87859241563481,5.271481434699162,Corn
164.7848194680115,69.11421787801804,79.81198270235504,20.751915015696888,69.26705131920458,7.045481670169266,Corn
177.221439101757,65.01293367861743,51.99360450152625,28.93623026077246,71.24548196377404,6.6706360550852075,Corn
148.5367270150183,54.61752333374552,120.71606548535443,23.10216909029571,70.43954092028868,6.848544134272368,Corn
172.31096299043554,67.65788303294595,46.05007939680302,18.006649977994847,67.31504661704669,6.026698057590815,Corn
159.32538107551918,57.843755382611036,82.4594170547938,24.519468880199742,66.74060585456591,6.760379244478721,Corn
170.41739687762418,62.0868727020871,111.44257162744938,25.53943039100816,70.12152503867404,6.773756855342119,Corn
153.5434567579118,37.10978291218095,109.46213171872597,28.43236023849957,75.60312174650268,5.514772053132403,Corn
162.98494635009413,71.48773770749618,70.854647918431,24.48675886164316,71.77212503810469,5.778344330619733,Corn
177.85722501425911,51.72070346785546,40.83835512123052,19.12955258583278,59.66775958227905,5.815976748737124,Corn
191.3393072990285,43.16107557990126,135.26143129767271,29.121762711675334,73.36847661462046,6.7896616666234415,Corn
169.46639925730045,72.27831078884147,136.21288397102614,24.784257491105677,61.07761818846165,6.953744186284763,Corn
193.29222428581923,61.67446925239057,88.60523791870142,21.258374303666148,69.78306237902737,5.196911184877846,Corn
187.9392773096357,68.74481810691954,43.02800555969032,28.78630339786193,71.94499947789268,6.4734285656963655,Corn
150.95913919855087,30.375015385917276,97.53429897746628,19.45096166840441,66.50110757648784,6.2743058409383,Corn
174.67759142691762,53.213738064827986,73.03151112771168,19.16979406816034,73.348849289685,6.855586832942422,Corn
171.79251007150077,56.351271317695726,60.36403710451078,24.42010912560698,74.95721984955078,5.710857218085994,Corn
177.90133606293125,29.95686450742868,57.87192087556784,25.498610733674514,63.614993594971004,5.82263853067819,Corn
113.43683389944977,79.4285058144049,143.88030357459718,27.020427766953265,65.55979313701114,6.790540279007887,Eggplant
92.46331930993178,83.58438702774676,112.20269567450853,29.784826332541083,63.111895114783266,5.92599327351373,Eggplant
81.50364903131462,61.23807411983844,119.6722185422881,22.525124074821615,66.30939824440175,6.8702698083978575,Eggplant
94.90605261733378,63.43679257302964,144.865307456972,34.652121817703915,64.92700450142004,6.433116502859177,Eggplant
105.80245663377495,81.20880950500442,147.36272329074708,28.70831074810954,68.51258937411399,5.962630819947506,Eggplant
101.59593028791028,62.5293415638152,109.46169687783605,23.924946621513193,68.14803159817765,6.509593096049767,Eggplant
79.54691773301549,60.34221019987169,108.96871631896934,32.08061417553324,55.808509248938165,6.148705895742369,Eggplant
85.48725811466647,63.350150092350006,123.78056283883323,28.797366758128476,66.64164798839066,6.502787050637879,Eggplant
97.22226720005567,63.489486041249954,108.21532065482711,34.245124729532364,61.15434575157723,6.4778377093334045,Eggplant
88.81070450577747,64.6428975483276,103.90239441756694,31.549660685729673,57.955089376225466,6.54589254209589,Eggplant
98.43593811870649,58.29927532977343,124.58584274090948,33.15897234816795,62.01015265195708,5.7936939132044305,Eggplant
95.59798137664896,48.802741685255675,120.61783713961542,28.199750133130024,65.10665703976001,6.670873512847957,Eggplant
94.44420928925844,70.76207132521192,106.45130934285538,27.759626380181707,75.20383465486604,6.250529537398964,Eggplant
90.40811109655523,71.23129626148098,126.1447249003503,31.359897068160073,67.23315931633785,5.589321268845236,Eggplant
128.13983883916808,56.47385241165411,99.18914941507921,21.57520963243033,61.48190533396882,5.862407252572482,Eggplant
79.36889037854307,59.41477249795923,111.40957012403739,20.81047387225344,69.51472577552155,6.682325309496836,Eggplant
87.68358260332997,78.94488340837849,153.3168862207573,34.755533691070355,55.871400797920586,6.743767787373503,Eggplant
113.82612430770816,60.93943903350952,140.88585244790193,33.74443293060163,63.24024723912102,5.6538226085444405,Eggplant
85.1577025125285,62.722725530541084,114.11385697328758,34.3349141186736,69.83986277237655,5.545951488503449,Eggplant
97.18791062594744,67.85772388902942,130.40095048432067,20.935460952445936,64.56750336176405,6.50345929026274,Eggplant
99.93308938965357,75.31922085894345,154.4028701133155,24.039521178650734,63.801504537841204,6.387234344472521,Eggplant
105.55210455238016,59.498140865981426,131.4335355846476,33.52313568791027,61.07828592538099,5.796496742510319,Eggplant
100.4685784440482,62.529463373676734,145.79961275316495,21.34219365314199,61.583464838965824,6.766985623144064,Eggplant
115.43647213735983,61.07407823213968,109.86528273900164,26.771517681625966,69.83014057187235,5.647741335254789,Eggplant
111.71650237813775,69.13456812370498,107.9456780872489,25.119370296676625,64.44898374124061,5.592927210979944,Eggplant
102.49531700631583,51.502118077217894,121.17976015987031,33.19775717750905,64.36506679223962,5.675394721048914,Eggplant
88.46424506697245,61.011864729614864,119.41401181873151,27.771141985057213,66.7095779525997,6.2342718990881565,Eggplant
91.67521808116366,61.20327761082162,116.62413212339698,24.355612733103555,69.20621925530578,6.00908811731554,Eggplant
123.43712021705116,71.1498197166808,102.09055111878749,27.86451763682013,63.49618394344432,6.879426047179552,Eggplant
109.5103846677193,63.83758914049579,116.16254495928663,21.686693084182522,67.36342623173218,6.669788758248525,Eggplant
81.0773384645399,62.094748706063136,102.77129197832288,30.96804098834696,62.75295629185151,6.316706110536126,Eggplant
106.72966502946717,59.40397218509321,114.58788043995207,29.275063316898652,59.261397281209426,5.738805982876807,Eggplant
103.91883289474949,72.73231941194307,161.9734166643344,29.010631715914027,67.50511043385036,5.4876288422203245,Eggplant
119.13711136706384,49.499642628594586,117.89506148571488,26.56766529512614,62.40592137311523,6.854901424857959,Eggplant
90.33853419125141,70.85371987197665,136.1069356611021,24.41366229640986,74.46754825651844,6.280350169747893,Eggplant
107.46083767471407,54.50715944996884,94.48590919023697,20.980709791017823,59.278176138733585,6.645142421820971,Eggplant
108.36683506738119,72.67000706536493,120.41757315304483,34.205487561920805,63.06328344946983,5.787580640821761,Eggplant
114.95881403489896,66.6734168722551,157.26152129195614,26.24830882338352,70.90099247708605,5.823068415795851,Eggplant
112.7302313623358,72.32475271533339,112.23441821827274,27.438825559233287,68.74720853389833,6.219506795494127,Eggplant
106.45141954197345,52.865054109574224,121.24423750767569,25.63650132189652,62.627906015429964,6.547592590069064,Eggplant
90.58226030879355,58.631096896666534,159.64118634326218,34.81816026010517,65.09942058076288,5.523842055634493,Eggplant
89.43481650416696,72.40205174619658,110.51058143599116,31.942580159280492,72.11433617978062,6.16126486039108,Eggplant
91.51020581173951,74.30200050867768,97.00965729046993,21.436403371720537,65.5342364851634,5.509411435225162,Eggplant
107.51581942404147,76.30418477920145,148.6774503583074,29.122625970608944,63.05001848637387,5.549599874921274,Eggplant
82.74941176469511,69.69446097417172,128.47729344687784,27.26951860478656,62.65118982522248,5.644348817411851,Eggplant
104.98505453399879,67.20732361716486,131.24050184175044,31.90028052829461,73.52863491129192,6.143093881984492,Eggplant
118.92158716961825,74.10243715958164,114.36282139159928,34.9597401823528,62.10904149373807,5.59101822770432,Eggplant
114.58492944019171,67.07830780512046,110.6373404233503,31.16460110903618,70.70801882266245,5.883176599344186,Eggplant
101.35236097988555,79.35774095555173,125.05525846317023,32.9739323120749,74.30018990590601,5.6761448034685,Eggplant
116.02350720853877,58.62945030992583,131.41194581503845,27.539532535337226,65.71899106597492,6.407482329922298,Eggplant
90.27288396209464,61.21619946955515,115.57703650430477,25.603969855414455,70.12415685099829,6.3282755560827235,Eggplant
90.40566309570757,76.455118324487,145.76377010316622,29.649195222580467,54.79869851920353,6.670577139102945,Eggplant
93.40963935229203,45.07051564191051,127.87323334808657,31.24127620604146,63.830163774722635,6.286390973635171,Eggplant
116.88912208747222,52.62155500801275,124.76101741733832,23.413008998060455,66.43489475106519,6.446099614301821,Eggplant
98.470147190932,53.09893538789786,115.37876137523689,27.550812197896725,60.53011740306046,5.576083150513949,Eggplant
75.28924310547477,59.07370987821824,128.3110313456993,21.706864801862977,64.40187961202288,6.7947805567872095,Eggplant
112.32483472718923,62.76291847039182,131.15285937013326,23.245292199188516,70.90204209925535,5.816981637667248,Eggplant
107.86890476266359,49.630914580325246,112.14798456199986,33.22788335214845,64.17178432445182,6.428840698749807,Eggplant
108.78930386833834,56.191816824454634,149.9305506054751,22.170979739460893,56.40471414198806,6.351106413526313,Eggplant
107.0994466048477,60.66475274509871,127.95713375154958,32.17022377703318,63.24809884507639,6.699604113254534,Eggplant
112.83759132647036,63.481164370470374,137.4647331103947,25.588936148795607,68.03395136760008,5.665137897078075,Eggplant
101.89151588995593,53.13162699895896,147.05201606923615,29.95282063315699,65.9479266860008,5.787350361779245,Eggplant
107.30512144770621,54.15717340129885,94.6964258292089,33.65489557463608,66.29443187558532,6.430330689381626,Eggplant
114.27689422905837,70.48205200426766,118.3460030968024,31.713480201241374,62.72448284207726,6.269519048373162,Eggplant
94.4251763642285,69.65167092543344,130.3999969395278,32.38911679697685,71.63035452492393,5.672596815031426,Eggplant
100.34201479825045,60.96589793039349,133.2786335619357,23.917236051550145,63.51823118610746,5.978276345856523,Eggplant
124.32102576923431,60.08143840863278,144.45605326790647,25.425119054405748,64.76089185118738,6.6591818737556325,Eggplant
89.19945747746661,53.09935693124315,113.79149558087887,30.991880308094885,58.09141308760098,5.541478480592745,Eggplant
124.6697283374832,62.12130293422146,132.8271510554491,31.658518799319285,66.89283437074324,6.264903694022567,Eggplant
91.60003028868198,65.89517841227564,145.4116650100186,31.85078401401318,68.27060917916685,6.361078491141404,Eggplant
113.18474940747065,77.41571842911056,156.37978657969128,31.101619721064324,63.090689839442106,5.701620308430376,Eggplant
84.49766748163974,77.23588268643371,105.05951330450927,23.474339168638174,65.679372704511,6.718919369670527,Eggplant
95.82460506592143,62.03573276871827,144.73302504227613,24.33629960233892,71.35914457417392,6.346715120551599,Eggplant
95.15893296526663,53.84766470721091,108.12120126273537,34.130615113460834,56.60296393984946,6.224733485893712,Eggplant
84.02587970533321,68.009509908094,124.98088070276484,28.30790572617991,72.08244841839817,5.608084869579939,Eggplant
106.51896566718789,81.17510485803574,101.0383736573054,31.3167560191606,65.13220862982003,5.663201245498605,Eggplant
117.97482060160122,49.68637151099501,133.18727591105937,28.987935193391323,66.5971417754109,6.595267330223364,Eggplant
103.93284428730388,74.2442403241713,95.25888931538664,33.86752797870227,65.91653098146152,6.015824153769468,Eggplant
118.89295797764407,50.25181322352402,113.75332146948905,33.03172727144475,63.181079072459205,5.5982341321906475,Eggplant
109.9467527507893,73.14960516828005,106.1985609893264,23.920621870334358,59.37461021768015,6.797840062580079,Eggplant
109.96801395754727,58.976501685668985,140.53469285781426,33.27064207933833,67.89081640526796,5.578536138234387,Eggplant
98.02301008891536,71.09683219785491,126.3808306533171,24.500590381704697,69.89142846683107,5.849053031473671,Eggplant
119.55150345655734,59.44995700872705,143.54679288438044,26.614706771459925,64.19615055327104,5.712844384125953,Eggplant
102.5971790704525,69.0314952063576,130.23152316322688,32.76850367178355,61.46153026984212,6.596273643222139,Eggplant
92.02780671771636,70.38386078115482,113.18531564370662,24.860286130085107,67.19220301322882,6.855013320464805,Eggplant
122.38212896235645,70.6616230797448,102.53555010650948,24.361578772812493,68.55338290066477,5.868235121889441,Eggplant
115.87167357606769,72.87659199876903,104.20811852195351,30.0298527409388,64.63174452236937,5.940041789000689,Eggplant
94.23478556960994,50.36378974825685,127.80001675508387,34.99514543620964,59.17593317471461,6.659695703799147,Eggplant
89.13515684100108,70.38991818658428,139.6241459150981,21.965854716371723,68.5302475743597,6.1638154272565115,Eggplant
104.61920229281266,54.8298290512063,113.6232886559008,30.515909697795543,63.23938631736113,5.866155940112522,Eggplant
111.87419831203624,69.1307858369824,151.57513177331558,27.904330818578273,66.02775004003135,5.551641185693409,Eggplant
89.32144588583124,49.513932371418925,139.63892987769762,26.159262354630552,65.44014963695348,6.553103282539461,Eggplant
114.37999718544306,60.40679663534696,146.69622722670601,31.247881245617243,66.63102437361735,6.643932229129972,Eggplant
112.23910916333979,62.311414317044424,105.15038744636743,28.322544941144137,63.16777263754619,6.837651360943938,Eggplant
86.24178492493637,82.5991290089589,140.31334914018717,31.96716722062094,61.88693070496093,5.992888404516694,Eggplant
107.04364828701479,68.9564691881182,133.3964716162332,31.157809171236245,63.90904247932262,6.726494400827954,Eggplant
91.80577525088975,59.92404250812801,123.35154486749444,34.77678475901942,68.30986673100998,6.14296913410024,Eggplant
126.46394568316762,67.760214215198,143.18747161930844,32.16298772795069,55.9747401013198,6.847962919995998,Eggplant
85.08936723455405,57.06607786638234,114.31391965756845,21.001996961428954,66.09597395692886,5.711316668737876,Eggplant
114.31718211908607,62.36673455108496,131.361352737201,31.69368943316188,68.21429474031548,5.751049862739977,Eggplant
86.5986735733814,64.6224311510525,139.22444415305705,29.745548303119264,72.10116716121532,6.3634313050264,Eggplant
112.548347035222,75.68714970850719,131.27148109366058,21.34685525340418,66.04396825166083,6.810943576925413,Eggplant
114.4847835003364,82.51367266274407,137.32509859273844,29.082338427771404,65.56820798273132,5.76034588429564,Eggplant
83.53481158510363,77.94534559079159,132.3689765434041,31.26205400851309,65.77673123405826,6.376199905054783,Eggplant
111.22172474747224,59.70345335904667,109.81578233908354,22.95791769866583,67.34936233034165,6.825161160221321,Eggplant
100.02737259790167,55.13658224322112,109.12074665867713,26.52367471960365,63.674584447090844,6.765519828695786,Eggplant
101.59015207167045,71.66627351591393,144.96358418049263,28.13729432365862,63.89285571819191,6.249880853853425,Eggplant
118.59214190526862,59.589490357582115,132.3724730141274,26.197290778937596,59.97557318764653,6.280335771436347,Eggplant
114.1706987445008,62.263834241802286,149.25233659676226,33.14007204426912,73.7246303732076,6.070478168137994,Eggplant
112.83835441181789,85.39719311843196,126.28481158498155,22.533548081353445,70.3322499277109,6.1447907823747645,Eggplant
114.00424214002197,56.21594127609835,122.7061267704706,31.573333288352824,71.31625254634451,6.07735877120559,Eggplant
96.07355924283304,65.37600203693574,150.37090208518495,31.67136788807099,68.50392963933652,5.836740853336435,Eggplant
90.24944222501296,75.6122569386293,147.2875436461818,26.720449413389886,60.051117825648944,6.064345260289317,Eggplant
83.60801124637385,63.04894101887197,129.47846897920712,28.092169878514696,65.98215455173839,6.664269634817382,Eggplant
99.40054783196368,88.42901685732573,103.6695274702898,22.303436739694288,63.18376456997082,6.7979068467461365,Eggplant
101.73520744516648,69.40351756757524,145.15065756186027,22.92736358180981,69.71585617703325,6.273439361411509,Eggplant
89.16709341221102,56.15112753295967,136.01193808091287,27.974972181531765,59.95630921813052,5.54779573163812,Eggplant
94.47398081451585,78.40135850405184,113.52480864353363,23.370211744002376,68.35424250603425,6.713962236458252,Eggplant
73.66403983280006,80.18618481650451,125.54268301101254,32.09698076942884,67.36157604637435,6.319149551267478,Eggplant
93.33512419960924,77.21897262511763,110.83466941155704,29.243271250730366,67.3859453014213,5.987472887108646,Eggplant
109.32924945085051,63.966018008181614,119.94478823672578,20.84868017606605,60.30063206597147,6.784864224882855,Eggplant
79.60212662740847,65.8598426992593,111.39222342232145,25.368150025074627,56.65760663620406,5.576399419508094,Eggplant
103.86371004059437,56.39762950049006,102.49210069171173,32.876388970523664,59.641344389028866,6.546523003489412,Eggplant
118.95199846842557,56.057647461071525,141.02355963736463,24.161660720504308,71.24630927258,6.075015952069947,Eggplant
107.25010739626543,87.01425727838227,129.90508855229467,30.795768331237593,59.248748817159445,6.747706192965528,Eggplant
108.1612863268331,78.79335018648766,147.7420037679367,21.40700206994055,55.075350681287134,6.520776313330966,Eggplant
115.56864966594594,63.1300878085128,127.50597489460624,33.95800480924062,62.96789673549709,6.649074763502539,Eggplant
83.03926838761224,76.87485468324546,105.56142974437522,26.740185220006907,69.49452258922932,5.808934588733321,Eggplant
103.80669235326978,63.939860647364405,115.91891626323552,27.37348453387624,69.81216331250216,5.727747180100796,Eggplant
85.86859501915153,68.04083580345866,98.4492645758273,28.547451968437542,70.08995669079017,6.619161453439579,Eggplant
94.69821665850041,69.9251731455875,137.75709770528,25.451485094001875,63.356509763774945,6.437688954026436,Eggplant
110.64811484463935,80.31589072830025,127.74885328061083,30.879279518026422,65.58804408501514,5.865178910180145,Eggplant
114.89945479891503,78.81181724257333,135.9049395838192,20.218753485594664,62.325340383542844,5.808677827283901,Eggplant
109.43001842724966,71.05455457769624,138.8964633579762,22.433064014673164,65.81959932676038,6.798990152780084,Eggplant
110.70741454459342,80.54400823246709,139.89382896695645,22.832313764151905,57.499091794741176,6.733951467204555,Eggplant
111.06034376254931,65.79590306162895,153.90623900505614,29.53010275899195,70.34482049691582,6.834240376022349,Eggplant
98.72189631299156,75.00073032394067,140.14355782290744,33.359012218631925,68.60397160685754,6.24898893207685,Eggplant
83.42451475522863,58.06887123658239,142.72215547348745,20.95459612222,68.38518589254224,6.852927095423187,Eggplant
75.7460899699461,61.00670618809468,115.20886869630023,32.786878999586776,70.50844614670474,5.780643042787052,Eggplant
107.0758768046798,67.00106408801105,113.48650818440895,32.29270393628795,65.06428788262951,5.690067790838136,Eggplant
117.05324503332811,74.59436849275546,139.46566575709778,21.1493849324297,55.25560664284523,5.824985429535411,Eggplant
82.62293665111042,78.4619603942712,129.67367503221544,22.148426356683782,71.77143921116915,5.579799699096979,Eggplant
94.01822642739702,58.54090463718546,111.36801285829658,25.250679863457286,71.03460536217338,5.675446489378949,Eggplant
95.00580013615968,51.71989755790961,154.7760134460254,21.72004421532643,65.65173130384915,6.187491137949362,Eggplant
108.92765699411865,65.9796756345604,99.5525574640141,31.374292026507252,60.73088125125625,6.3744637979387075,Eggplant
90.29210304984002,77.4634941277158,137.75918070023073,27.56103970646732,63.00022065003168,5.667355448542364,Eggplant
87.40686896362286,83.57055868213916,150.77255264679218,26.161469124297803,73.26247999415135,5.663781913838085,Eggplant
79.9394371991605,77.53922572646024,109.10239579808358,30.874214378896873,63.07389647238106,5.525171627752882,Eggplant
89.28225089080904,64.123274326276,143.65668070848577,24.393430595963995,61.598575989756405,6.101918007154132,Eggplant
102.58887092340588,72.7139035392644,134.07580116544062,33.07297122671991,63.503843848555405,6.303124575840007,Eggplant
113.06779085387075,55.08638797848178,143.16477357375967,29.809501080212126,66.20539476107517,6.360935235909968,Eggplant
86.69220489132128,78.64887222609849,140.98406224246273,25.197579680678377,65.92388420976238,5.521912499603692,Eggplant
99.98100506569199,64.63985196689316,134.63901295393313,28.098090354822947,68.84521865700626,6.6230425418914,Eggplant
95.01651500507835,64.59803543833459,116.07335048057706,23.891727141415874,63.6641844732485,6.844590449197663,Eggplant
95.07308051863899,68.89957998723699,126.20226219602405,34.77471111142502,70.76696822976757,6.8673534194471,Eggplant
97.4191703027618,77.7238671744578,113.46496657817677,26.534064899635677,63.94029955611663,6.264076607623217,Eggplant
80.87068304732114,55.376505973942706,114.56128476815711,33.451612290280636,57.37328630981864,5.601825388638333,Eggplant
129.32764662906197,50.851721406798696,105.05127834912537,34.670306859120096,72.4867353099832,6.261717616036693,Eggplant
129.75492743036415,76.08304576276589,121.06890697298557,28.036886899608493,53.97087868877944,5.511971503529028,Eggplant
95.05942163721326,79.0846195478236,127.73995101507172,30.94993355145523,64.63460555493091,6.016472545455362,Eggplant
115.29520166671304,68.40955147543242,146.02999822025106,28.583701804118125,61.8068081739533,6.747991900270046,Eggplant
84.96578266276033,56.17358100189749,143.17492112523604,21.373514491710825,64.04666381941757,5.565674592692348,Eggplant
79.24643262298183,71.59353432450078,113.27299020802074,34.286270789260314,62.33973703574681,6.034448858197288,Eggplant
72.34345171195461,50.13986000820855,126.85106669280788,26.84954676522897,63.01057210504059,5.756991506857956,Eggplant
113.31921728825134,63.19776650181998,128.26690713372346,33.41094685342294,70.30674068988044,6.5323913642837885,Eggplant
89.2287861475022,49.90246180347853,104.74976645664512,29.834080189078428,60.30353972232029,5.526001001535267,Eggplant
89.26246215512641,70.11823618087115,140.21240805577335,21.577863365511785,68.00498929637487,6.475026055443061,Eggplant
79.41425375289766,55.66394188850747,110.5561576063595,26.255794564494696,72.80101237022808,5.698760406146588,Eggplant
76.28809101912601,53.76558390984413,144.1798721333209,22.937722320437295,60.92869660704341,5.723630321893349,Eggplant
94.16102409257472,58.720723037674645,113.36675068269102,22.547897967313396,54.68483035682532,6.404237797835401,Eggplant
105.25920601644795,62.570362458459286,139.9665668842544,30.72633115525091,58.92175951829546,6.124470227508072,Eggplant
101.33445718067911,60.60338028935027,139.31025078769855,20.450299809821924,59.010950391408834,6.0085570758024565,Eggplant
96.54469708431726,49.06942833870478,124.40227596895917,34.49210853340969,63.882857850853135,6.741601442449681,Eggplant
90.90839960735259,65.3764077486255,106.90519099198032,26.748850639191264,66.45523615050242,6.000810811144772,Eggplant
110.62786319805183,76.60516241796859,107.59704386735099,27.34636521588098,66.87502631822223,6.2343442081097775,Eggplant
86.49111305412916,72.91914356541128,161.02882874235172,24.49143343956732,60.253059822372606,6.225151036027677,Eggplant
93.6195176071026,61.263602588677166,115.54425739233234,21.28424109218642,71.39430127285164,6.366005643592379,Eggplant
109.98224360930735,74.18673092380337,105.58546949598696,28.82364017542257,69.95524946881952,6.397146735852125,Eggplant
105.98009969191573,74.06414185413382,138.46807343113977,25.171317477581418,68.77235294794289,6.769199664898162,Eggplant
109.79445454403273,68.76518722098403,143.96841576022337,29.361089240666253,66.63172353742371,5.883208079144819,Eggplant
89.62103208992576,70.01402395778406,130.58316097198482,28.336547117110307,72.25310783925808,6.044743698931805,Eggplant
83.5806244985165,48.77503525334734,105.04457912685562,23.25366270214092,65.98802433712106,5.573783256570017,Eggplant
83.88316516470566,57.352060244848644,120.53402134627736,26.924808836114426,65.41371171803232,5.441576517057248,Eggplant
103.91017648042273,62.17622658194171,138.48358571962996,24.62094514084378,69.52618838071962,6.113890754111563,Eggplant
110.22308157611343,58.04051954027147,114.3782910584052,23.595861218392468,65.98899743125591,5.9753591305141365,Eggplant
85.90004342665033,85.49739598850765,102.4377534311016,31.545565389453532,72.62579914921302,5.479084666814869,Eggplant
88.60764577037116,55.656200418895835,97.01798817359676,20.178598879988126,63.896965832694264,6.543239293321977,Eggplant
75.78594917373215,69.14337268107106,137.8142420485661,24.033242879376875,65.26690460891543,6.3494295637739135,Eggplant
89.34872901987033,83.21479146394239,114.49808237456035,27.966285255079818,58.90616362649186,5.8081335076280265,Eggplant
95.44811792717861,68.04176460498287,144.0807658253711,27.142189826456868,69.6492610409856,6.686656077607899,Eggplant
101.37220663658024,54.91968528032433,101.43245688849612,34.10247990379342,65.51856408760815,6.724825719301034,Eggplant
121.35608225585727,78.63643527429338,112.67686159638426,32.65486221885866,64.86861471282938,6.8297126716333905,Eggplant
110.88674451700778,62.22999642201217,142.94876146705872,31.274039407823864,58.64761620801122,6.042415240929399,Eggplant
109.42543288036904,48.899227892187604,156.56964094394115,27.711171999055388,70.10578905975042,6.123218187849145,Eggplant
123.0685316010955,59.15414692464351,135.28677023110018,26.433600985761984,69.12724715342907,6.819908569432905,Eggplant
115.32244214684549,61.46595044853829,142.30451206553468,20.548543528681932,65.28881716457855,6.080156645263648,Eggplant
129.96051091431804,71.82615622329874,99.02392433760825,32.32502374458228,73.28339516123319,6.366573747475233,Eggplant
93.69484619672536,57.60070895598627,136.3941989315185,26.46069356243168,72.04124726248389,6.414093191922998,Eggplant
90.62699185270164,73.84144324391761,114.6341560945394,24.814510875839844,61.805773128777005,5.700873984515283,Eggplant
84.61283623748207,50.681901228535,129.28759884106603,29.099515699164222,68.16996207259965,6.7490287850791235,Eggplant
112.51874605014736,83.44427945668752,152.25057962476654,31.31206728349614,64.68803903264076,5.566235897199643,Eggplant
110.50104989072257,51.04749245154924,143.8401708031055,27.845769807991037,66.72953642647303,6.222101846918412,Eggplant
89.53854651986003,76.76178669100292,106.9842997878478,22.243747632130876,62.74167430262424,6.147362378507563,Eggplant
113.84457673424723,51.50663565023446,116.61627682508673,33.82469706056067,59.21095138939476,5.507640879697929,Eggplant
111.06083782120638,74.2598976874734,155.22433632922943,21.692742348895695,62.54378483893067,5.533192508939379,Eggplant
108.26752556831963,72.42913260656378,125.3869510109388,34.543574472451155,66.17125711532414,6.300309270948922,Eggplant
104.45143851095138,66.13877328952944,111.9174001965636,26.637156528959963,56.119389107884324,6.118501299222411,Eggplant
90.52568603729496,55.327386432603916,120.02904754704068,34.19934791339412,64.82155743474947,6.073075515867898,Eggplant
100.91635584300454,71.0759105212778,108.76915042970055,33.719746396068885,60.89446690165291,5.712278771180259,Eggplant
78.34667346809628,67.35248357436453,124.39566702526737,26.094008982353955,69.99088690521397,6.159163253787461,Eggplant
108.42122828414642,69.99052739722224,120.31788749388971,32.00037935788101,67.25122940085706,6.874650254347908,Eggplant
85.75187453399212,63.474252431306425,112.88680821689695,21.346587977401484,69.49372787990033,6.19084109818961,Eggplant
90.04958780218755,84.48012457181832,120.40552419282658,21.241014039077,57.763894802569425,6.038678338405072,Eggplant
97.07687277533266,85.03711228783747,123.63519209616707,25.339349055820342,63.015777294706375,5.719355211441493,Eggplant
95.91080546624511,72.95171294927245,105.72330483407501,29.146776502147524,67.60392293716204,6.5045389129946205,Eggplant
96.4623379820364,55.42218890678585,104.1861406849208,20.139816047292275,66.82079920901786,6.559936603271102,Eggplant
131.31322280955317,55.20002150955365,127.13761210902894,27.72762687514627,62.01708088240878,6.01611299776746,Eggplant
78.98179604505943,76.23348850975759,147.99829268804626,34.634703556228104,58.40079776913951,6.440191404758181,Eggplant
120.97624276483725,76.97260092703351,135.6765840459873,32.876681429002936,65.27762194941384,6.375260036223772,Eggplant
89.45334415110482,61.834480342568334,105.19981405295525,23.487059296283736,69.8877422423174,6.372449604030667,Eggplant
92.49280758858868,52.77110260906712,122.57074539312549,27.921031428951125,71.18133644366623,6.817840910923198,Eggplant
115.98969492470349,64.73845465366296,133.40678327294586,22.57113153675017,67.78304524106895,6.658749201501011,Eggplant
110.41701296710394,58.91632948898087,124.43053731367712,23.948902210444984,63.78875736784752,6.224102815633225,Eggplant
108.32277969133024,76.05452647457231,130.63937810415464,33.84501257715912,67.33344751677997,6.217659820920062,Eggplant
116.86113078440611,71.43245045472494,149.9276025921208,34.96667202141521,66.96816678994225,6.294615141169003,Eggplant
102.1794330931915,55.45666759180215,107.24083983326545,23.6384148217677,61.7642122469826,5.743557030427971,Eggplant
95.94451540259966,57.99911192999649,119.44748249887652,23.181018095118016,62.494253502764316,6.126053520729061,Eggplant
82.50470567839788,53.18163820583176,127.60968256379081,25.757889865123612,69.4809214301608,5.633037517621521,Eggplant
111.3644012413751,74.35328495289771,118.00597965174596,26.687846335280675,62.429553957899415,6.49194990542064,Eggplant
111.61214038024755,74.39472888300436,114.33771560128595,21.338730014463323,67.47332018157515,5.4438665297355024,Eggplant
93.16006803209505,52.63860404991079,135.39511854786156,22.21562995906091,67.44446658983857,6.5680706598414424,Eggplant
105.61054085636455,59.79350783965688,110.54407108994208,26.372409011354165,60.26315891548594,5.77924819652327,Eggplant
106.03594636090804,83.7746915104667,129.40435253035892,23.531308520997246,63.35721224923502,5.7568201331722495,Eggplant
98.19510441606634,74.86209529283184,140.70438320313266,32.674021542175964,62.86420639319184,6.6725120317121265,Eggplant
91.03312779557665,70.38720880736913,121.97309344205283,31.273198432142188,67.45925472558855,6.360780675708244,Eggplant
114.86379013621018,70.85794793899919,148.08774392911278,28.045076463210904,63.8579387671798,6.430891140512797,Eggplant
107.71496644878631,83.11767382600827,138.77531769581262,26.489439786026022,61.98023087990942,6.788917379721897,Eggplant
95.11403803679985,68.09299641204494,120.0873640529913,32.464817048209866,71.37392977507344,6.237635838938607,Eggplant
119.03171039697274,73.71099428918158,139.4638757197018,22.489930153609343,69.16276640552198,6.043966789871928,Eggplant
82.40125295817425,51.3715240816882,136.1893791394435,33.31081788301149,65.85142503854095,6.2843580124857406,Eggplant
107.62142627431638,58.364064088617674,100.18681452581453,20.73616075052847,63.50281919243332,5.647482374241805,Eggplant
106.10660791925658,52.06605236295974,139.88956436559877,33.85091692683244,59.15528155979512,6.506920487723097,Eggplant
88.19195759147001,84.42858170685517,119.35142639199007,22.082150785467316,67.77994248214355,6.713387911879202,Eggplant
86.04443486314469,72.36762858482439,133.63478743530607,32.181485660557534,62.75367732654972,5.890562545244402,Eggplant
104.07781701542828,54.42369083334095,150.24108638855006,20.270676175914204,69.3734761023516,5.551453935083827,Eggplant
90.616581878804,74.73622611768654,126.8288444027837,32.22617255612634,61.81355778911675,6.754165281806128,Eggplant
120.4074607545749,83.31739827408177,106.18165894727169,28.761061597098276,68.82048506558417,6.284067263879821,Eggplant
88.3768351929219,56.7207390665576,129.8326679929278,20.285513763882445,62.956977263660875,5.605717550382688,Eggplant
90.93203841864168,64.18321249146139,136.28187109215213,31.613146392863698,61.51310629765473,6.3077625162520485,Eggplant
78.83085279425886,70.12104756995974,118.44668304258693,21.52335951571228,60.92615151664419,5.814287347339563,Eggplant
115.40435520326443,47.62515791873907,99.86754533824107,28.098581388543472,64.41097307405883,6.165752770436692,Eggplant
107.11912416055213,69.1595442182398,122.66224419384946,24.98005910655739,67.65364206784703,6.2345681481887425,Eggplant
111.6756616257997,56.65774158417606,148.18788541147757,31.387523919469828,65.50903450449563,6.1904644221775795,Eggplant
111.60759635280922,73.55283647582144,98.07407870377743,32.79832357508975,59.20593971961914,6.282333755627543,Eggplant
107.20282125162545,73.3228390388771,106.73368012214503,26.96415051504333,61.01447946111666,6.766816591628317,Eggplant
89.5536405812769,74.2880375867716,109.69162199765896,31.369103203354378,65.5563847086828,6.665733408804456,Eggplant
77.35876222907208,70.11831797030104,130.42184665629188,33.749373986555746,63.196459027413006,6.5042733913265245,Eggplant
116.10948904825214,52.17776976543481,117.55290788713803,30.33800806211472,68.29718164624603,5.67371184451935,Eggplant
86.94428780334366,59.34862370925915,109.34244383603259,24.829857291412278,61.67511749760624,6.713483579345839,Eggplant
106.96988472888567,68.07977827604428,144.303780056783,26.949681193335515,66.45357453605567,5.727162406377416,Eggplant
113.10451977497885,61.450697589694684,116.85611367880303,23.4499661020095,62.768850627691855,6.151009506973372,Eggplant
111.85489982749621,72.01685011894574,115.63053218496653,26.87612509413814,57.99132084910117,5.6640897020061685,Eggplant
110.45140701746051,63.6739707317625,135.33702257145922,23.68835718586247,68.60201085242221,6.479994479397899,Eggplant
123.62046106454915,60.551626252787834,95.6289017583876,32.10874587286188,66.69648899020048,5.761315221938969,Eggplant
111.72462389338013,67.76467505974719,101.60713246180347,29.148761408957128,66.76357823743011,6.050454724602309,Eggplant
110.52865439738915,72.17357899161475,123.39613289948396,29.498689785792,62.700161028980695,5.57809919254214,Eggplant
97.91017533488268,67.9410626657684,117.66462587960663,21.653949327062712,55.42178814865318,6.725430618251007,Eggplant
93.87004875992135,70.87172314656284,126.98855720907432,20.02190461322978,66.71975269142793,6.723505400522901,Eggplant
91.2304987517708,63.30001371825484,161.40291361560074,31.837799523463293,73.61070938491487,5.6127631355281355,Eggplant
114.27494096613268,73.24238756289003,117.1286672596041,28.134596235924135,73.94328719815947,6.526950577470351,Eggplant
112.91867313704503,65.94874101168874,133.9489327063336,33.973300622622276,63.07466204588628,6.897918677786312,Eggplant
117.20172691704506,70.0585710203728,148.2716068001674,28.05858858484413,57.714468885683814,6.1958453211907,Eggplant
77.08813683144002,62.96247712704074,118.83543887826764,23.220177864719574,66.19359944127663,6.23210825945972,Eggplant
114.40164052950144,70.86044500637377,131.57062996697002,30.47714877884505,65.88410734313202,6.193903980812249,Eggplant
94.75881500349577,53.88815265133478,116.59247435597956,30.51474470469134,69.21436670976688,6.78587704004433,Eggplant
108.63734489207364,67.81070984998105,135.06178054807668,20.982989062408258,69.83800666265964,6.4754384161600775,Eggplant
79.41393075185016,59.631336904343954,146.16145808977498,30.404763459815705,69.94316117881966,6.317187478373744,Eggplant
123.89071391385623,66.09868462291884,95.90484837601883,23.1879233378663,68.65141233565846,6.439276373544699,Eggplant
106.29324664653193,81.54788769076818,131.44082398283228,23.817809236787888,72.46808312174512,6.206536071641298,Eggplant
99.36244267137279,61.432569147050124,127.58654739876837,20.47122044383671,60.98422464599837,5.632578163285974,Eggplant
93.17550757442044,77.28084986121291,129.20605316477253,29.410583341593,62.568868991484955,6.370986888511598,Eggplant
87.6905623235014,71.62270595591374,118.13142264751217,30.975940901982618,57.22250903407292,5.615518792451796,Eggplant
92.63600974707767,57.2851979428671,107.59689190491002,23.45737494725755,66.51541122677023,5.852156022525963,Eggplant
89.76868333187373,71.03620616153758,102.06811449830668,31.888083982296145,64.02861568849814,5.777805197984695,Eggplant
105.8092417143567,71.30561604075871,150.71678230795717,31.43046929210987,64.1708277847141,6.284785486296038,Eggplant
92.50715744462175,50.390982417585384,129.02922406049004,26.14649312254176,67.70224775388206,5.667392352060782,Eggplant
89.15192638100044,56.7191616227529,135.1355478176171,21.02337743308421,68.13126835945245,6.231420778751809,Eggplant
108.45968074990228,60.97191405557199,114.20753133162528,24.20277991209017,72.30328352956727,6.57984298488772,Eggplant
102.16065166966045,62.59751968272817,119.85433753928669,22.481437233936475,65.85910799043592,5.756422315336298,Eggplant
85.06254533246245,65.40818378385714,117.02436326849963,34.38227355690773,69.4664623433225,6.689444414262375,Eggplant
117.96287483215883,69.78578222744196,111.93355029351541,32.26616396269419,73.57023764621547,6.2857198984064375,Eggplant
90.40655245105837,72.73362233727683,122.86475687850557,21.17564707136316,68.98739535030552,6.186733394171674,Eggplant
103.17384584861077,57.23839584910636,140.2814077490962,27.701900438641346,62.985117557525186,6.705857588742362,Eggplant
104.32709130914523,62.40872080628734,137.1673565592024,24.003294943635947,67.15417473919358,5.554304192095962,Eggplant
109.90795695570989,77.4328313160462,114.38879060717127,20.481769647608132,70.30772989595377,6.0462115759161605,Eggplant
90.5629191003385,60.234237055772496,124.37417056172649,24.834519063337552,66.5235087351706,6.300572862074948,Eggplant
108.5841976719712,59.82881717500983,133.60385496548102,21.913779407209898,66.04899984214686,5.65461942837454,Eggplant
122.84226554354133,50.128950137812296,131.1515989658105,23.340980314699483,65.29035031868764,5.617089648166487,Eggplant
113.73954273562958,58.86209389403207,136.17139048721478,24.89810692892779,70.59265446754358,6.6429560083910415,Eggplant
80.55536621792697,65.83330164643817,128.93227815616865,26.13335675221755,66.94512628883278,6.74858152629535,Eggplant
165.8072119513383,52.94246289454065,167.03700098794766,22.989421740530048,67.02302776205582,7.2263635674215045,Cucumber
163.28542260329073,62.26639256772328,206.8882414924074,27.39734673392443,77.73110547816184,7.206493752069522,Cucumber
180.85060835685312,57.85270894243387,193.88770348887684,18.74807941348751,74.49867433771988,6.853784591702571,Cucumber
192.91638109131415,87.79685832749608,194.7804260570228,22.790340452024793,70.49769959214667,7.244686752520063,Cucumber
186.57711089375493,76.39628103947743,165.64659990883715,18.22534556231155,70.47840972180849,6.813832759548273,Cucumber
155.40651974362905,74.19911039179534,182.14022523401616,29.492137388495216,77.06215023361125,6.335034464909371,Cucumber
165.25439669549098,77.34633900316247,178.14866789898855,19.640659044471214,67.07375201746848,7.4104487050733505,Cucumber
194.74482302421657,67.56048712021646,194.32930987312275,19.08086609191925,77.79115210569783,6.9354778604043865,Cucumber
154.20746818590578,66.57760154595313,192.1413322709369,29.012302233327862,66.41814335261381,6.165876913838191,Cucumber
154.87478425748552,63.179632327217284,175.38750052465124,19.253096076524496,80.90167448919904,7.108968497038747,Cucumber
174.38168951476442,74.83156411368407,162.07583306818418,27.579675598373274,63.150373960312464,6.215341263794855,Cucumber
189.16397849429566,62.07758889341646,154.7425485772444,23.318090060630805,71.06918632353855,6.310552276033361,Cucumber
160.29046211654625,55.94174810021702,145.90833063971365,29.503792424865168,74.08639274185866,6.773468660667765,Cucumber
161.96663896391993,99.14357072843849,154.19503757668616,20.55991756280875,83.79191035732917,7.247924555869407,Cucumber
193.60900743356981,89.82914637709887,149.10599182547978,19.181839029805573,80.52095771913952,7.342106577098103,Cucumber
198.21803683824962,51.37395259137517,176.18978129985774,21.197704331417633,72.18171193349211,7.222051987318276,Cucumber
163.78471780773492,97.82587655467223,186.72148067046024,31.049890487344364,84.69723812946563,6.465514361258426,Cucumber
182.11320781581566,57.981441150416,167.21574790446232,29.60769362430044,65.95794124091925,7.3233469847039006,Cucumber
185.87114561631904,58.62176931771948,188.21145217181817,22.001022304070002,78.46891805841713,6.37898158724043,Cucumber
173.27461671461464,58.279658323880895,153.44942289285203,20.885597976678568,61.457300973121505,6.511523758113977,Cucumber
212.36121983464054,82.28419189691233,174.89358709868802,20.195786430289044,72.72252789162077,7.339335749875581,Cucumber
175.3363857239597,63.79638586027676,193.3323068370261,21.096847684406853,75.23911539100509,5.9113025320291,Cucumber
171.29413684776597,87.29857987975896,175.82405527999592,20.870615207926193,76.14794800188173,6.329856826338619,Cucumber
199.82155379602304,81.02560875360713,194.63581359477917,30.43463015890353,71.80731900559098,6.225861887025983,Cucumber
193.27570224070627,77.18617083859861,174.80148846325784,18.279802717098324,65.12154482247891,7.03368939670196,Cucumber
162.84096204626002,63.41575170589278,197.85268702340943,30.321715134546977,63.64657413635616,6.451783567301489,Cucumber
195.71487039577806,54.85068389001503,177.5550908779599,18.579945916718767,60.05227608538985,6.430200090109909,Cucumber
198.9026203894821,87.81858848513126,179.1132401262674,29.575687627188678,63.2468042291051,6.984864404784151,Cucumber
163.8552102226543,71.00854870880966,199.36129250675836,23.96046131018221,76.69373872883068,6.655596919448465,Cucumber
190.8878938201067,74.45092908533769,188.7776151888533,19.08087776464464,64.94988287953485,7.315536346525272,Cucumber
152.5669471101425,55.19628120624608,194.03530429234416,29.186072900694487,61.56849953457846,6.202822778327114,Cucumber
181.72085213643498,84.36816451395516,203.3062148279465,21.590155920379832,73.89119416781521,6.19147754833885,Cucumber
199.5107901461598,81.96719454670797,174.37990494879418,30.292392736692584,62.0274987851901,6.714634106596725,Cucumber
197.00661685314964,75.94505088151416,154.15313991207262,28.53160715890703,69.72069941439788,7.240146618625808,Cucumber
210.64176130002357,75.92065014709921,147.99922247519675,31.744786621542147,66.1100000377455,6.226692534651049,Cucumber
172.92881165178682,65.76672707870283,187.54574029612917,29.64622046883263,60.86162182634435,7.378849566979551,Cucumber
182.94411538630348,71.243344367685,186.25759984790255,21.37345964825712,69.21930154985401,6.661971852627013,Cucumber
180.47558269070225,54.212054071005,198.98157071140662,23.729012805043823,77.8448782309244,7.482884711973095,Cucumber
176.60160565243334,84.6547129774177,159.48462134103204,27.752824221019402,67.8496060031166,6.81926169458201,Cucumber
174.67679138428522,52.928235503654484,191.18314948690121,22.424909387843158,74.9064803902153,7.104584858870616,Cucumber
180.63653526449946,51.905803373723266,188.42731627493802,25.651050661081054,72.45493448328484,6.325002478216923,Cucumber
175.77926458236044,52.16964524832915,199.64016468263333,21.32705966350165,76.0344303468291,6.208416053013746,Cucumber
155.83748239984234,54.72822744342035,186.7019273469891,27.28131205521278,80.49589281546292,6.512065463719062,Cucumber
182.21620365255148,82.78664111434944,159.86480782489633,22.789875737813873,70.81893551301312,7.282009146478303,Cucumber
158.66846633590706,84.56094273952948,193.05981455749946,18.772492536719096,72.54858416683543,6.0109993343352235,Cucumber
161.91279204110253,73.46941080496146,185.22500811224987,31.548836872849797,61.171424920996245,7.204173865935349,Cucumber
162.88035716348023,69.00236555175898,166.63289620116782,29.81464996434437,65.98913307899451,6.67020578472638,Cucumber
145.4662049622028,71.63844223845923,143.6903357095511,22.252034816523427,67.41287245210702,6.224636364010848,Cucumber
193.07970747530038,70.74381413349757,199.24470871588986,19.814747202660605,76.6079967827047,7.090246279633092,Cucumber
148.92946022036918,87.8939884595203,149.9342891900119,28.293166425714396,79.20694606042063,7.1654649891195294,Cucumber
180.65785414532704,93.30691781703776,170.37208757893583,21.089418944883246,73.55679998974347,6.856819015432626,Cucumber
161.77530565299736,97.0931556464109,184.5004973104199,26.47635703225398,74.91237961612396,7.277384753286648,Cucumber
178.3856804548014,93.60085768539695,211.8261213699438,28.90710779680166,75.42773977919417,6.569956097154719,Cucumber
187.1802995637816,89.04650144252665,200.45662621463688,21.813934087365507,77.10820376078561,6.2917289544355715,Cucumber
194.8006428392066,74.71693578590359,157.63262436425325,21.98491289175125,60.60368294956177,7.49051171691938,Cucumber
169.5122756471992,85.18504948694893,142.9645681754227,18.862577305313113,61.46170529461042,6.17259612685643,Cucumber
180.2141873393383,80.70126286981944,168.58673831577607,22.477874205459024,64.15896694268092,7.095470272727268,Cucumber
161.2746359289836,66.25048169371581,166.63498509093367,26.36431495850759,63.08516738955664,7.254431400723199,Cucumber
168.01583462672548,74.4037413656006,179.47882532802006,20.181155565028206,70.70296950025615,7.52639424716963,Cucumber
171.2646475027807,105.84010535528964,168.6890741262357,31.34315912016026,54.914438991071,6.026193787079567,Cucumber
198.49201761184705,77.58741633704639,159.5510410121386,28.113820266953965,77.09706034806077,7.167439838377322,Cucumber
183.75929993160318,51.69135196017847,181.59722453330852,20.85461242177351,65.98612419939822,7.1702172050183455,Cucumber
165.60011258704117,71.53015418208778,143.39843162315324,25.42863341439093,69.49914028458304,7.592993553403233,Cucumber
191.15777749798895,60.676149165385205,145.31442393112778,23.480172377156123,62.52638878865288,6.834818988127758,Cucumber
159.59987376775572,65.6077460659106,171.89378220236375,23.35294419924147,74.88972135924499,7.057488629505925,Cucumber
182.01699867769923,72.99546669015092,158.7858930650532,25.83983479560704,67.92630323376744,6.177963994364735,Cucumber
191.08559182618671,74.18841220545691,156.2619388835997,19.514109225835973,73.80768289521022,7.28857126315594,Cucumber
168.01964376829497,71.64569944829736,199.81536234081148,21.014390761919646,73.90213450732355,6.610728577495236,Cucumber
198.37230634604117,54.07605494880533,213.80606875232323,20.09552426533028,69.04389300091313,7.184903606979632,Cucumber
153.54474182462724,70.02823067298056,179.20291396187704,20.43570872099817,69.04608169383168,7.056086601862999,Cucumber
188.34521456093307,51.69421737410268,177.54714359336705,27.173044272637508,73.18723805065748,6.8916744891569115,Cucumber
188.5958903073107,73.69562645874636,157.5574968181522,31.946308428610948,75.18753803819538,7.2517852991029175,Cucumber
144.3386522439793,87.61974597284149,201.2705443026723,27.115485614085856,68.0542881672875,6.448570195288938,Cucumber
166.5135735429864,56.882267473435974,177.15904635144946,31.78612930878955,74.35201367953424,6.649718265786926,Cucumber
156.74477294713645,97.68015841296861,168.92789957083565,26.078102978257125,71.96938803017011,6.193430183111737,Cucumber
181.91006162399415,77.38003723965623,167.65715805256167,21.966320674261496,67.3600764843111,7.200781206427429,Cucumber
189.3171718187656,63.994112723111414,157.7977757366269,30.212267626119427,57.16215039995581,6.728344528822003,Cucumber
147.28120585201378,74.10803881411844,151.41551831914208,18.940675332530816,67.45694984525629,6.1688830603083336,Cucumber
161.5208006082997,49.71635349027199,157.97827800804873,19.433991137795424,69.7906633411927,6.640203734308747,Cucumber
170.92778321487742,55.607769886558565,178.3369072136657,31.2667417242759,78.36909194094515,6.15312059070123,Cucumber
168.53502934076388,92.43715780379492,181.54270817556653,27.102592790952606,69.75464449637195,6.1003324100758824,Cucumber
166.96135603460425,86.24949298584997,138.16852410497904,31.0054683346131,79.11051712136447,7.028851096046806,Cucumber
177.86348782295096,89.32738612702802,190.30833494585355,19.860411281555713,62.22904230587725,6.523376508964697,Cucumber
179.65709518389377,80.86379224643065,167.39107065447473,28.755653349807236,75.06088017538451,6.4896613455116805,Cucumber
186.52040803764626,94.3538229758971,176.9445976221394,21.287346308213408,57.53931791383844,7.549406576261333,Cucumber
181.65019333326165,90.09139229377409,161.32230264036107,22.806958580204967,67.08433391128506,7.222607394259147,Cucumber
192.70586530646352,54.29366034923586,181.97888830859313,30.585879270084916,73.1975760716388,7.084079986343892,Cucumber
178.8150079416004,58.62289531029161,163.32143467187396,23.757574889871997,73.73676961521441,6.1158045069443014,Cucumber
161.3313964633944,65.22029860219456,186.90020568251987,27.387512357254572,80.63156939939518,7.326032919620089,Cucumber
195.67099935166516,63.58439278911452,159.81399098349544,30.42186475938584,74.4295029046147,5.936934831098705,Cucumber
187.43635714917824,71.34932528494457,175.96970946157842,30.192234997205386,62.30287747671528,6.319014156279542,Cucumber
200.02258266628178,61.6655635488766,197.01418244329582,18.124701553526425,64.29609329699402,7.003944427933645,Cucumber
151.94055556373434,92.0528213354732,161.14804498590323,20.21501385945963,63.978898817815434,6.48198154079801,Cucumber
166.61599816341345,48.58357475371037,169.67638740685436,30.860702947899313,77.57306315178299,7.4629198520517415,Cucumber
193.5704061356401,93.9444448992125,165.40767278392354,25.873822156511654,74.71201409170594,7.309565971846523,Cucumber
149.8703338057183,69.25323904866968,199.34894874143907,24.722799844315105,85.23434597958078,6.709747375069755,Cucumber
200.2619209315718,49.52952289087065,166.47304169676966,18.91361001578486,79.47890806051805,6.807349845864435,Cucumber
173.29420073976817,92.4306305151715,182.16026535722912,18.35073137312432,69.21086484392784,7.2673805906938425,Cucumber
199.59014035974636,77.38384153592807,183.73905270597882,31.347806318247816,75.45549381138316,6.429580456705018,Cucumber
171.4846109203269,80.32337120213349,173.5009621594342,24.633915155069186,66.07413079333382,7.065617210285667,Cucumber
154.91618242937142,101.70093728695075,154.7275583758061,29.009842417064483,62.85759699161384,7.4462704542995874,Cucumber
161.9355965621757,54.19840174640178,180.47138442617097,21.080019506892647,72.29284754237675,6.233731685216572,Cucumber
156.94213762021778,63.03976756926991,162.56865249200376,21.319007334890877,71.8699990536259,6.946821530044541,Cucumber
193.4848861298221,59.25377323825684,170.98429861782708,25.84357448551889,67.2048269361226,7.530309904997388,Cucumber
188.14874492133043,54.01531184970666,155.46641912773816,30.264361704677825,71.314769545768,7.089640256926877,Cucumber
173.50183404907392,98.67162355523331,187.93470590950372,22.040119098464338,78.75950425800407,7.4030267148041515,Cucumber
161.11972801397647,87.83456532251071,197.940610232438,22.603199772581497,76.62380950997216,7.274084508544349,Cucumber
182.31094654833834,71.53369043191968,218.1669174156451,25.708796287075398,76.31103749034241,6.702245127960568,Cucumber
175.9215145923885,81.38128348469235,172.7194554422139,18.560078004748206,72.61952764541672,6.629303069670944,Cucumber
200.3158399970111,95.72576953968787,184.47361814253492,23.302670075433806,85.69844538630589,7.105511842556957,Cucumber
176.51126926598218,63.11342927775174,200.54793571193605,25.787960454983747,70.72611505566607,6.407473322397156,Cucumber
171.86791708630616,53.36509262382565,195.59859397483967,18.06757523158881,81.54724870544189,6.914561652229923,Cucumber
183.8363270218137,87.46072765756021,176.25029532342046,26.932049240323444,83.97775190229396,6.518966047480675,Cucumber
208.13019827098333,89.37849140451353,165.70448142700047,18.713453694166404,62.08862023133935,6.809908366982999,Cucumber
186.4771858262341,55.164475434268205,212.49456619977371,28.07942487624408,66.87970096260774,6.217530674197025,Cucumber
181.01622106847736,66.4742138222879,190.73885105394183,29.223498452884577,76.52415479956359,6.757841757363571,Cucumber
169.8258418884216,55.85149824120449,177.55327967597185,29.743126609302486,75.90996383800069,7.251563667669345,Cucumber
184.7473703877768,83.47478721039222,160.37278582546193,27.42743349554364,73.07228965912458,6.983624946658691,Cucumber
191.96559768501524,82.32817685951987,161.7515718414355,25.86198846409154,74.24046740846622,6.5870415796290755,Cucumber
198.37433676193757,62.126578727959725,149.67098813985402,22.305860918956686,66.44440858868971,6.9711561695510715,Cucumber
181.51529192914745,89.28885099138618,160.6852622956313,23.944592059932972,68.54701641051302,6.72151491258954,Cucumber
164.37325585511908,73.76233763714359,172.1520182378377,19.21878479842279,64.8001178302995,6.753550427062432,Cucumber
177.40385487825466,87.97084933697009,196.01003898085074,27.89942180356175,74.76687881400447,6.438949180996256,Cucumber
196.00762469839046,75.38330918295411,136.7999364814513,18.345581152482705,70.76078518269519,7.050903692078151,Cucumber
146.30461694249806,72.1667229396417,156.98986273320077,23.78811918352379,70.93885988537977,7.070899318462207,Cucumber
151.28183688631836,65.03750153939384,175.30698424485777,25.086949823427535,66.96062170887735,7.315411585484596,Cucumber
163.7815087905166,56.10441693972213,156.65780854024092,27.10125325204853,82.21825883057964,6.177147555083914,Cucumber
185.2465940845964,81.27769981240976,170.8469404081626,22.804784479690674,72.97682521140351,7.107360944528025,Cucumber
160.52703712420123,80.60009733058486,191.19034566296173,24.199029660447984,65.04082169222092,6.283047326943528,Cucumber
144.58896319202998,64.07439419728406,204.0539619855441,26.22326416717961,73.59191767958424,7.126077599085454,Cucumber
180.7986069333537,98.41419795498015,146.74610241914624,30.92444707168724,72.23595782745392,7.273367167352435,Cucumber
204.2402848121651,87.9989982488136,155.9084745923616,27.407609836391643,61.558563466098995,6.324157050223982,Cucumber
183.49888360434454,54.65741812116412,184.70726211614067,21.56208163598434,70.67579057982513,6.924956720043168,Cucumber
207.25823636351254,56.97962683515059,156.56081311611072,29.86169068839081,64.61561321171142,6.706640919656071,Cucumber
194.21249537718327,78.35472022393151,198.77070997285296,18.77090260523338,71.09423242455554,6.685644807228436,Cucumber
162.56053334933645,58.54908938912,184.8585463545687,21.81218686778537,73.51650261801304,7.133784269292221,Cucumber
176.88065170016617,87.31287528332889,182.05002014621607,19.514124976262682,69.56283352117806,7.335087651768233,Cucumber
177.43700535564588,84.45240039609374,150.0414574040823,24.258540966023624,77.41221346512576,6.370849923614666,Cucumber
193.87182615000629,53.01243429826386,210.23403467557785,26.916980670549428,71.06304933286611,7.266878466707416,Cucumber
209.22679940904715,74.07146804537392,191.8078961285145,25.433934497820182,61.170387227883644,7.496684753560499,Cucumber
173.27846104166412,64.72016540484965,157.55393135273556,29.357670829931916,64.7613185812889,7.152780692874881,Cucumber
172.5687180808686,71.70884126148471,187.07659698137857,25.944834300719027,72.37346928869097,6.958644682518866,Cucumber
164.13916464500898,65.29520501976931,180.41283930963695,21.25733724759795,82.68556452360107,7.515136898801099,Cucumber
165.07010125636998,85.84693047484151,164.17581885925665,25.50990605635798,52.45995468537356,6.207889305669355,Cucumber
153.62160084181568,86.60398782875322,211.33219521434518,28.296853301457755,59.91966008361621,6.212896329539064,Cucumber
149.5950810532076,94.17296465440837,154.58528071253033,25.041347099623753,83.19344549589381,6.273244484683175,Cucumber
172.21168694015208,60.036482839749745,183.45974763452125,24.187573677367457,61.97565777303587,6.371861871565601,Cucumber
154.43506882352054,65.84411081571824,152.22247148984488,25.407362947598955,83.85510808035703,5.926365808884006,Cucumber
196.4797292798606,92.24527351297412,189.27560386251545,25.672814413033493,84.97766571844552,7.070476740917447,Cucumber
193.50241417323994,74.14061845124861,189.5458236712475,22.347799832034852,62.66494525277603,6.046144644568456,Cucumber
180.6400751331615,65.60372785457417,185.61773667826634,29.959168914816544,65.67714891958846,6.389551340516168,Cucumber
156.62035066182779,100.24353041109421,187.54164923230144,20.90756220687673,89.16756684319567,6.062328320469898,Cucumber
169.39426588553928,92.33224485246734,146.19576444035212,18.45964970391601,66.40518999501435,7.285612304842539,Cucumber
156.75279028006588,91.66042472800807,176.83928008139355,28.380891022004523,70.60326440829435,7.305073866788696,Cucumber
189.07971101497742,75.13373152327114,168.7073456434257,29.79239279398513,67.64530454452357,6.4332121428212625,Cucumber
151.31738721921064,77.59229939909773,183.28464172658167,26.998307821579417,76.27746934450427,6.483234182098428,Cucumber
179.0560492685716,72.10594928518327,162.83653692679343,24.565232000775936,76.65151904180533,6.019131383213062,Cucumber
149.52474193052623,68.91376610813427,195.16207354848137,31.65287624741229,71.3688114081844,7.312537787591602,Cucumber
162.88418712544433,56.741846374973264,199.68326936624644,23.190643318611798,66.16457836560797,6.743459534301697,Cucumber
155.02726686937794,92.1205642381445,172.84866736506183,23.682569946123447,70.93087665803921,6.676784230272423,Cucumber
173.92024389801742,71.73774084505872,182.3527841206161,26.27557846165862,77.59059357793545,7.4177292806538375,Cucumber
160.36333159884427,76.57530411241014,143.16694587573446,24.02597636763985,64.85937135502013,6.364109601282864,Cucumber
188.19561641998433,89.68730512239854,168.82585421491137,25.774177273637193,82.11561633847265,7.264063014612909,Cucumber
161.87832403084766,90.72441077782794,181.69665791051435,31.531891975467218,69.45846836519483,6.104774351521667,Cucumber
158.38751825476317,64.09731561789225,202.55860362496006,21.324981691514473,57.62987787403255,6.424272857797724,Cucumber
134.847732323382,83.47071886752717,174.62137952102236,20.079880961122154,82.3867970499762,7.179334272265781,Cucumber
202.80446886161042,81.69463430094928,150.71981814900133,23.92971726752512,65.01691776226383,7.196802383406084,Cucumber
189.0578460222259,64.75703734141824,149.76237000399908,25.05597988485152,65.0245665483799,6.7943117590851525,Cucumber
177.08476529256265,53.3941703586357,161.70421991314223,27.984752181248453,66.50265191666087,6.979605989338208,Cucumber
186.4926423867721,84.25732948242681,172.60063156984998,31.372424528832244,61.465789570078364,7.319147767173108,Cucumber
185.17646347337566,95.6145658281779,210.33217964971766,27.64138471897394,67.48556610515344,7.221474424830707,Cucumber
162.48163237522684,103.0934520430423,176.8661587711207,31.820452178600476,69.95534234330941,7.241312125152875,Cucumber
206.18678450162255,64.074206972265,183.36278799285535,21.448741706810765,75.76574984185177,6.854408502388731,Cucumber
190.7057722798382,72.76132734765645,187.37469113474089,20.92446124152931,69.53831574668307,6.1081598197462785,Cucumber
150.08733859880155,58.921809297028574,151.7419471078549,22.291486512582843,61.838295408166545,7.288875902353815,Cucumber
155.8062594057488,98.26808866259265,160.69022042937297,29.019734916504657,71.05218856824268,7.25746576365281,Cucumber
191.79696052393595,84.2813830370647,150.83988746275637,20.611206114775577,74.72714951464013,7.230369571339916,Cucumber
157.62126425744012,90.34262459578741,209.9045123670068,20.74666069535807,69.31295493465244,6.282151308701147,Cucumber
181.7134574356753,73.40484436993067,143.03427549875698,23.76430064860245,77.86447084113605,6.798441175672549,Cucumber
172.55985659968195,56.05948035351294,180.94381464915153,22.445620023548557,67.20017077214146,7.477996324884691,Cucumber
152.7004322022331,77.30724539275491,160.122542203724,27.05069324801335,65.99876784358146,6.999902451547586,Cucumber
179.80384620102873,71.05495043555247,178.08956085111956,30.462338459823112,61.56903011664595,7.522636984417222,Cucumber
175.29136947630832,65.43559562991783,158.01480039607773,19.941248005786598,70.87266725865771,6.51107432222783,Cucumber
163.41572299500098,54.34405655182871,227.58261254990515,25.6545689772921,75.48095942639245,7.158427573577927,Cucumber
169.5893340345715,50.786915475610456,166.4404591428682,19.237610047983594,59.758806782726744,7.33113751325313,Cucumber
166.76130598252368,69.9697773997685,188.23317450058823,21.10090774087913,72.29606225476945,7.076957116705077,Cucumber
176.71305046681533,98.75685132705064,175.47101994721234,22.327421649535083,76.35974554809583,7.4290304753876475,Cucumber
213.90611046987686,80.02181186573989,157.87894021165354,26.107441240454232,70.30968352086767,6.992095033403016,Cucumber
170.26733872231762,84.718579331817,185.17471617463514,25.768305891543037,74.75589188515465,6.542924001213104,Cucumber
164.6060566420254,57.804392706408294,194.09581030407736,27.002927523517,69.3819442870704,6.415452675436911,Cucumber
182.9384066284573,88.93460091284057,159.56584579848982,29.464689841188335,76.4126080996576,6.265931580397926,Cucumber
183.42880085500514,70.89257022692863,193.5910576364621,20.621218293784032,64.44756855436236,7.076232188150989,Cucumber
162.05323673813382,52.83787000355279,170.83185131725472,28.407354684451263,68.6176803162739,6.7765579261034095,Cucumber
168.7766957420876,69.2933563012612,176.46963431791264,27.33829336922151,60.939237129783066,7.157974385551663,Cucumber
188.1626555159518,57.475711394244684,188.81283345725038,19.115954488954184,64.0810909011903,6.296238264085922,Cucumber
195.03703467273655,94.27383221308938,176.04927404194467,22.825734480737403,69.84196713626132,6.852116944298642,Cucumber
186.39106363245432,89.73468242286435,171.6784274308801,18.38779088434344,67.74954626016155,7.410302565999766,Cucumber
194.83994912373063,62.327668575221516,171.03016919348505,19.26258134437564,65.89151714892454,7.502155163805962,Cucumber
143.44555099654522,80.35837596218795,166.9526945099996,21.973015200793252,64.3144169183625,7.3616994519548005,Cucumber
197.82748494655604,67.54110389021639,177.4069098007148,21.40362630208093,76.16387950078173,6.63953942563143,Cucumber
177.6861005058964,63.65754212007216,173.9941000753114,30.60243277214309,64.46546525120158,6.258148563458192,Cucumber
184.9719182627369,80.88736887188178,154.01122917132346,30.513039880247252,70.25256678489991,7.340526009894078,Cucumber
193.8125923600407,89.27993676601925,185.83616581019282,26.090145246073593,66.52322288453817,6.958986605552217,Cucumber
183.4950183586859,90.80336288934018,172.0218353742403,28.290497827205467,66.04576846179809,7.038320844754264,Cucumber
180.0706743268065,61.484807659201415,149.4853191605504,31.99441838385853,73.37394588957238,6.204641697617624,Cucumber
194.923901890497,72.56147495473328,176.063226059304,23.742697769165403,65.04123716950048,7.364513433989683,Cucumber
153.05335789023144,54.624129237802,177.07448270629123,25.31395596488068,62.690284693708726,6.108967704371962,Cucumber
166.10419776673814,54.10675948339985,191.95388298448097,27.116099146632195,76.66118476604476,7.197183709844222,Cucumber
159.04363363064195,60.81276301620408,178.2692590364534,30.887814973861545,69.07363660577626,6.870799625765944,Cucumber
151.52936881501782,53.81788899724222,174.89835146768834,29.15823171013784,75.89925261263227,7.4742561303623765,Cucumber
180.4251590782457,62.59069744066043,214.4504466668603,18.901904885374353,68.5555168960977,6.371919118729952,Cucumber
170.33739122287665,67.21478427271222,164.35806482328604,27.981303977684185,66.77208054118624,7.415068067980955,Cucumber
182.82258055529516,90.56554738057363,152.5617152765407,21.527097423581765,67.2023801882708,6.394842423482125,Cucumber
171.28628934008145,66.76508588745783,151.80627744884708,21.56862375158169,66.53913228256744,7.267865678783378,Cucumber
193.1413209240465,56.8497987972721,213.88666655379077,25.661335430734937,68.16032860357113,7.26484191162225,Cucumber
180.73962404693606,100.84327669222105,162.8436100483572,27.74821191722809,62.08385177249773,6.348430624991925,Cucumber
187.20888287515095,92.15623262859357,162.9368776684594,20.229189515117564,80.40380696975625,7.32533119110967,Cucumber
165.93215595095245,55.61900861085579,198.44544502101832,22.403160733495127,61.620425132195955,6.713125469931524,Cucumber
186.11976651234173,64.92047924711116,201.8980285894269,28.02569405950079,63.0517854164752,6.061668422912766,Cucumber
176.7642298968831,63.4527550956253,171.66725568887438,20.128027904939145,76.97930663224571,7.354418941229523,Cucumber
205.85196247183677,91.96749205044269,190.87314334186112,29.895918668895455,69.59360228000912,7.404094502187163,Cucumber
183.76673656144015,68.3733620883483,203.98651466956557,24.384599118273965,76.53278460495895,7.073146203528355,Cucumber
164.43710803206127,56.223295308790235,167.86963348641058,26.20386350291919,54.62705868136866,6.281248081955097,Cucumber
175.62556806860613,86.28326603058112,180.38290353848924,19.12557757725692,72.45852981055393,6.668152627416492,Cucumber
170.96708990286464,80.220228534437,158.8000057840682,31.36301742021839,78.52517410085642,6.68661381125628,Cucumber
171.82897121548956,58.95297135736736,162.87011868026468,30.705451569598516,74.29387930120873,6.507071727174596,Cucumber
149.83358081934844,67.79930798117773,153.3056742357217,20.66110202568089,79.77308796667243,6.519246932544322,Cucumber
155.12716801725807,67.99208497602046,167.50432509736893,27.28343187140456,70.29153416397877,6.029784777259997,Cucumber
206.66965451645365,56.8182594970336,157.1407866405058,29.10364106225252,64.84540190715376,6.310723380082226,Cucumber
171.79177464384907,65.69131441774633,194.71037789106853,19.707543625704407,69.15528327163271,7.398001966412401,Cucumber
162.03634662341432,86.14982136691036,177.51499319581288,26.0843498317297,61.54116608614779,6.360872255841772,Cucumber
191.77744033765688,90.35703492741757,177.22103868194557,29.906355021937582,82.88564508674992,7.3044512897394105,Cucumber
166.9981031021448,83.77828535069972,190.5202411943139,25.093997364170008,63.90095495849249,6.477275348283528,Cucumber
186.93701145158084,83.28523576746514,217.09638717206167,30.932994758947345,67.34171502733506,7.260603124042387,Cucumber
173.69125829696102,76.29284740025469,173.7654265534458,18.669226556888578,78.46409835683036,6.5295399911241825,Cucumber
156.20700186324936,63.701026737064666,151.7485774872778,30.868949561631432,65.17318054594105,7.1874955375793315,Cucumber
165.52572091986795,82.47667442988322,159.01139030507485,31.6810526681867,68.82023665294736,6.230358081645763,Cucumber
192.19596369565082,55.092959821150515,206.48345216618662,20.18318941362363,60.083351887938655,6.807227014381664,Cucumber
188.39885914678015,53.78908536209046,183.1591017363028,24.033302752527263,75.06826175952607,6.717784438657267,Cucumber
190.40473342443707,58.32313038396028,191.26883596807167,26.69070891725867,66.42788923661553,7.004212847963233,Cucumber
141.8955139594688,85.30439981696536,151.28642725844202,30.505336036042515,69.09163514120078,6.079265671615318,Cucumber
189.96500163117344,73.80995019113405,184.26149785515543,20.233366420456335,67.87622830762305,7.247493520445103,Cucumber
165.10838976293846,70.48131477854518,183.48162750750046,22.67639141299132,81.23744188531035,6.142048622336961,Cucumber
194.2084598904731,74.18506306686685,166.18752750256877,29.171017363814276,75.77753661897756,5.899901879979454,Cucumber
169.19300812772406,89.33982443586322,144.08527038353597,23.74006387796682,73.81380112259457,6.492490268773824,Cucumber
194.88841277551356,57.20515243601594,173.6337379743801,26.46920864684217,62.323050792612044,6.340778186033124,Cucumber
216.17310389935096,71.14729526021357,172.64174538617752,25.840077325033263,70.36062851134024,7.470961155240014,Cucumber
159.99295136350233,98.57678942871941,184.56870824911115,31.624403739472342,73.05371345910287,6.4093245272161585,Cucumber
184.0160012038244,87.66092667489131,168.753400225257,19.981437134835446,73.28248426880367,6.3389651839301635,Cucumber
177.06072197103452,65.88625723680235,213.241564558909,31.27816786922662,79.1265332484864,6.153133165514707,Cucumber
150.54410763573063,60.114441790471474,167.0651030792396,25.898110019630327,71.14996915035367,6.132595481630219,Cucumber
152.16978522648103,96.02455666327387,192.34742599729321,30.658131612774564,66.9709759019206,6.900986415955911,Cucumber
192.37621205700236,72.42010185956896,200.8787916336255,19.651189915886548,61.61177731863686,7.058436489394579,Cucumber
152.76199173336315,89.50894868837796,177.05908532835704,26.981042194318427,66.86299409284858,7.230321236835247,Cucumber
144.19939935705605,86.53033327642515,163.2969486994017,29.76154050882361,76.59136004037184,6.23255533381107,Cucumber
192.71286807848435,87.28522644941526,161.95304903941965,29.016341019790403,69.00773041944463,7.293900428811333,Cucumber
175.74880281739243,49.31495656044742,195.06562028407626,18.13913651547944,63.65726196059011,6.025686740536271,Cucumber
196.24543423203926,71.78288325746405,166.5083198385261,24.330876526970812,77.80914277069687,6.5282189335470635,Cucumber
180.70582595430253,61.98616606912722,156.37469410963308,19.61485414115973,63.658004775449086,6.681853356294301,Cucumber
168.80341897394442,59.92196134855543,189.6376883872656,20.139551508888324,69.56040966880566,6.737268917814571,Cucumber
197.65671737861933,66.60955581984925,167.93263749939985,27.888027939731916,73.05685548674906,6.371039576370679,Cucumber
157.13233999603523,71.10581653147234,160.89625448623784,31.39211341343806,71.40953621956642,6.995566629166788,Cucumber
153.91178192230237,65.42555368668737,209.67960434949467,26.87736417656482,57.548135940495634,6.8154831953305886,Cucumber
183.66115968718864,81.80811447731806,186.13088420013364,19.433278851263832,71.98728899586217,6.489607293483294,Cucumber
190.14812283342215,59.92972271488614,167.2940252790107,21.41595228597221,76.17423752079625,6.293684684551574,Cucumber
163.3920839017337,67.90983833715013,158.05235879767088,23.304241563934802,73.63546887334442,6.3084782161479165,Cucumber
217.34420683908147,73.52083286384243,194.937819668488,19.755005716467423,80.43486419632727,6.785163214452694,Cucumber
188.9307783293769,84.09072026192489,152.41876734887896,29.871553433250863,62.52136653830823,6.445763818862278,Cucumber
172.34957469687654,47.87658098266558,159.9742706837447,20.72307256509082,69.56358793005724,6.741259221688109,Cucumber
172.18619831622686,84.44532121257426,159.8379419572222,19.81371508127243,61.031635334424685,6.2773128566874465,Cucumber
163.3118375724667,65.42957142554378,143.86949871212911,28.15958541014641,74.40178443352617,7.155091242560415,Cucumber
174.4186160545452,78.39102531721528,136.3526675777617,19.775652917718,61.12116478223553,6.719476772047802,Cucumber
148.56682874837568,94.1113966987844,151.80794967615716,23.744472260079192,74.81214877587182,7.062187265698738,Cucumber
177.08315436433617,79.15115043483637,139.22850708338925,25.21711626651638,71.5125264565356,7.38617021992664,Cucumber
149.61137090247917,86.35604062818572,179.10486883207724,19.12321011172856,76.18752001846642,7.0773681405367155,Cucumber
207.61374698329783,96.81578693050555,165.37027836548287,25.7810348569594,68.39547889874976,6.722319414629671,Cucumber
154.6665899187775,48.523149104921615,162.79177931067366,24.7222960356997,80.87866960535555,6.570849347412384,Cucumber
172.3188295065074,64.87840747085666,175.2294552399377,27.35782790217737,68.43805728701285,6.545446518208189,Cucumber
155.28253174158985,96.63521051112527,151.0769081447445,21.06804301963134,70.47119274986864,6.113002794530222,Cucumber
148.5762824362177,86.35414861920664,153.80533584882602,22.992808016886393,78.54821878497711,6.888154708161768,Cucumber
178.50543882768002,82.07011941834493,201.64908144001416,27.235174746839697,64.20913368867073,7.041142395844861,Cucumber
198.81745469120182,63.939499372675954,170.5604661053467,18.498352711374896,79.78525800551165,7.141262612064077,Cucumber
191.48269212644573,68.34065204910323,182.0428683997425,19.621129199111515,69.57266411608708,7.055584431501623,Cucumber
159.4188149840008,95.24436881940976,172.75732067784938,21.969725638411173,70.16840872674884,7.216775267615162,Cucumber
180.98944765990646,76.98993647499468,198.1803894092036,19.488989234700632,65.15850566212129,6.197510866841859,Cucumber
152.76000680769283,68.56808444857519,170.0683567291419,18.553174566074315,61.086819823269714,6.2720668543938425,Cucumber
198.17312621665917,52.17561261645146,154.90087565396925,31.823353917067582,58.9711120058623,6.6920040762057695,Cucumber
146.8614277100722,88.35848853377547,195.62091485497518,24.380639750551,73.38472648846675,6.895664060345876,Cucumber
187.91213753473247,81.2486429840211,145.5124718891547,25.47157607139471,63.65871344347199,6.834883875281841,Cucumber
186.2134114859081,99.93211968871405,180.06594407823917,21.568668549348722,77.14481548604495,7.351676021779824,Cucumber
206.79127454666434,65.83139505700258,148.00862323318762,18.107621386886713,77.16597823399752,7.264562578367028,Cucumber
147.3942545978583,63.74717098710638,167.66047145947167,28.510138595714565,61.2397049557571,7.347224937978851,Cucumber
176.58625615051795,65.4641557982215,188.46738997120434,28.13254175119593,70.69757573530542,6.87391330865352,Cucumber
192.24045949272795,75.98653455735592,172.93008663694704,31.615570400451553,63.24582758063505,6.500826080186329,Cucumber
187.04942459931928,62.47515375976109,174.45064774524943,18.295429153667353,68.60181949445924,6.833538487140368,Cucumber
159.99626687281145,54.71284681355907,154.02786100629766,19.918290281469083,64.72897260404248,6.8422568171939,Cucumber
183.67146517313358,60.63586698623842,160.5711074868706,27.969974682699903,74.78296519692726,6.515915745320236,Cucumber
144.18632773836873,62.84694487173596,187.10822504227815,22.62103092279578,74.35871825398743,7.24597223364834,Cucumber
185.00499135064717,86.75796685812949,148.41379435466166,18.892823841146182,57.727461763853924,6.0064872645382374,Cucumber
138.40818037600107,62.02833122481297,193.22810882035228,22.21341390657147,64.96991681751261,6.690602200588778,Cucumber
137.01276773683037,79.585986887044,178.19550288090173,16.8866554359834,71.78696817773987,6.3799718452256755,Cabbage
123.28561274987266,92.52699362266077,180.24886744474105,21.271652595815322,62.795993365568705,6.784630877401919,Cabbage
147.37778293543013,86.99418519453197,178.62133774244103,18.8715379597101,63.808601923802605,6.301994062158833,Cabbage
125.09085603481607,86.56931801949919,166.4173050937783,16.773077202662073,60.332824751962285,7.533207278432873,Cabbage
131.58531912756862,95.92487962574725,172.05187543937953,17.16040063455937,65.0997494405117,7.110759574395171,Cabbage
142.36694996180813,96.23362420188762,165.64979501891554,19.746004345822982,69.05085819398484,6.8813590940676495,Cabbage
145.652267903574,93.47260945691815,187.90532156094912,18.40765995474203,60.94632036149544,6.162828971887094,Cabbage
115.75095550197584,77.17256195419195,172.11807565590635,19.62351006594297,68.79182722299946,7.299495052913339,Cabbage
141.43808012652434,93.25524729983717,204.62357205783084,22.313216302355656,64.80052452281858,6.9329009672181945,Cabbage
138.5517913563794,96.95619785713785,201.88038076937235,15.412482393919671,60.90489691029201,6.56604501033209,Cabbage
128.84905175704947,91.3990341485759,163.21720651850634,18.542495676877795,64.27956918929867,6.7267322956502476,Cabbage
136.69111680844594,92.46780530350952,184.76503164914234,18.73898510062533,66.63315426022237,6.588139216374828,Cabbage
118.36328668009179,86.97599190198228,176.70059623645642,17.258254435896276,62.476729950025224,6.7855795473638025,Cabbage
142.2193689643967,84.84027406321957,163.78509985388493,18.976912826009368,72.48994808843491,7.04624133341278,Cabbage
128.0188352687439,76.77194155606436,176.25980767295422,20.099697807658774,69.7195315839387,6.163123236139558,Cabbage
126.31729293782406,91.95035841076333,188.01322287354728,20.264623870625577,69.21495385798801,5.9194580287587275,Cabbage
125.3334358888497,100.23612232529116,197.11446937481483,21.02849988931345,65.88755450467724,6.434352691495773,Cabbage
131.9719284685125,93.41844038441623,174.0425394695245,15.690919825561052,65.545863545097,6.083452162514746,Cabbage
140.10111712230943,85.20104680303196,183.1796648040261,19.140067958151107,60.63086121155893,7.0262046576285595,Cabbage
128.8102886740896,102.63706602217712,166.9214083778416,21.818513082490334,71.40791537343902,7.001559622848846,Cabbage
120.57347579931886,91.5142340400621,154.6239095091711,19.095407895986348,58.847050705721394,6.387488268467068,Cabbage
127.65504427116431,80.03461666691138,179.1350139317964,20.908374317107253,69.24009630536705,6.255901165926578,Cabbage
124.97555901305839,84.11208817798229,208.35841780324066,20.314039785854373,68.95044832690928,6.3000992910530575,Cabbage
120.86298039154592,81.1786613317697,177.5015904503069,19.182470273570313,66.3802763372861,6.113989233514695,Cabbage
127.6142936976602,89.86749261000209,201.4435801380499,15.710356907191143,64.25841571629388,6.655551366091862,Cabbage
144.88230920167103,87.60592505693857,151.83777905169168,20.69902493076357,63.017673263338374,6.799598074666697,Cabbage
119.88769644733641,102.3351285485368,157.43648169775605,19.810617040716995,63.313704272967215,6.165207744356689,Cabbage
125.22647532569013,98.20802540799174,169.14090053817807,15.051161173353027,60.709925108366576,6.924047988371676,Cabbage
142.02832942231674,74.73668701730811,185.54109786419104,16.8617102507555,60.6871381706816,7.236704447494263,Cabbage
144.38739381160622,92.37463378332176,155.5436092761234,15.552596183950364,61.761452913473065,6.4150491729140455,Cabbage
125.73485973727284,92.46489062002544,166.64805484263394,20.13210834116105,61.392181217551936,6.80784562311347,Cabbage
143.47330611704893,95.86268376964136,190.81370760159922,15.136331560071202,63.12126909182318,7.574111548132894,Cabbage
125.18605891095585,85.67949322476969,170.48537820786396,22.58178855973052,65.761511701706,6.7678623606137815,Cabbage
118.7973318457679,93.3231115367259,176.1010523670297,23.527085991028645,64.54110402854151,7.194144942394401,Cabbage
128.43926864928608,79.28037729322111,206.99089693167218,23.78021095818664,68.54249449146081,7.267825271905506,Cabbage
142.60794677380312,80.15884607793413,171.35175999093659,17.039260145074103,61.66256694419197,7.121460142157312,Cabbage
130.90730245998986,96.76546634143699,158.99817008067245,19.456267698777467,65.43935458193322,6.26753833210091,Cabbage
139.1881764759744,82.87101815162426,206.98782314204877,23.02051897377845,58.996099397677405,6.744258083405485,Cabbage
144.4820101716966,97.1159444852263,197.9311734009462,21.186015211798853,55.7635015398329,6.821202813811345,Cabbage
148.2027366928529,82.61932018787098,171.67482130850615,17.688714498302566,65.23128525955158,7.333501551923724,Cabbage
149.27325345122347,86.54280482846697,210.86116683252936,22.5055669555084,65.9963324832817,6.97366484477771,Cabbage
133.2187931375808,95.50947408528704,182.59201544887233,20.165425708927895,65.22562336578032,6.7460629751013315,Cabbage
143.63297924766093,80.04568724993992,194.23497633794793,21.5698607765665,64.08623529082416,6.07406056591953,Cabbage
133.20700952672541,96.30662898519755,189.74760595067863,23.72468483987923,63.306736242924956,7.104302483279809,Cabbage
126.85358754419832,81.24582361524685,154.21000430405294,23.97758413293395,66.09979163830802,6.39311265966763,Cabbage
139.59218841784,87.63931531966612,174.777913036506,19.54339586575166,71.28423598126005,6.605691343365738,Cabbage
148.86332337048827,93.23091834594243,146.52134393662155,16.40951267215504,61.56221011488802,6.140380814685416,Cabbage
139.3488577076653,104.14524908767888,206.8164209188279,20.576032822505013,74.94420678382563,6.58205928658146,Cabbage
150.67230752411618,94.08007434072184,184.619263173159,20.794681486542977,74.75989135089827,6.3578957728176055,Cabbage
148.2640721049171,79.78021499932092,203.1283476252704,20.14930403038607,61.383802559076464,6.486425278321718,Cabbage
139.03113733241673,87.3595570474687,156.12755103303414,18.798439654850227,62.366300577074725,6.983584377982881,Cabbage
136.96898400212928,94.09272908147855,173.98096080487662,20.234042160239696,65.91477301343346,7.074268647839367,Cabbage
131.2262277247271,77.25544897614293,148.33411462868813,19.80636272947816,62.90204726527356,6.885730364616081,Cabbage
126.98411111808166,91.95023577624681,171.5901907932681,23.502233663012284,72.75958782600603,6.853370104601973,Cabbage
117.03340387481971,102.26438825574719,164.44874122578597,22.538403894242656,63.50328048512678,6.0469408430248155,Cabbage
141.01415123166782,88.79184126120458,195.19342091777705,18.543202088776834,70.70861176954459,7.284945442647012,Cabbage
144.19083408553502,88.23375402924374,181.64135000853852,20.13779887175101,60.266130358561355,7.521559585268644,Cabbage
124.07705834560444,97.49284132549666,194.44897699165674,20.094476088077382,58.7219823584151,7.474316417183204,Cabbage
118.27649919901421,96.24259435716887,178.35790033148902,19.596463649890538,58.83649465303677,6.4226107082081,Cabbage
122.40029419866052,89.27368526288409,173.8751818328332,15.522589928095549,74.94408146775267,7.297514931938918,Cabbage
152.57877274590942,84.32887877293258,169.56736562986754,21.413350465530563,67.90121392496438,6.929698440141788,Cabbage
136.72628696245548,93.72480623758028,163.18574091129193,21.581435483519762,70.28854262566627,6.077716205996872,Cabbage
128.61002618744646,85.4299160541083,201.41421994306756,19.357663347462,65.85274189527777,6.23065040422527,Cabbage
115.10086301374525,77.17455046939077,177.83426140914966,23.11415669741588,60.608036029431275,6.358170759403573,Cabbage
120.12355890179848,88.64698463976865,184.97860416038128,23.85529950845688,65.56887880235277,5.985266175393377,Cabbage
137.00293120817375,82.15855625761168,171.25997342328205,22.316215192866935,66.00582172248566,6.563639441761956,Cabbage
139.39205191525122,97.62312636405751,179.40982405059745,23.350767567293083,62.57733090030484,6.5259988783174006,Cabbage
135.1397061245522,100.647188301531,191.41475784036518,19.3875241079023,59.66211927991182,6.407547814156197,Cabbage
122.5891968674737,96.70029218467019,143.39153625720178,23.22817158774783,66.1679501982334,6.114950954031588,Cabbage
127.71141037613744,91.52384174269653,169.4518442460971,23.41524122720604,65.73492290519071,6.884665111018368,Cabbage
119.29794815942327,86.5888625491252,207.22458360873583,20.612103924323232,63.527904700381384,7.439269600639547,Cabbage
117.66813194734489,90.63813233863647,149.73181198901867,16.356490128285095,71.94505544001879,7.282465472619995,Cabbage
142.94175488363447,89.57086601508445,184.21964924177485,16.370769072575253,73.47077308245393,7.087567113502252,Cabbage
123.67044443339064,89.73268648863808,192.97721663095203,19.250752569556617,67.8304013977212,6.320950465560354,Cabbage
126.21734462890718,100.16821939838471,150.74252376326496,21.62022456845476,66.23517928785542,7.103825465722072,Cabbage
125.09991873344791,78.32054457309205,162.9714640135339,19.512547877218413,69.20374255253407,6.814397066326574,Cabbage
130.02046075826127,71.06847946186183,196.7276414048296,22.19864840154763,59.129839271683785,6.856563471820967,Cabbage
141.5319531688286,90.04715884368052,148.47127421877312,21.928095880954224,55.51611289530432,7.183057117995059,Cabbage
151.11191681395246,87.73155360317499,162.22611803481357,16.83247309988838,65.51095439197138,6.3219233550748255,Cabbage
136.82123662569208,81.38650698460947,206.91380740683238,16.19488026237148,69.3627758445673,6.18206641476067,Cabbage
138.89012214795594,82.67040419383687,176.60064395351927,21.352510776539894,68.81776699282587,6.213894201655918,Cabbage
133.3601709560667,76.9964665099947,176.3163241394361,17.883424056047474,59.60987492179762,6.122854217848412,Cabbage
118.68343072852373,79.22672140156273,169.11600256848587,23.382572047370118,67.4112009783278,6.7406834241219595,Cabbage
126.51261512569081,97.28194726155635,151.19581003557388,22.816569717590276,59.62591597116095,6.020441930897039,Cabbage
152.07860246741035,97.40748989695574,184.77872768558842,19.061142466030283,59.593036197388166,6.256988805448179,Cabbage
135.64702926659515,82.48116550438621,158.09894213618992,20.224552420113938,75.0045284678791,6.775315498022359,Cabbage
155.00413371258048,81.44280638672316,195.51034537546033,22.623935494376138,66.07336431020457,6.000045655752821,Cabbage
120.2685902654804,90.93707788099961,190.34834502657282,22.842322765916393,75.46907096139248,7.196572671691214,Cabbage
137.17364762326088,99.85819789606913,161.39028597525305,20.012768991733942,63.28407310818763,6.655148297217974,Cabbage
114.87767113305419,87.93635471944295,181.5463583801898,23.74721837920198,63.99864806741331,6.7135260108599075,Cabbage
127.23584099570222,94.54041474397854,206.99116459972493,19.688717924144207,64.632977800018,6.347773370210296,Cabbage
140.15406784804904,89.81517122482319,188.21917999309574,15.369968950496935,71.60595315527429,7.1700361104612025,Cabbage
121.83955913610127,97.08082108993085,169.8152742901239,20.064256498789796,65.72056070796575,6.633469303587838,Cabbage
128.20374050749658,80.49648372779737,156.18128242450828,21.993062100222275,70.3942484354866,7.415694482010076,Cabbage
133.49216483957713,85.83282464483726,188.26730319193058,23.86441637700615,63.374025419615535,6.236332156212292,Cabbage
144.27533269828172,83.73254056525296,191.1935858346658,15.94831719969666,60.505742289009866,6.564359135562202,Cabbage
140.04535738663296,92.01538199167373,192.5377133242178,18.96483477027339,70.90025746983879,7.237352843450963,Cabbage
117.27858767587546,92.55461609319691,165.65644157897478,20.279848891512337,69.05229765809257,6.316421351269893,Cabbage
110.65746482686959,98.75943619057551,202.35740348560694,22.93317235767073,60.78690256740809,6.803537946865256,Cabbage
127.38164543134798,93.72426241581412,187.11448262323333,21.443009860680753,63.86754236416405,6.232128277532115,Cabbage
118.43128080289216,98.22973172295956,158.43259420230896,17.081216404078862,63.00967586774541,6.748107609477186,Cabbage
123.77418208043915,101.17877357005835,161.05096464756465,22.734502657123805,59.79234972178005,7.187011151827697,Cabbage
127.51724463456927,82.9836604167214,186.77943066016485,20.978189591615646,67.15850627089667,7.586283602728012,Cabbage
130.95169815797396,105.31554092523766,180.46481412176811,23.056412249247728,60.07943438259326,6.1491033205993775,Cabbage
131.04389114783487,99.38273364392997,165.66756696240068,22.50936487688337,57.238884791275936,6.7220179649179626,Cabbage
133.45689818827705,84.39974671068538,183.72943123848475,16.163362342429437,66.93570129080308,7.176016725787712,Cabbage
120.80973520314275,93.29391206541014,148.94239243561654,23.644235733315256,70.62484885470742,7.4445254399866485,Cabbage
135.66580300223018,96.29454350727711,158.25825172851498,19.088667824940252,61.79800046437694,6.941695780368353,Cabbage
126.05367945621866,96.70573910987792,148.08819587957703,23.842972512890988,73.94054093770964,6.027694650686828,Cabbage
138.93561068535107,94.47716887324412,171.38331633520383,16.68306424728773,63.96841520853449,6.729346960507796,Cabbage
131.28588097335532,85.402691360861,167.1567654899833,22.139862412321513,61.98302888219956,6.675757827916914,Cabbage
121.70912117860567,91.65461627749578,170.99756853425743,17.744024406776106,68.00022779708003,6.436467513684928,Cabbage
139.68190180655873,85.67948050390108,183.34812363730214,15.40324773010554,64.54936051728599,7.122904271195992,Cabbage
143.25519302991134,97.78101944481512,160.00466055822096,23.94636382688144,66.60519309779983,7.118215814179265,Cabbage
111.74847675653302,91.0576117432343,192.8208220122059,17.731817883933136,65.7060992077863,6.049243147475675,Cabbage
140.7910660047935,78.3688124985106,138.29453332754753,15.724673292792428,67.26084102113239,7.086337838817648,Cabbage
141.04302486146403,82.68424129232312,165.57787610474895,22.74447467629276,60.05343972234211,6.15603265404209,Cabbage
158.80363326847953,105.27699905678536,144.3285314700349,18.88818268542555,64.00341515458155,6.687724305492036,Cabbage
143.41867067866087,88.55023561779079,165.49071604691082,20.18807184785296,68.34305961931878,7.249566410921673,Cabbage
159.56692796815452,82.8156964683624,182.58437294915373,23.863593238338016,71.96620022180491,6.235097349363092,Cabbage
129.56776528194226,82.32700692530435,201.55961990452076,19.326381657165218,68.6814921483912,5.996632279048159,Cabbage
118.5759330805476,95.53975636880814,163.6562700303069,15.603886616409943,64.54743695421307,7.489557523981695,Cabbage
114.58254273147091,75.11691367314974,164.26739925777167,21.220675160842372,66.74779403503035,5.921280709618715,Cabbage
138.09880912240453,83.18457454829391,148.9488982816279,21.395395442007803,68.38071349703853,7.074553418049655,Cabbage
139.0672925001151,99.73816985378296,191.8824324720614,16.74787412645062,62.2520904493701,6.327112605908652,Cabbage
123.40482938579936,96.16167459021476,160.48910177522708,19.90870726721284,64.22465417654375,5.9258365177154255,Cabbage
142.96185418288195,95.73982494614853,157.95524127586958,18.322988428348157,69.65201625702404,6.370566729685448,Cabbage
128.03582581913997,96.89450485379618,139.7380464804552,15.449294253643501,64.15524322833575,6.873402269271623,Cabbage
118.53110883352596,80.42448322448804,205.37733923330273,17.80442183483013,63.85759325449204,7.2173003325665706,Cabbage
151.88113938502053,79.06694458807283,185.80787993521358,23.185793462168775,76.03259388312483,6.000409403897503,Cabbage
122.33999461159743,90.30709016974751,155.91772611749184,17.702226108015516,66.36242439084344,6.645383901346322,Cabbage
140.4193045033602,102.01205514128974,150.69926599960405,17.007568219427117,68.5017028583576,6.767515157481216,Cabbage
142.24421471078065,88.38029705882376,194.26677468845634,23.468215635773237,66.80690437135212,6.518092735650356,Cabbage
122.35944653388394,99.8044909139039,164.19792662616987,18.440941388000375,73.22944909869932,6.667417239776096,Cabbage
114.71798794392649,90.73890497829714,142.84845654167268,23.46503150049717,64.752714730038,6.309437453670473,Cabbage
143.7334824758891,95.58942797139271,171.9576010290229,22.922109298532988,69.06576194438045,7.155055934037757,Cabbage
142.85190539510566,82.7375771385632,164.99998680336694,19.234180501122047,68.86044936856943,6.2225714956501825,Cabbage
130.16477524126682,90.54002219337745,173.16445761072941,18.464654957621327,66.5543814393089,6.876304029899795,Cabbage
159.0861623096466,80.6168316338363,192.49006299421674,16.239461576818854,58.12335692530307,6.118615567205016,Cabbage
138.91597852445003,87.40736070041245,195.7225221977835,16.715548249372056,66.06591743740371,7.20336542682505,Cabbage
112.05755905474793,79.56968465211916,177.78346725377364,17.09198863747222,67.16119676972566,7.123916603605483,Cabbage
145.16859387799636,87.82794943072044,159.15854980974663,19.233185044717132,66.81345826661894,6.406947951147165,Cabbage
142.67711574583723,82.68608746476653,143.4062314537532,18.349020936746598,56.03516213701213,6.370305387474382,Cabbage
140.19663674018534,80.57275491491782,211.38876417844608,22.20345892421354,61.27098681554598,6.439845878108966,Cabbage
129.77841486265993,93.9804385813132,151.14427018905715,17.670083641215694,72.31026722007385,6.138769397651245,Cabbage
139.73126400168323,93.16177297521418,152.657029339546,18.82067730570361,67.94305224370757,6.76960520218285,Cabbage
152.10409312191078,81.31383032815407,165.7705373518059,16.104366811837863,69.6597916685418,6.830420826926185,Cabbage
151.12749560463843,84.10885708025472,155.7319543061601,17.440979768140984,72.36874836746145,7.010272169215141,Cabbage
135.75901472539428,95.33663911348351,175.2848736654664,22.04718124891395,66.24781474197701,7.144769580836717,Cabbage
145.6403104553213,85.3517138533997,153.43925982287442,21.36390374347808,60.093371174341726,6.768021431566874,Cabbage
135.0846245224588,80.88162795002708,204.57568311631957,18.619983298708192,63.44865007204271,7.423525730836539,Cabbage
142.93889080707737,82.88091648243457,183.70197498772748,20.197258827579752,67.20629812918754,7.558854890621242,Cabbage
145.29941591216817,102.60086334383907,204.07100876553784,19.12500278621745,69.30786282191517,6.134971086100489,Cabbage
145.43418564493473,100.60125307624823,180.89317309972233,23.056984938542342,61.94152741899706,6.662138998251833,Cabbage
155.9465022569647,96.43671301314933,170.67615540930151,18.55221676281324,63.82050068909229,6.209130007981433,Cabbage
138.91953521551943,91.44654577063567,189.91404186403682,21.499030325430876,70.73212271880496,6.5846040325915265,Cabbage
144.31917133652925,82.31075240472731,207.6358370253225,16.966762290377016,67.26348190158406,7.189588412309136,Cabbage
157.69999343587253,83.31468248041534,152.79941644011052,18.90687406057559,67.03661161227849,6.905884621500441,Cabbage
122.61241362757632,85.45789118713685,198.0215038003432,19.763982797588028,68.09424479210332,7.028680371119708,Cabbage
115.85773672665509,91.37496931231551,177.3564417048037,15.941821112704401,64.07457678151643,6.780802687208662,Cabbage
144.30899953371326,85.38983434679712,180.29949209697304,20.28676628192011,63.57921880211964,6.341043490793527,Cabbage
129.46805660283354,101.9692451727838,148.02394757413123,20.171984903960546,66.7695376272264,7.459600448346472,Cabbage
127.39717474623093,81.40078856125824,152.86321802637102,16.42877602811606,60.76377610301588,7.052031916687171,Cabbage
142.15226665314043,72.73522230884944,161.54299468402954,23.987845607233147,69.42858186859937,6.095564039680941,Cabbage
122.45527713119368,95.6754284360908,157.7638055816325,15.832439594779455,66.58064730059382,6.43630208321434,Cabbage
146.17569682607842,77.95434679516073,164.25629964695355,23.057731396628434,64.90730313739894,6.964637922434696,Cabbage
143.59803117664595,80.79668194836496,201.27669963998736,19.423640819948034,63.087028886732874,6.105536143720216,Cabbage
115.65590488446875,89.79464201275653,180.45497759499682,17.004344650507523,60.315697039103334,6.803507483942885,Cabbage
134.89164003543723,96.46279141778615,170.30007622672784,16.015188586805728,62.166575438080045,7.141730658541803,Cabbage
127.69130833060768,79.82114396297759,181.4971943106243,21.294781017094735,68.13452420459231,7.3615481148204704,Cabbage
149.42983872539614,93.4066843285999,180.72505556302576,21.790053737269318,69.67605252314492,7.088981632746067,Cabbage
133.0804652887412,82.82101050834441,210.1755542974646,21.060966143613687,67.14274124732029,7.080890257023873,Cabbage
138.23179720891153,101.88623700003556,190.95845062303403,18.77883784977294,62.633945802785696,6.979114167812007,Cabbage
149.57018960255292,86.60677674863855,156.84307359916497,16.553163291304436,56.37541970689151,6.0329048128467075,Cabbage
160.50753537450956,93.44154505384147,163.846403877032,22.10584112633487,63.861180355902654,6.8706586696036025,Cabbage
135.70380687308915,89.7360116891299,154.9276328574393,22.841074239570766,60.05644144999034,6.119378232940987,Cabbage
146.76725772936325,100.26188354709652,189.3079585832681,18.526838153157417,60.95128906343806,6.306036839373004,Cabbage
126.36908858428858,98.50321890113663,147.3731908864985,22.570958025827142,67.68179558495203,7.217013423769603,Cabbage
151.1030953842469,98.82252479401356,175.69470158948258,20.720402116512847,68.85660069603553,6.747695018663059,Cabbage
138.86521913599015,81.80350882239404,155.543825470192,19.742804859010256,70.46181378004499,7.004993765837182,Cabbage
139.13571501986166,89.74423105875543,161.17505269184576,20.495447662652488,59.74524427509041,6.722823262799109,Cabbage
129.15061574483934,88.42390578463983,184.6135946130796,15.969758284340546,65.17700313023649,7.236659493618778,Cabbage
133.2463443161601,90.24148821991871,188.88097308040906,16.128591169940794,70.08985331484487,6.871117193832164,Cabbage
136.34094013822425,91.01708494294535,156.70048641643527,21.540334797920504,67.99273898292402,7.258577667372689,Cabbage
147.05319099713014,89.89171634050417,158.7948576524997,23.72952380553418,71.09451551941439,6.137545056826226,Cabbage
145.54555677590807,91.40252680415136,167.54086118313526,19.570237272600792,63.6959354280146,7.263532905120716,Cabbage
130.64017308305515,80.36445539803252,152.09347154724423,15.486006342443234,62.85477382684879,6.819604444235709,Cabbage
136.47561563863454,79.57011986786007,196.42783077343907,15.612660201412282,62.39459613875101,6.052774421672903,Cabbage
136.8480299328683,94.12169816432515,195.8226723430028,19.206282285300205,57.473356892326215,6.982357874854712,Cabbage
148.1432125430172,102.31419079546504,195.51068141867628,20.91898082401189,57.803009431418886,6.409866528936844,Cabbage
149.28915082722696,75.92481606948253,177.174000748913,16.393889907945884,61.96961339583291,7.244750381655012,Cabbage
130.9740237544583,101.03844954560486,192.48900057586863,15.297314041393081,60.2691571522735,7.493553408952922,Cabbage
122.51809949251026,79.28740913169439,166.45686689342344,21.565223547793646,61.37969334291594,6.3274067563627225,Cabbage
135.68199316642455,90.90082635244005,176.1457100898264,16.315183636078714,60.69232272955383,6.420168375715894,Cabbage
146.52291257209333,92.45901279580377,189.85086998712606,18.943619856080105,62.505956113600256,6.200524767879802,Cabbage
125.32827258738033,93.58805925041207,186.20040216965032,21.607225404793613,74.66257964756727,7.206798157834855,Cabbage
137.48474598651984,91.377150494488,202.80636803398295,16.127654842806876,65.52395746457718,6.867456905599812,Cabbage
124.86894850443325,84.77167029567305,178.77426936608938,18.984778483736918,57.81563010798622,7.351787471180319,Cabbage
141.9148000834353,95.70738068686505,181.90890144058233,16.003096148450613,59.67680048739143,7.338652240614549,Cabbage
117.0077145367183,84.4970647427019,162.59024957179471,18.127572787610983,68.22264507950432,6.7409561120674235,Cabbage
133.37451125627865,105.328319789701,179.4407478492389,23.211899659068653,63.315520253367495,6.2602609893667385,Cabbage
140.41191073307306,89.87424517592166,176.35536607562102,21.17519898107783,69.49821186790912,6.759795865736322,Cabbage
155.15407064828582,91.921237187397,178.88801407245478,15.207838282570487,63.729072649578384,6.639508430237624,Cabbage
150.45436979805123,98.60321241328296,171.73093465412552,16.210291282226635,66.12324850507501,6.4879204376127975,Cabbage
147.10946373731733,86.60566866692623,189.50926109944447,17.644385115310257,61.41538658079365,7.418067355276365,Cabbage
139.825556709069,97.35128544113367,183.12619618674975,23.05994278580083,73.00818383865254,7.151277533015548,Cabbage
141.5193759002873,85.38263309371143,150.69528182279464,21.72377705297808,56.11808551916376,6.863141401853127,Cabbage
138.13568926940724,88.74993210744259,177.08896712756564,20.5574366029965,61.98284089481743,6.871708737498654,Cabbage
133.1904177777752,91.64741927985192,146.56013830336934,16.373353185657056,65.39879194940988,7.291494193590823,Cabbage
115.89766157192773,89.99110055112098,156.76525427860653,23.35987218443294,71.2464477064838,6.165597211551956,Cabbage
137.8386958129604,95.30378153768444,156.9143911920857,22.27316232154305,64.1511265074669,7.149917642850381,Cabbage
114.56753318457098,94.60165932341441,181.41087226429428,17.1548312017281,63.442301868013445,6.446891552906584,Cabbage
149.50598560489905,94.86276857300783,180.02955289314198,18.638933007891456,57.33690393748047,7.235667652843971,Cabbage
122.95832307628686,103.97890714458924,170.10096379593946,18.855454187105916,59.65822230016306,7.415943151636115,Cabbage
131.40601173855808,80.71324470942074,204.99759155312768,20.287557362030757,61.56602902562264,6.954446142367447,Cabbage
151.5635407888937,98.5443746396668,169.0037665955466,18.3732935228255,71.66131781287248,6.195745550921219,Cabbage
129.4350098538573,84.37474723116812,184.80696271969097,16.890238692891266,72.46152085579791,7.098308989401086,Cabbage
138.12423408402955,100.05202403615428,158.66862254392683,21.002905676314498,59.656640837287156,7.031769005155104,Cabbage
135.27981097494853,93.28169564675869,193.01282356392855,21.097995364225746,68.07941548022275,6.567687019956699,Cabbage
134.789444551588,82.08036091491644,162.13881013681896,18.98146982921627,66.3030599772813,6.1276882513966315,Cabbage
124.10813001315479,82.48303691350783,144.9536580729116,19.379872312593942,64.25640111028707,6.366875533698115,Cabbage
137.23097896735,88.12006670245263,162.94063850481362,15.456031592095572,70.08874437261241,6.283037865568323,Cabbage
128.75819825542598,84.52947574915449,181.76622295277383,19.104889551772843,63.999260637233235,6.0169803034173865,Cabbage
126.20717363867867,96.76344025146527,181.0286720889463,22.203584280405487,68.31130330336033,6.649757051341456,Cabbage
142.4001289886396,82.15516107905499,168.89043592488883,20.323342385787015,61.53945842368079,6.8810390273141415,Cabbage
150.25207273229478,83.326368626555,191.61871377646597,23.286291260656938,67.8580566580469,7.273833780736649,Cabbage
144.67469444419163,88.88441888094376,145.76533394813757,21.448620284594064,70.56585004852951,7.00894367321613,Cabbage
136.65830180087264,84.67433298061086,192.79966297302556,21.99873343884556,67.52533251513647,5.975660938840028,Cabbage
149.77002743245237,93.18863245564715,193.1819408755675,19.12574106426517,63.243122852145675,6.881207654976887,Cabbage
135.3748052963282,98.99559474177728,179.56980114892778,16.561044555790016,64.19191725486735,5.975923585609802,Cabbage
128.86474448187838,92.3438271750122,167.4260059357701,23.209665777584068,67.63483288256418,6.678957184272815,Cabbage
128.90654740228604,95.20634639830885,154.3945082941657,20.932768364985563,64.01854218122924,6.692001117899105,Cabbage
153.52117982750636,88.31424733441295,163.7975059946435,23.185271512447486,65.7960269786079,6.474902487249499,Cabbage
115.54722128299875,87.15267260485399,148.03880950509935,20.557702095602156,69.30194292324997,6.453590729422566,Cabbage
129.69414146134284,79.54106812671701,197.08344306483306,19.09032846481581,58.9392551858476,6.037110336193804,Cabbage
145.26898609738478,83.29411907535207,174.16413048654363,16.212652183104346,59.89488224488158,6.898142616185588,Cabbage
128.4983850440207,77.80916596606173,148.96000245090877,18.579343088761092,59.60805426966675,7.204473253461551,Cabbage
135.94918594013035,80.15767686391351,179.37686318147112,20.377981409415185,61.96432720277718,6.493768285903638,Cabbage
141.95240856910988,95.50295300055714,184.91280411967008,23.37687841762826,65.67026459698928,6.148414931170001,Cabbage
141.20004763055175,77.10832199023736,177.43215704740527,22.463768268584705,74.37294725101833,7.224802600291504,Cabbage
127.27875161415486,92.40429896259485,207.1842788047755,19.618275015455822,69.7418408821718,7.0283958621777485,Cabbage
148.37195420126832,92.48174923757513,192.6161078090899,19.03191816658099,71.03198454926967,5.937752387599569,Cabbage
117.60985038329152,92.34360847763394,156.33539860946368,15.29946040063641,69.45404735592906,6.87456117402333,Cabbage
126.3121546375024,85.09001744905062,182.38757878922166,18.160695692644104,68.64664429352696,6.232615492707926,Cabbage
154.93559495332687,90.63859241516471,161.6970507364735,23.831859924815816,69.96287671886711,7.183395441236505,Cabbage
122.15859924659989,87.93406472631732,160.18994104410913,21.669228231950722,61.580111086338,5.971089436201001,Cabbage
123.98757464720772,86.5732049206529,167.05632370276032,19.722741489691884,56.64821644937779,6.381913589873701,Cabbage
116.80388250872748,91.36224103999801,180.34848841603485,22.76069618657062,63.58985702384542,6.112068320137556,Cabbage
138.1308596546448,75.64691966836504,211.45039852997283,15.207502493485352,61.01682103719064,6.621989301007295,Cabbage
159.53848210740645,88.41484293953371,164.0817759035686,23.618617989137718,74.47106377096135,5.9446248216283495,Cabbage
121.82785196788338,84.40830433880231,175.1681009697214,21.297018572423788,68.49933328770788,7.037003855642146,Cabbage
146.52047426782497,96.21737049417112,162.48609503796968,15.119827325421062,63.521536408281364,6.381911299018807,Cabbage
132.95039851443548,87.17123819956753,206.97611527242088,21.34978627829163,69.83513534004366,7.34349545842831,Cabbage
150.26266961291847,88.5626685143015,156.7987203794748,15.748150644322099,67.39329183919475,5.934399371249066,Cabbage
123.12328001793765,76.23150896802288,163.00628990849046,20.75637542419294,63.984969252339646,6.526792907360429,Cabbage
135.47667267278163,94.25168124893455,187.84312962522395,17.70797075701908,57.565840084355095,6.505424505554743,Cabbage
135.79559333228613,86.86358788404831,163.90670341413883,16.90883015834735,69.04213607442485,7.171141841209276,Cabbage
121.76240924828801,81.4173866680721,194.56782210246095,20.652733293336922,64.98473029027042,6.3266495426630405,Cabbage
146.99746645458632,82.21440372666711,189.80383849984003,18.90636696089254,62.85405746112428,7.2758861784619056,Cabbage
124.32864725142738,98.77037103309358,180.8656460736084,15.580707164976298,63.52953987745589,7.29783243246394,Cabbage
150.65241403707645,83.27001093414518,204.5774441568332,22.401085873804718,65.6966963410955,5.969988600624537,Cabbage
138.64216837955703,82.28988703952581,200.6019071757942,17.395104630561935,67.2677364454754,6.011584185692255,Cabbage
140.6031092472677,84.03668933933628,143.18916904699543,20.56389236844717,67.20064635585156,6.669117500801108,Cabbage
124.10510272812637,100.74825228184545,160.05070938549088,20.484245873846486,69.05666869822596,7.1057427726388545,Cabbage
120.19200571525909,90.38509360355134,188.1936067080635,15.505450410263597,72.19588222983963,6.789049337260882,Cabbage
135.8730997897476,96.19241209288967,169.47961736949952,23.97584895212771,70.28447320311776,6.0463044776877055,Cabbage
140.36384582658667,91.40146656674088,195.8248543371455,19.02894488597689,62.1855692915329,7.260441818418369,Cabbage
149.667440504538,92.05307556425348,182.51429731757574,16.848209751219223,64.53727497924947,7.3928153030959765,Cabbage
145.85948316857488,105.51904498638763,198.56971583646083,18.930729195810336,65.91996983294916,7.490665185766348,Cabbage
142.48152258025087,92.5157514578458,149.37331058252994,20.42755751727483,65.49357403962816,6.783053140967558,Cabbage
145.88343989750604,85.44491360659859,163.9866993252886,15.027358025252852,64.57511754883889,5.993639169956494,Cabbage
122.42951837353968,91.83942520047964,154.60755218360512,17.701202023213025,64.8730172042167,6.9799447511317165,Cabbage
127.70964316484935,97.12586651181886,172.94140295932144,19.826972258617275,64.3140928533969,7.1086997794813485,Cabbage
133.27433910411273,82.11870216410657,201.86231247643119,21.250292820218405,63.90214325403061,7.249480571510558,Cabbage
151.72491345791104,96.22410015080739,177.90690969572773,17.819753644607584,65.00374707998095,7.2732378790386525,Cabbage
133.57467322807247,94.2616324450307,158.42388273394155,18.635186878073565,67.17920629049404,7.294778443885499,Cabbage
136.33253590458318,98.01924451619674,188.70665735490866,16.991055862853372,59.865766203090274,7.0707220769844525,Cabbage
152.21354991964046,84.91897633161403,164.6425773659582,17.63736293371653,62.927149483475,7.164004819462479,Cabbage
123.17531773089898,93.95062986785655,183.9664694508213,21.186216845762864,57.95462806889654,7.068465682613547,Cabbage
114.42028246558517,89.19037028053238,189.09193376441382,18.035356723279662,62.72845774886817,7.280527109723962,Cabbage
119.12155962859137,102.92278982849086,163.8826870352406,17.516576556384145,64.0688302916931,6.972048222223905,Cabbage
119.47518491595419,93.83170623025639,195.91366647514536,17.687039326126946,68.79364489286772,6.248366994527461,Cabbage
128.56449813035263,79.68256889335889,153.7083852433532,20.51378737816264,60.844569419486,7.092232266048579,Cabbage
114.86387947632888,86.86713855843173,152.302661908756,20.047351141363542,69.13366340037821,6.519022079954486,Cabbage
157.14342646462205,79.58127457054046,208.75723773163665,18.662112523004247,64.94604079812892,7.0513337063753365,Cabbage
138.81058847608276,82.22630482056363,190.80439154721358,20.690846646506472,63.77876557821131,6.4205246463761565,Cabbage
141.809085422209,92.58440032690996,167.5716945246352,20.78514859192537,64.00941535215388,6.1716074507670795,Cabbage
113.66057721828422,79.2859909002595,196.50037969381268,15.11798607353988,75.1830946417125,6.361013420447236,Cabbage
140.93765235143607,101.93513559684759,195.13846954222655,18.05153561714939,77.98892029872883,6.071925438115065,Cabbage
120.90910807668088,89.23435939601504,189.86406051416935,17.198599906481032,63.2056739850216,6.335009154026589,Cabbage
124.96548158590953,86.52174091052544,175.1666378277652,22.46209426804804,60.93845838705232,6.27190233598112,Cabbage
136.38937216867544,96.89805227898428,166.38724803600329,17.47892483611729,64.18581483382414,6.263169366554793,Cabbage
136.5710219004428,87.09525606033503,165.19113337676424,17.855664826959213,60.423762783142095,6.999292218082259,Cabbage
137.34352260609185,88.84179852439694,187.0450791715993,19.840087031158273,66.42648999093075,7.505212904309267,Cabbage
130.73970469699017,93.52258108949302,155.7910286302084,19.926593690511538,65.22353181945185,5.946441245613056,Cabbage
113.92150002133702,82.64607427511807,180.1979063622709,22.298761576741608,61.188067569211036,7.0550402595304975,Cabbage
138.20606056385503,88.31759188687732,153.01945951640525,18.491354523407757,64.48181978329802,6.492021568310422,Cabbage
122.94151849782797,92.25812957293854,154.77703506315325,17.530478179135127,69.90210318648104,6.075121967497867,Cabbage
156.39963182507205,91.0332656037253,167.39626919956825,20.474189898896135,62.282122433193585,6.512054115049303,Cabbage
149.32575179062025,85.05261464761955,186.82978628836526,21.55452936942203,61.303183678119915,6.603455201942693,Cabbage
119.81419068885738,50.25129719237354,121.6788585199679,20.644639208050286,71.93860866997849,6.184289224085044,Sweet Potato
86.5413943388322,40.1031850476473,102.60005223573462,26.78036661806121,60.645094634819735,6.647465586868956,Sweet Potato
82.47613153111838,56.42251951492178,110.23031779638968,22.604746711915244,66.25079658777953,6.312718116726845,Sweet Potato
85.11632079501324,44.08998767506712,100.29175935695524,19.345540656303704,66.41047237776631,5.86889596975989,Sweet Potato
111.15669207042465,59.128423166550576,118.86906098747049,20.391267157442364,79.62656625245828,5.6689308566124925,Sweet Potato
86.46121865379608,41.10199614342872,116.53305355417586,25.55699617609651,61.565376606285625,5.270042543913416,Sweet Potato
110.05961515638121,49.475713175033306,162.64093027853377,26.26633748764369,78.8880208626096,5.7995595883513555,Sweet Potato
119.62906500739193,50.51356697566484,109.64048459436182,18.395633393680058,58.75465028328407,5.281891429955471,Sweet Potato
78.03383102437546,52.482766167367764,143.09376189248852,22.10029636560293,60.283497205117975,6.749203015076515,Sweet Potato
87.87275534956122,53.897931701903744,145.29393447288646,22.941726504642283,66.26025849259624,6.5319076844691,Sweet Potato
94.57615358493213,46.974813043000985,127.19710765802515,24.150333556572797,62.715839511811126,6.646186611340783,Sweet Potato
97.27958780559628,54.351015732618,129.64008660774468,24.506171415001134,77.26732487816919,5.416687490822784,Sweet Potato
102.31951504458257,47.52109245610388,115.48280162909646,26.305587358615924,76.31214628473495,5.987126793761617,Sweet Potato
90.80004622036398,58.21887759449631,105.06361437970786,20.733895638338605,60.547448354084004,5.268399606353436,Sweet Potato
112.61294577337438,57.49875326859231,133.22839381675456,19.119281322643864,66.99698301417376,5.15763024698403,Sweet Potato
103.47396722620744,41.538116125728955,135.4695356653153,19.864867736408158,71.1891699124369,6.545694127162296,Sweet Potato
82.90727371534969,42.47514860955981,123.66331469561834,27.368462311659346,79.55594937701036,6.355506559768682,Sweet Potato
88.19378283215121,58.99261010290095,147.84675058595937,23.466821284782544,58.91324146357877,6.850769683592657,Sweet Potato
110.88338701831393,61.41189021302896,144.2115064871836,20.190948923990543,75.26372599006355,6.89016682577366,Sweet Potato
81.43964372311582,52.535409332125425,119.90038708239018,25.858647725986593,64.58936016326628,5.693258013490969,Sweet Potato
103.05479840072431,46.232118067841476,95.21594066656206,23.8700740051258,74.83488296488368,6.434354346409719,Sweet Potato
95.20286373936001,50.247935920960686,141.88924556596504,21.6732779898307,64.46025746928765,5.675386198340468,Sweet Potato
116.94454400507968,43.37355374690756,143.07217200826935,18.183025301954626,70.12466988945664,6.16660932565256,Sweet Potato
108.1125935471781,58.06463490747982,117.72531107637118,25.827864603768788,77.4457095993936,6.337806991359255,Sweet Potato
116.54397570086597,61.244204282281,137.6717399322059,25.174415658633947,63.34390189979815,5.287682089887114,Sweet Potato
110.4105599635377,62.12967477067056,126.54818141670845,20.6210665167686,69.58225717126321,5.770595827296733,Sweet Potato
106.15894909396928,59.838798715688384,117.53983809376142,20.65619974103325,67.53684020759034,6.596521899285057,Sweet Potato
78.79880908858904,62.26634069147653,137.30900219434756,20.71488029505763,71.68630024765562,5.760841428927779,Sweet Potato
103.07651501475873,39.82948526808742,135.01250388594528,24.704197797542555,72.01096761487763,6.113892572552323,Sweet Potato
103.17584738999999,53.76506574657362,134.6156827541107,20.941772839133005,67.56572711213882,5.243656259167267,Sweet Potato
95.0080259108972,42.70877242288168,130.25108695838605,21.103627550319803,80.09578777847332,5.8223711203517885,Sweet Potato
100.75590454525972,42.38297008433303,128.96035663192856,21.76618993890999,61.84621878342841,5.515686826028002,Sweet Potato
89.77700988264448,44.770696959373886,111.14101964306815,27.80201326272676,78.47490904665207,6.750795936433949,Sweet Potato
92.59481459295702,43.51918402965444,120.63494827891941,22.600984069413755,78.74191328907345,6.04008277727836,Sweet Potato
85.7847447595875,49.17501152321136,101.62767187809743,21.773753553216572,70.90232332265009,5.376540499725893,Sweet Potato
99.0125400641688,50.4497901742442,117.47233367762311,22.70022977644397,84.89497724555478,5.510133490861555,Sweet Potato
98.99838953553419,41.49148541404851,105.90863933234189,25.192035048468462,67.41215839565544,7.020564492861014,Sweet Potato
118.43023496640339,48.53282007981455,125.11908244957557,26.836907352995233,74.47710831915383,5.704994658899291,Sweet Potato
90.10436592390066,45.38863861946127,150.02707481933902,27.908018162483888,55.786431525075194,5.523849487799729,Sweet Potato
112.9453444985042,53.520274031737074,113.184418577928,22.860642286701143,67.19379394085097,5.337097979074687,Sweet Potato
124.01344355662107,48.751052092509944,121.30307827354258,22.60143033976725,69.62660118559405,5.288240700119517,Sweet Potato
78.41740746003006,57.27912302187352,150.75858583881833,21.30311583593356,81.22876153378311,7.010755963771672,Sweet Potato
98.69114445332946,55.73687287538222,145.3018998640108,25.790926146281144,73.87564983593026,6.0758286837725555,Sweet Potato
91.38870710097086,55.15055249453493,127.45029313207625,24.555861679982765,73.13031848897683,6.493315219605483,Sweet Potato
113.95426037806942,42.09910000520135,143.58295739597742,21.633645135727974,68.70368449324346,5.650874349265631,Sweet Potato
97.09596706501048,50.47882167624685,141.65943080880407,23.185416815963016,78.32447422067632,5.369451187010082,Sweet Potato
90.78561500029792,50.74320178004204,144.09305418996263,20.058207732851642,74.81383160319591,6.7364645539032875,Sweet Potato
89.8694230232667,37.241920487051374,119.22264239529783,24.939936486309772,63.47174583416897,5.7244338807784345,Sweet Potato
102.12711103054164,61.270667380625284,125.48665544570233,20.52123547113527,67.48503115276489,5.920577275407822,Sweet Potato
77.19736081647889,39.21561638199618,120.9152058732587,21.495460690225595,66.41568648438802,5.89191621294091,Sweet Potato
97.09293267149205,60.15658415858305,141.59263407818526,18.681185806917288,74.10350227348123,6.643538975974455,Sweet Potato
109.54330708590905,44.26707512774175,135.39056500960015,20.198704379498814,72.41072589560109,6.699949830004041,Sweet Potato
89.90425272176793,57.20015555133676,129.37512656909257,19.94882550824882,78.59946901337325,6.796773261877027,Sweet Potato
110.15565392780263,42.343146056028054,130.6535115454884,25.353066835078934,80.33115388570174,6.985827046392491,Sweet Potato
110.01575920951781,57.577195178297636,152.91927231784828,24.944677884398143,67.76340732903029,6.0622030527901245,Sweet Potato
93.98375305369123,59.96388336770498,102.8131981341577,23.381438088549196,82.80217000143655,6.75181386585182,Sweet Potato
89.24778383816374,38.846239747321846,119.81455851141394,21.870565114697616,72.39620419938791,6.550669342123687,Sweet Potato
74.024293755603,39.71135436286014,120.66810056321351,26.89413119587582,70.2575449430831,5.313472580484085,Sweet Potato
111.62355565942735,51.05408869894802,96.12534081656159,26.840833477231488,70.99471866150171,5.16791737792401,Sweet Potato
112.61325327748754,44.217182601849935,135.31779571195034,24.028351731989833,80.20551331850602,6.3683375985366695,Sweet Potato
102.17037815256701,37.18742813945557,117.24328857971484,24.5794804502345,75.68219798139634,6.202196337535095,Sweet Potato
106.3413622278206,61.213387321512265,99.87537255276688,25.9645070569026,73.94030179013802,6.67714318213002,Sweet Potato
76.48306265485166,51.017505936186815,141.6548145145482,25.227749586212376,69.87087732529682,5.499708927294146,Sweet Potato
85.78972895475715,40.19385664102075,106.77300806861021,20.249014821875807,75.73056585155376,6.827904054809181,Sweet Potato
90.03596766849226,49.25034918626387,128.9165500348631,23.033607016961575,69.39328226980594,5.42332357683832,Sweet Potato
111.35709686323848,44.44475563381534,114.7617983796888,19.51885903701724,83.57152435608134,6.8620907857907305,Sweet Potato
96.06854793765093,56.04462104323621,99.54192699746422,26.09380853490498,80.03066947559941,6.198315351959064,Sweet Potato
95.91571533725349,43.49582560897071,138.1422539515199,24.535768638490943,75.57248888700153,5.278267244861184,Sweet Potato
87.62366148436128,49.76417357518086,121.5078556738826,27.7909121747725,79.65953036146774,5.842266677500362,Sweet Potato
109.83714208866763,42.98061172804673,136.05916891762385,19.36509686436462,53.66385921958121,6.099820798720806,Sweet Potato
108.99463813745328,63.68724004148841,105.49027603718132,23.10147684673404,78.08753239358059,6.420115435355747,Sweet Potato
87.26949438189719,42.22599410789947,122.40728153553512,25.240103382613757,71.22701219330916,6.394924806614239,Sweet Potato
90.95498213262539,54.859846503494246,125.053815743925,26.673423325358513,74.63122625291604,6.753861188692467,Sweet Potato
109.7560087411905,51.66244366789303,109.80405461663943,26.53397731238796,56.027473425168765,5.82168765756973,Sweet Potato
86.65976382736703,53.397413060239174,132.29566147932647,20.01999460427887,85.1398252263133,7.063940012219163,Sweet Potato
85.1326840676213,41.23047746191671,119.73649242122163,27.823209386598684,63.558557292148755,6.6322330658797615,Sweet Potato
102.03226256730342,57.17711760747942,144.04906548732023,27.813427876419993,63.868633139926544,6.859690472995444,Sweet Potato
98.0678122264489,57.21853187967497,133.28409753933667,27.690586478315737,75.7041833837706,6.513728566831772,Sweet Potato
114.08370010122317,48.85151267723447,131.11281716769534,24.136128096955982,75.3049748225118,5.224675559433442,Sweet Potato
94.06409021850375,43.14071559184419,96.63756305168528,26.319352584738386,77.73016364810712,6.7200169225002515,Sweet Potato
93.79547880599485,59.3926312814861,144.2893167086856,18.760336077008045,73.05588828854032,5.909612668215771,Sweet Potato
111.18676279523528,49.14981338353449,128.80713339666602,20.554604167081138,72.7117261573452,5.298346237381809,Sweet Potato
107.1142888406818,60.19582375817785,148.8682135500141,18.919959004668907,59.45541994925697,6.796103900541763,Sweet Potato
110.25260277264675,54.021620901322564,113.27057165323717,23.05560717042303,75.02156391942816,6.211891930621021,Sweet Potato
105.26547127465334,42.49180570711988,91.30170888546392,27.647301595111575,79.80968304389589,6.286663031064426,Sweet Potato
82.14661991650034,46.6138750916613,149.84250513357435,24.49170750232205,69.74259884136981,6.143813780716923,Sweet Potato
99.40201542322743,47.521155667030726,134.92835193081098,22.612521170229332,62.446011477020214,5.219799283923382,Sweet Potato
106.69183131787801,53.9368305576186,97.27381329351019,25.928357359327023,65.79705366728592,5.376687972363843,Sweet Potato
84.66314194823944,52.080961413462035,132.83115643136293,23.503362035325257,66.57909707212323,5.825293151220541,Sweet Potato
111.31470743812353,57.55486256057875,127.83550696634931,22.576476669503954,81.05217613752419,5.313153728359944,Sweet Potato
91.96315486640829,50.01307817742599,128.47274343591806,24.29328181018362,58.83613202045293,6.419111737606092,Sweet Potato
92.45092266962237,54.289698874805076,147.84830855982418,23.118006868657012,58.029425706831866,6.392419051217319,Sweet Potato
112.29509072832066,37.87875648690498,114.34838141780789,24.41545212392968,62.32886770118565,5.023436399395503,Sweet Potato
105.79431778872959,46.355230865401325,102.06796829640172,26.026370207544915,77.46397214861804,5.249827550670207,Sweet Potato
91.48534334852131,40.446555627680446,117.87300853869507,22.62418511545613,74.29038670952932,5.111477610437555,Sweet Potato
93.25308055670882,40.92861606193602,145.65295816375198,22.15021248709965,70.401787107136,6.661544772616617,Sweet Potato
94.20505854023777,43.9701270628975,110.33022179675123,23.586655372613354,67.43212703883844,5.454900820572069,Sweet Potato
93.43601951302679,58.1765591648571,139.09334949420486,27.047536341108597,78.60779634178309,5.0750882535338775,Sweet Potato
104.277970389251,50.79951599233781,143.3386514289863,22.2298228375891,69.68181624723896,6.021526371633157,Sweet Potato
88.9061092543501,45.3419854777413,134.31068846373807,26.477497199876858,59.59019874625802,6.457425610681014,Sweet Potato
94.16302095644119,50.39025014793489,100.05888093726784,24.171628705814463,75.9360867403864,5.222764063550316,Sweet Potato
102.11012963436177,57.50938346600549,102.67156707734257,18.12397146592554,73.8299837842679,6.148154237905698,Sweet Potato
104.70156002818933,47.70573262582191,145.065417220316,22.76202571547432,73.79774436384265,5.3072561137566225,Sweet Potato
85.46111405699767,49.1559449049567,122.96452376923382,20.10535427955549,69.09532546893797,5.223997427160911,Sweet Potato
105.40353932567055,45.430525557372974,96.00627375514811,19.503663600755438,80.3099251045835,6.438911070330844,Sweet Potato
87.25424836907273,43.93631730184973,86.73333698833217,20.344378863219895,61.22070045869088,5.636106863298628,Sweet Potato
86.58295889725045,50.939536350699704,137.90993771757755,25.1241934715284,66.88426276924869,5.237382357605738,Sweet Potato
95.14142937072508,40.43468094589125,146.1721549016393,24.273827248993502,65.66867022983247,5.43605080329903,Sweet Potato
105.4940849042906,50.08310820860844,119.31121267450094,23.368531283320515,75.58904258430906,5.578050848150918,Sweet Potato
83.25352311339502,56.94854019836936,126.7555003111278,22.952685404199475,60.62255555860475,5.118499415198195,Sweet Potato
104.67230948721584,44.76953814124699,128.04643672644187,21.891780058269045,63.66859976705359,6.0523601639696505,Sweet Potato
96.55326330458789,50.76839202869749,105.73314525639923,26.86567895380967,67.93762407966598,6.474819590629653,Sweet Potato
115.74178217291275,55.38931622884353,147.98001139793425,27.32454238066296,73.68709304525198,6.818398545969022,Sweet Potato
90.99573227644227,48.01131202573633,125.07954906099457,25.644377975378305,59.24145314786325,6.8377165816625505,Sweet Potato
86.15263926959828,52.040885771479026,112.50228456785352,20.882245464984926,74.04916272986034,6.554689558857948,Sweet Potato
106.95265584306726,58.45335182637731,107.18450871308217,27.1386408243174,66.40488900278754,6.242496316808005,Sweet Potato
93.97466982332571,54.6107180115103,108.62619554251916,26.191353767873586,68.55887090765168,6.124943359015596,Sweet Potato
98.1477146125563,52.910019875668574,129.61920623917595,19.24026442744216,71.65550105390393,5.451234683404676,Sweet Potato
116.44353783581472,47.78915158710389,123.70961870005571,21.416775507721383,67.4305711848743,5.946719588865238,Sweet Potato
104.89414581600187,64.47869690325,128.90200782167005,21.27605936329095,79.17742283052097,5.378341446433945,Sweet Potato
113.9983989354126,54.173091295199924,139.13720659057188,25.300467811702276,77.67219878342573,6.567010404849014,Sweet Potato
81.41628057442743,42.09888538138521,109.51071518024207,23.23898560589964,83.18868130318472,6.550169163340785,Sweet Potato
109.87708927435389,56.80666512877494,105.375567443537,20.668845843474166,70.42284564865602,5.385515454304175,Sweet Potato
109.97493426542307,40.43101004493614,124.10991813697721,20.307946169217477,65.96547242970259,6.864024932175792,Sweet Potato
102.67618675971293,48.51697325318362,124.89083725916092,22.5750504310045,60.92462443893693,6.418519857099281,Sweet Potato
118.31167759162396,40.78882372287153,117.68156561874105,24.65957029761281,66.9524722306776,6.248488383497646,Sweet Potato
104.77799948871265,51.157873476957654,139.76161915972108,23.087259341077147,80.22783805294685,6.61703700738533,Sweet Potato
119.49046460196628,44.65424216652047,102.35626232298085,20.610335093193367,65.13121144480762,6.795670917729814,Sweet Potato
84.94321832508648,51.41389287366679,101.83768345126035,24.199850709663753,66.48008641740314,6.4008706062028455,Sweet Potato
87.43631060440494,53.553677940117915,114.31712281972207,27.989123077162027,70.86947878588057,6.550776992355007,Sweet Potato
85.84185608511382,44.58871492055718,133.09105759219253,19.76668751255011,69.14287297150989,5.498663630332804,Sweet Potato
81.96959055882172,46.96443572783008,99.75239697034266,23.283995756843428,85.98558669523219,5.728638053293219,Sweet Potato
105.54435863842491,50.28200414325688,101.71148227000138,21.756561299715116,58.06053099761552,5.213007743791258,Sweet Potato
105.68671317946513,47.94857336978335,120.16499033075222,20.18415882495325,83.0643397175331,6.031111124307507,Sweet Potato
90.15319927910407,59.316805559628314,102.12499135076813,26.75492229141763,76.01704237378011,6.399009435188502,Sweet Potato
118.73685966419488,48.35162778554159,111.43920554686594,27.577705025003713,72.74439422302139,5.235943399108361,Sweet Potato
117.95295971119842,47.695349853550844,136.602026878367,21.50195782544518,63.57135921757907,6.25112065699598,Sweet Potato
101.3409584533387,62.7269264966294,133.3905637381527,21.47290581296896,63.868023910979446,6.738782339138093,Sweet Potato
89.8280484651463,50.997853687259926,103.74747036791949,18.91762085156155,61.54645615980585,5.599265041709804,Sweet Potato
94.58031669227164,43.9166294803756,111.08836727404976,24.177532158219616,72.3029735272249,5.434022830946392,Sweet Potato
98.453231591027,48.78178568514317,123.09293222196024,18.265453569009644,68.14541538483398,7.041574097692999,Sweet Potato
101.75933191699033,59.114964930029664,144.77913998849502,22.962104186333235,63.85199877671939,5.5991508719773275,Sweet Potato
81.20832826128785,50.64945042704819,144.37954642644345,19.528145326794622,67.82628481056386,6.684777049710605,Sweet Potato
110.69875266307785,46.30425405334827,108.24085987835699,24.723182846529212,79.79156658000446,5.847015321408918,Sweet Potato
99.35986883778543,49.150164504863,149.5185804692922,27.289100941300575,71.09065616388835,7.030501430248776,Sweet Potato
84.52370773211538,43.957278731544164,122.90468744421463,18.887826884229927,67.01331698696728,5.576794381469581,Sweet Potato
114.95910493840961,50.82324713647036,124.98340481410611,25.77740480809642,75.34441726834822,6.365065892862058,Sweet Potato
96.06895342712842,60.351329840569214,140.45031215218305,26.30568102774882,72.39081286767986,6.688355173762555,Sweet Potato
90.87146270252107,59.5888638969728,131.26931740518827,19.762063071890655,76.21470426439951,6.235532445860322,Sweet Potato
94.99816683302515,50.956259362492865,118.50982723188423,27.22642301632042,74.7386900256105,6.294999629341696,Sweet Potato
83.38429193040972,56.723421638203796,126.35006702042993,24.209178393888326,60.70247731493081,6.2958562017645034,Sweet Potato
98.93720471533348,51.08881776261938,150.5387989378909,23.349369415029095,70.45989124478777,5.179102537178081,Sweet Potato
96.98378292966768,61.46281878842529,97.96862765917919,24.714125047823867,66.76298500398642,5.350017380723395,Sweet Potato
84.16759472703717,58.31683484245634,114.75734559876908,20.881091347015847,66.4304698323982,5.146475818807741,Sweet Potato
111.83062690419453,51.3076618223768,124.74765216176321,18.254108667312202,68.77615979495734,5.714780629137158,Sweet Potato
117.51170067953328,46.35933743543949,148.46730901280404,22.420512236420855,65.14516288708506,6.973734031342075,Sweet Potato
93.2735971325911,43.045939571044926,104.60156181120402,25.433464037050186,65.51440558900785,6.506199882097585,Sweet Potato
115.04252002115373,38.964598325136514,97.63166627064435,27.18650392622313,69.98667660596716,5.694663587162677,Sweet Potato
103.21116833911327,50.45919885881244,121.15939690822756,22.301038172980366,61.0937883228162,5.992441899202767,Sweet Potato
89.45333695224168,56.6512118586588,108.61774752534629,20.636476916017443,79.65278987161136,6.0436817743492215,Sweet Potato
89.41980303684333,57.088152579946204,133.14253989134022,19.31295502779932,81.49248436049251,5.650873000872745,Sweet Potato
91.91717085482993,54.772997796813875,118.9356660202814,27.354943347735446,66.36894323878728,6.775582690954978,Sweet Potato
92.14006202332162,61.43472280094038,140.11078530291633,20.309450758786202,64.53068084024487,5.671640133699848,Sweet Potato
126.46600248340407,51.312478779317665,134.29685419625542,27.11071232353012,85.45481227875746,5.3549042782743665,Sweet Potato
92.38074597938956,54.031374812790084,117.11765745617505,19.83756203561656,67.1265559681875,6.713195792674165,Sweet Potato
93.84162271907508,53.40235122676889,149.1797776018916,18.181327391650495,67.99399162851643,5.7233718253707835,Sweet Potato
79.96098075070954,41.62583469155432,98.59847482458527,20.242203254248295,61.858111900914416,5.254750652881812,Sweet Potato
117.61027922385979,53.42549638389115,130.07414234274847,22.927895368802982,79.718300979138,5.222313929428242,Sweet Potato
80.62953554061177,52.70314077886677,142.06569702686593,21.48704995059758,74.9022800043608,5.2321228198402405,Sweet Potato
132.37095593397356,43.22373064472169,118.4856715158037,27.077207365843712,74.26881538367807,5.337916359106082,Sweet Potato
87.32811767397547,54.348312852897806,105.09107839786213,23.450845367281616,67.12809349135149,6.4336882707034375,Sweet Potato
116.2386622463159,51.86075797373598,128.34281332073886,19.177694860200003,74.07439187834174,6.329746730919756,Sweet Potato
101.04820434133556,56.73949999401283,124.8809133421547,24.253319866257378,65.95908504188043,6.244574252729106,Sweet Potato
91.27319791159597,57.64485326308734,126.7010087468896,21.889468513095384,69.24398954393425,6.716988469265265,Sweet Potato
86.76358128468587,44.38592383792721,109.24216019493038,24.789413454024498,70.9836036571608,5.732932210788528,Sweet Potato
84.46906673535963,55.14774350271945,112.11472779282091,25.861766965651604,64.98147698548068,5.131036992208015,Sweet Potato
84.00407928033933,42.182109424343366,151.79714030632758,27.855514449666273,72.57128572119123,6.169752088275973,Sweet Potato
74.26230829297654,50.47552086690074,109.85220891439843,23.766460587805703,78.73685370668343,5.247519707300441,Sweet Potato
103.55113543983585,49.0990786063348,159.11616496142386,21.66750670368443,76.95070603262172,6.567594123400121,Sweet Potato
103.95270717577903,57.02116026989048,134.9213391328042,22.336003514769676,83.22565959894628,6.0244182955805705,Sweet Potato
90.5319745441906,57.567437002688656,132.72721035760497,22.026217439661842,71.4706232157568,6.822746094490021,Sweet Potato
98.98997217753384,42.48786214325037,105.88063519381062,22.50537332058268,69.79198364752902,6.283135770636951,Sweet Potato
109.95517743191009,49.30300798790607,159.56598259418283,18.300586685949757,66.91785311526048,5.3410128181692,Sweet Potato
110.06561392192786,58.4222246117088,142.49226604738865,20.473282387218458,77.5628483865355,5.433379663972466,Sweet Potato
106.24589208324039,55.378717744166714,140.52877865516436,27.87760804467835,59.52710812816303,5.793066128561754,Sweet Potato
93.76136063877648,46.243851535221474,132.68612238257037,27.280145271270037,74.17536352002007,6.526994176916234,Sweet Potato
106.66143472587605,43.140767888543245,121.92931443602876,18.48288967420562,63.51882450511668,5.370410743063127,Sweet Potato
116.47092843645322,46.28455428723753,102.66061616285339,27.795808776675898,69.31376463252667,6.076103091125621,Sweet Potato
122.31948302116157,58.99956031471651,140.6160845649689,25.91954162636307,58.36134058559093,5.24832905261685,Sweet Potato
105.27012996339025,46.83138975541776,88.28025419411586,18.02747126137561,65.66643340208324,5.490141070115126,Sweet Potato
99.92481127270865,49.52199104856761,132.00458892877714,27.13463555213852,56.856518467540184,5.349352946817028,Sweet Potato
113.14741328643494,59.59786747790384,121.58609375238571,27.603692313138424,73.05316501840647,6.759932394713162,Sweet Potato
97.77010437304642,49.517322080531585,132.45028216512333,24.287580180678574,66.87579149125717,6.5362985785671555,Sweet Potato
86.59264342649031,55.66166993069899,139.87983756642922,25.88329001777724,87.670692605653,5.99523311145135,Sweet Potato
111.89008728296646,58.97031788215276,136.8158341229239,21.32531655406462,70.20531450476278,5.240744940696947,Sweet Potato
113.29855410060112,49.74327969715247,100.14233740265719,23.72321261548915,78.53239849096808,5.2923351193112405,Sweet Potato
76.75769298992373,45.37347801060834,114.1455770728432,25.315499491381175,77.64331823423797,5.666085561051004,Sweet Potato
88.50824915237365,48.61261563702396,109.97893546080537,23.612608927326406,80.25188762501669,5.549039754017538,Sweet Potato
121.45880614363358,51.72489684378892,138.23677408387368,21.046050736256188,77.96868812607568,5.52578412810614,Sweet Potato
87.42662459289367,41.81301434068367,109.22660277181005,24.492002713045583,68.05615457104757,5.819937126163271,Sweet Potato
103.99073473170634,40.914458821310234,151.062653609195,26.38418925587998,62.58899821973561,6.316110094886081,Sweet Potato
82.92119742623456,45.12623921950717,115.56773617033768,26.36008214852629,65.0836828135125,5.3781677480448815,Sweet Potato
86.68452602506825,48.80330625358214,147.09742522117926,19.321709669303274,72.22898070943921,6.5769080182448905,Sweet Potato
111.30597822572898,60.87812804605224,126.08684251225999,22.454207961818366,65.67152184834104,5.651914016385822,Sweet Potato
121.93080569456615,48.38188248567741,139.4965473419397,18.38739223018102,78.37880480886892,6.5994384005638285,Sweet Potato
102.28849504482115,53.73274142536328,145.0259170883159,24.32766644436895,60.57807111133381,6.883233083389571,Sweet Potato
88.06547926721325,60.86972843953688,135.98555016407087,20.421622148412908,60.076676437318625,5.367272373632691,Sweet Potato
89.64242578671184,58.04910205917011,140.54221668477646,27.30354838041182,82.58077426949477,5.073364057678059,Sweet Potato
82.7440341693042,54.78776906176595,111.66238730143402,24.182559427444097,72.4405382434306,6.771941801350458,Sweet Potato
107.96411712097012,42.2899327817645,154.6863051629033,22.006176147423744,75.54656751138745,6.6544163249237895,Sweet Potato
104.68042725757337,48.77182527959223,139.6550339784967,25.31463189276687,76.63849471280353,6.190148353360115,Sweet Potato
120.91150960566995,45.21101464888601,109.97941509162328,20.0739169515017,66.76927796328594,6.610326801795616,Sweet Potato
115.56412025011863,55.30284230249502,112.95708055417785,18.91431805858599,64.89864869978412,6.607296188224025,Sweet Potato
100.23313647250498,64.00981508241176,123.92566994123165,18.873815307745243,63.300349291791015,6.78527457516991,Sweet Potato
81.64344597645417,48.066217922984876,131.6471753053883,23.82805159847853,69.23280892612217,5.2773900029041245,Sweet Potato
121.49371910917667,45.60677709198047,140.5407522700475,26.88868545674155,74.24376688899456,5.991717292218728,Sweet Potato
78.90499862740815,58.944048052222314,115.56509043629633,20.227581047819033,70.04812642521824,6.171022737554733,Sweet Potato
120.2727434458609,56.20509302735986,128.93891669802701,25.600483857611376,77.63035185029992,5.802083707113577,Sweet Potato
93.99603030415473,55.49118475526128,90.90118594310931,18.376235256836807,63.73816876050387,5.164178454578306,Sweet Potato
87.89487196317731,45.96853001663378,117.83502741310892,21.533400731976574,68.80922386722538,5.54690735905311,Sweet Potato
88.18790004713033,52.85126247914992,144.3410479687208,24.537165095580697,69.06640625953483,6.343126370641869,Sweet Potato
93.15578625421877,47.95085980122061,109.6824631779458,26.26250562578693,62.77463496612235,5.310762110687705,Sweet Potato
114.3817015896369,56.64186702859409,111.84547198188015,27.43191780428856,60.789242384389034,6.518706321663933,Sweet Potato
100.55565480896709,54.35776447743239,102.03706618103108,24.325703649591,69.40740546595045,6.1984645568672665,Sweet Potato
84.05369134650479,58.262784383585554,100.2533960057851,22.62674232562199,72.16593961423901,5.464129994649067,Sweet Potato
102.53985262999642,45.640713180785745,111.93896819504715,18.60636392017937,57.322127598045455,6.622243184870775,Sweet Potato
93.06643246555983,60.89794277986387,99.97080227278632,20.756476468412174,73.00318107550441,6.2259419648711765,Sweet Potato
125.86973123239683,45.65065412135454,131.64570390759616,27.231118058218843,72.09781393722817,5.259976532839351,Sweet Potato
121.91140742135278,45.24259535543985,155.9476360567816,23.828965430802118,58.20195528777039,6.633074272564375,Sweet Potato
98.04109382329605,60.62258776168833,104.83704157094847,21.426772883168315,74.7915281742999,6.704265398008787,Sweet Potato
117.58338868614061,48.153833701815344,146.3880398688823,20.488168733383116,59.42487317594998,6.8377360421977675,Sweet Potato
91.41735113087118,50.689909881799025,138.63676469580096,19.13657027687656,65.413350753727,5.7502545025071266,Sweet Potato
78.6726128779692,49.32184272733974,102.88314395907328,25.516049785125595,74.35106276322458,6.160166161166351,Sweet Potato
81.67702337242099,40.65903973816882,111.70327973510214,22.12376136538309,75.39360413585854,6.818569541706049,Sweet Potato
117.97464482617521,41.00082563649539,110.71973013677047,27.365493653756094,75.12956947248551,6.536839366008572,Sweet Potato
94.95012779559073,52.72333222785348,153.5989572040443,22.543917111956553,67.36165249604042,6.999892275426657,Sweet Potato
111.4582837612681,42.62056130230432,128.10624357597766,26.18376563596455,63.85917696923169,5.237841161250219,Sweet Potato
87.50030487638946,58.482141653157356,124.6554367444673,19.302376232438107,67.92934438801066,5.665867727478132,Sweet Potato
77.76880373672655,53.64537411006474,101.72433750183403,19.509076272767146,70.75548152392005,6.9973377182072625,Sweet Potato
103.93657671197734,59.90330440272861,108.25032578578637,20.732119147421283,63.32190377929571,6.0866680543034,Sweet Potato
96.81839203950075,56.67022050771201,139.50208318843767,19.9123465943194,61.859425212378916,6.304600464669245,Sweet Potato
104.34877985214878,57.80690450923184,115.08259788600918,27.76740587256881,67.86697569116866,5.4312581379168,Sweet Potato
110.20861965987092,46.536146056277126,129.50460944880348,26.081417506561266,72.71601371303582,5.142426534913803,Sweet Potato
106.78471991843026,57.309599685409665,138.25495359018598,21.484122433939152,74.01182885677812,6.738779684633374,Sweet Potato
92.70184940994794,48.7835672941071,128.2037799412684,23.198231571720875,65.22245875172912,6.758332766324566,Sweet Potato
102.36327946888835,43.61538162835835,103.45451604457479,23.332481167682282,77.05195931274987,6.866190898931477,Sweet Potato
94.82717076644646,54.89821953478227,114.66873545623118,24.07209054996698,76.64050590145767,6.20475178633167,Sweet Potato
110.14693032419649,40.977833791789536,119.99458623146776,19.036167478328824,79.34844079413814,5.653440639425289,Sweet Potato
87.40535330039995,55.74567996522308,145.7706307715215,21.489801650180716,71.88566906189065,5.655316496379037,Sweet Potato
93.99191119987317,54.90901640956596,124.74516824642122,18.85929799463371,77.53138427731618,5.637158493673801,Sweet Potato
102.89589861875307,55.835151796035206,130.7317466983537,27.190652186702756,75.93249490806849,6.300076199454261,Sweet Potato
84.0731703320923,41.24654788904463,117.08076649824037,22.03453873610093,81.10059666657756,6.762570748500252,Sweet Potato
111.00809214933807,43.712052241581894,133.80370185387613,25.27017044244771,75.6439164145583,5.907809374773569,Sweet Potato
98.278055982997,49.78852334268671,126.53789889665349,27.208264095042292,78.36899881907839,5.275126781813799,Sweet Potato
111.19980476349355,44.819091278444496,143.72689092729522,21.09437326075413,72.55631963416515,6.998817406742446,Sweet Potato
98.73039632451504,47.181681564755046,141.20950296042025,18.87849195410678,77.49383589459201,5.361064045790292,Sweet Potato
76.05980762297058,54.41727704307979,146.93597542917882,21.362162449063078,64.274794123045,6.365627677612598,Sweet Potato
91.56257378796374,55.068474354384506,148.9426637509297,24.709875423025903,61.415479877445414,5.2652114808706525,Sweet Potato
108.72002617184177,54.145375257408624,118.55233908406413,22.99797466502643,65.52094969639292,5.184204955447202,Sweet Potato
96.40457001285453,49.384189459023446,103.72591664679081,18.749535678324136,74.45800375239854,5.3737009690391835,Sweet Potato
102.32253625608779,38.671087928683114,137.40856920025948,18.701962367558657,63.09803659615872,6.795512865860379,Sweet Potato
81.32994455209429,55.91578196624114,135.30674807171977,24.995616051579987,62.93113360797918,6.061710130469799,Sweet Potato
95.05462062459549,51.71660782464286,147.05658189303898,25.365453390240077,66.90333115682579,6.191154428870917,Sweet Potato
101.32014426017092,46.48672545928713,126.57657622523818,19.09507780943839,70.33993816160441,5.859481851164355,Sweet Potato
121.12425772277268,53.793579610583315,147.1403681470808,25.947178923331457,64.10199759108743,5.820369577766418,Sweet Potato
102.93644381615339,48.76726819832875,97.09705971628897,21.455591207157443,65.63048844960446,5.22772832216038,Sweet Potato
107.13835295397512,46.53332956546636,115.83985173850112,18.682091381373837,73.3462830856722,6.628211592575542,Sweet Potato
103.59637149934589,50.29252616925421,129.4396866629944,21.33861039122064,85.99841621832398,6.020792625479119,Sweet Potato
110.81571739243613,45.34602113254279,96.81391116062443,25.304751087964345,67.70471507147509,6.95351007560141,Sweet Potato
111.30335505363895,55.712655486592034,108.37237245871675,24.557782390822368,65.51138411287916,5.352888570700765,Sweet Potato
91.97880633694437,40.91860017438126,104.66965038791938,22.814708773984542,81.45754985748482,6.121072761896697,Sweet Potato
114.58834827086079,57.05759069681209,98.33641424615381,20.796526799758936,79.73423559621271,6.725702349426189,Sweet Potato
92.47703295637571,44.88053393052452,140.48039538112226,22.179311826774306,64.20939064653776,7.024289970942006,Sweet Potato
82.09496344196793,41.3728757361889,155.828832527857,21.816106805228785,62.14560317314973,6.648808951415749,Sweet Potato
85.9409121577065,45.16638755468677,142.8585924984709,21.90022724153318,68.68804680729255,6.2629699436584145,Sweet Potato
79.7099090585274,61.91425699478989,154.1871307287151,22.896929504139262,71.78591275693059,5.774887691628427,Sweet Potato
98.1112601245031,53.15280504592716,146.9757636747421,22.552838376813305,80.07719213243571,5.819117752046071,Sweet Potato
77.93185541380521,55.22416740905624,148.92961199607322,19.024689057191523,80.54151490292912,5.766798696345485,Sweet Potato
83.55163522389157,58.07549628892533,114.28804575234037,20.901695661811573,75.5535397587811,6.40168280960352,Sweet Potato
84.1598275805333,49.1705254783838,112.92492839783891,19.291092958850488,72.24142748563516,5.741601711874812,Sweet Potato
78.91540336839883,53.14741982232893,152.86162943225213,24.020962145868374,61.41372099445729,5.356398665835369,Sweet Potato
95.1725513548608,56.94580483154806,129.07726421065897,22.228150170999072,55.737660756759254,6.234629465972332,Sweet Potato
106.55861923691512,54.92012094461508,142.34519582033246,24.719257079368965,65.4308722699556,6.322593404077294,Sweet Potato
113.14226006244434,46.7586536128863,122.08446220748326,18.876032018383533,66.58261622455973,5.292918316033152,Sweet Potato
77.01455959818989,58.053396112796015,116.79929968806728,21.44909072776173,60.20955829043757,5.271553405352746,Sweet Potato
90.47855405996442,49.683813722344794,103.75993040362488,19.803517370002417,68.97190422829577,5.22695057654995,Sweet Potato
92.11171055034191,53.679752949988064,147.03463674158564,18.92087714512958,76.11155736238635,6.647454547182126,Sweet Potato
87.75889663195298,42.6434998032219,122.65894870868935,25.734467791054463,60.81925058808508,6.80595643612224,Sweet Potato
99.73552554410345,50.253539481611185,115.11028665419671,19.30936621330567,70.94702882061429,5.5462161350610595,Sweet Potato
95.9284998538547,44.11995723523908,121.90587637250961,19.74914918073257,80.42344193017057,5.7979360906654085,Sweet Potato
107.09582305008645,59.26772737973625,120.77744137960711,21.66777698711691,59.33453676112271,6.2473144871754105,Sweet Potato
103.4289190526802,41.42836930855743,122.09388140682552,20.927627901084055,62.48559355559841,6.3799718230900035,Sweet Potato
102.41920444531638,52.95722981887819,146.0980344756735,27.19818688377842,65.88219214086624,6.166202349300693,Sweet Potato
81.69911997461084,40.65200062092012,128.17818680219486,27.886464349510838,72.341094240294,5.960172098531327,Sweet Potato
83.14663719673322,44.12364708258689,143.70155509329854,22.224007013793546,74.63185306092313,5.195632149096113,Sweet Potato
121.92202927930873,43.0106147521014,113.9073570206793,20.01134834079631,60.540713679752606,6.478809924872697,Sweet Potato
98.67002405798746,53.05646891189518,131.1815724318261,22.981116862928296,73.84637714337069,6.209876060170108,Sweet Potato
116.86810359958997,44.04074971229772,135.0782844613516,22.956686037358608,72.9466611774412,5.6401856319495804,Sweet Potato
115.68180108583387,59.31875549069846,134.9252422358152,22.660386394484533,66.084419800682,5.307373939625448,Sweet Potato
93.49372810365342,56.502469586668454,140.5720536388255,18.20336228853205,74.15330041582804,6.763831669493005,Sweet Potato
124.12041393256594,41.500572898507265,179.9610989762089,15.889622130727325,64.04864294906332,6.118686054955001,Lettuce
90.84307041410045,61.349352336222054,99.77402588614683,16.673655050259267,63.35970641903468,6.1971784993724155,Lettuce
85.41673413262745,53.89565029294255,170.0735529187898,19.00745366488335,58.21554382703525,6.024891100143362,Lettuce
87.55090397156094,58.86638362400756,186.2025035791611,18.416049811746948,71.27736556235809,6.019820220625848,Lettuce
134.80672000405022,60.33234057275195,119.9999453804372,16.589979653515528,57.04904178263115,5.895731472939668,Lettuce
104.43532211368021,40.67024074757443,131.08713796859638,20.70383764251402,66.62292931114548,6.532491589071811,Lettuce
110.7084523728977,77.437291100675,130.13660911479508,12.325921963138939,75.80403514733685,6.820682446290948,Lettuce
85.05263868191766,42.274759933178444,138.85730916115185,12.490592322391928,68.0788959251744,6.130813289897529,Lettuce
113.01673238316218,65.23824147113112,160.20314774562368,15.846262367242609,54.45212177204918,6.385198307285446,Lettuce
96.52692842983097,62.336184041572245,102.33977490527423,13.420643858426459,67.52520840958631,6.925818624183721,Lettuce
112.34903822623056,61.534418082409246,187.14942383004657,13.948575176162127,65.35382330845687,6.702812975726773,Lettuce
97.60465878295992,46.25753201120208,110.21930460038668,13.350742807744442,72.1218215861541,6.35616202458796,Lettuce
85.1161959488651,43.71701571617283,167.4356651139341,18.23132051802654,70.570763754324,6.169357565621217,Lettuce
69.61456611343955,41.10348612147805,108.69534049241622,15.791416567656594,70.47976114979234,5.999029179078376,Lettuce
138.33813510580447,41.99965643716536,180.4758878915524,19.507572598758014,59.693724017803646,5.959207702059357,Lettuce
120.36678203262987,43.55900254539332,141.37660877346264,14.253458593014454,60.4359294192339,6.162710533346344,Lettuce
117.94676223952634,42.438259810495396,172.92839834881303,17.6108376050993,60.541176180928574,5.958431469107217,Lettuce
127.06763828083257,58.80633538816716,112.33907124993583,13.920976457212019,65.4238927395189,6.339296506654887,Lettuce
124.11023885359094,44.143372837305094,149.69002972244024,12.130357609902473,66.75399804510516,6.629324902431695,Lettuce
123.69167670519937,52.151335892221326,136.62940024337001,18.200265435932053,63.904558543611955,6.283407296481354,Lettuce
108.42477285043674,64.36428738221514,109.60456743549447,13.30967938305602,57.54700282440001,6.320490843823189,Lettuce
89.37657180759248,39.260955601028925,173.05999215543855,18.244295897761553,65.00656928071773,6.845489919153135,Lettuce
88.91519298486996,61.017406009469205,109.5702784693313,18.21604289452914,63.84326757007215,7.022030368781075,Lettuce
136.20993865333406,56.53504839296991,210.28659423269886,18.013296128114238,67.819383994982,6.196368327085651,Lettuce
99.33163635989513,54.00656987968499,149.53575412146427,17.327637910258716,62.37660333427895,6.771555552092985,Lettuce
95.32254844265178,60.55142410513304,101.81503826354758,19.9643004686373,64.90931496968624,6.546265817341347,Lettuce
136.33475545079904,63.81700421810215,190.3322753834305,12.680729954137194,58.372312122795236,6.656638783691181,Lettuce
84.93883535716839,57.60044801318783,114.80237617532076,20.386371019296384,60.59437678499462,6.857389829653881,Lettuce
112.07175082908431,53.00130494381215,174.72460022010006,12.593724182516219,72.3370947566888,6.067624956511218,Lettuce
129.62693736995124,60.550036594811665,130.43764117209784,16.45791026524293,65.71926393382978,6.718013087016872,Lettuce
98.23675285909604,64.26579829462656,151.88799815250528,20.309096824610062,66.17923586299581,7.019780323110936,Lettuce
90.43266278505834,50.8811933011368,189.6509622328099,14.420363530728117,64.04903497724523,6.32992746215812,Lettuce
101.91863117236106,57.48643880395788,105.87282093411535,19.541141055387428,69.56402004129241,6.795257252047449,Lettuce
126.51143991878982,67.2845749709944,175.3997422332872,17.33870226999167,68.89621485438437,6.7281153463936345,Lettuce
131.85008059041363,56.652925388766164,110.11596910323021,19.750671688095256,61.69756600174401,6.712558329299672,Lettuce
120.35676731290188,60.8035269686143,169.85067058799453,12.43710630864655,61.83152864222671,6.799088286144444,Lettuce
92.37202586368224,43.85702251013826,119.6977839394481,17.003472150267058,68.50976780241001,5.957046370733471,Lettuce
101.57877116429147,40.03481260659745,106.58208247452102,13.697859645559728,69.93633466127173,6.7455474034320035,Lettuce
122.97660235131251,50.578678507067885,107.19124262542822,12.16261691094534,72.28367913594415,6.797673141231048,Lettuce
127.92031980283208,66.9771084764184,165.15704371099196,18.200589075582517,64.05766827700369,6.132110015413153,Lettuce
87.63098255274613,49.674480673942014,190.49821573673094,18.74715597262884,64.56878268897127,5.9928296001652726,Lettuce
83.91639575670939,64.30404309950559,205.9693682429117,18.62666559693392,63.150245135136196,6.786798009986164,Lettuce
81.10416712434929,56.230811648767606,190.80846196601433,18.542777836581774,61.72750930595184,6.294042513296451,Lettuce
98.38491703439469,66.28720253649485,158.62977156872927,19.19947644104291,58.825739444086715,6.920132795210457,Lettuce
122.64789560066549,63.32541584244113,181.25033510092504,16.226307870659628,59.65083252172322,6.331097727260772,Lettuce
134.59315124034367,48.58795977236886,154.85105139903663,15.12818319155603,63.30213319005852,6.764425150269799,Lettuce
81.01749002959458,49.25155790484152,122.83663377835757,18.93866805619037,66.09652210680282,6.143489575677101,Lettuce
110.39669386078609,43.47839341317864,173.9138243130767,17.998145204765233,66.10236760396778,6.68903146409638,Lettuce
101.86501685796794,49.88827419976421,114.61058183011374,13.800057296443892,64.53439655980199,6.287665069274528,Lettuce
108.26994137524889,40.917832575080176,178.38268315739714,15.91763873999017,59.945766183942744,6.370728954385476,Lettuce
84.27003232433063,64.34926620102657,134.00510013517524,13.639553937915878,62.35473971850708,6.319433498000681,Lettuce
88.03363451206829,63.19332471934131,119.12283380792329,19.010130387996092,66.41262277413225,6.841682103389417,Lettuce
96.98117330974691,45.63637926498375,177.49966016118836,14.224178533986755,66.74543680754898,6.8212810456890285,Lettuce
132.83364321886697,56.35849513159428,107.97958830689288,17.604260502189994,61.11824215797528,6.260083074952746,Lettuce
118.68291078465927,62.187709199167706,201.27186252933276,18.6183063319602,63.07711527418841,7.015482190409534,Lettuce
124.01049757859657,58.734286641261036,193.51277152241246,20.92443617026732,60.71969788547903,6.81700044542327,Lettuce
108.3481316576832,68.9832939755146,155.64305505680647,15.898282973954252,54.360467191157355,6.0905555995747855,Lettuce
103.36871064056912,44.81443114733393,162.57233917852523,19.852144621060187,66.84099174007936,6.452315093285281,Lettuce
91.10459125314053,47.43423004272071,100.07129030208658,17.979185348623755,60.64790883858141,6.673727130725689,Lettuce
79.68268751102129,70.3209592350503,139.65549335387954,12.076035433643403,59.94674391053079,6.1245888263167,Lettuce
87.81527308495708,43.68667565658793,181.41201140301666,15.521511808824167,62.20591894183469,6.333901122019802,Lettuce
95.41409888679068,70.45622022740343,104.55655793228973,15.547062972145163,68.00685749155774,6.441628139478749,Lettuce
132.82513274168966,44.483332050992544,137.89011946666275,13.076626350337506,62.775385497679544,6.738816328832158,Lettuce
128.10276064688583,53.48523169151417,127.42305906364624,15.933809655864716,65.04824661649629,6.33816325022684,Lettuce
129.02308601516432,57.710444440139014,176.8821610096891,13.04813650888824,61.99198632583971,5.99656613721257,Lettuce
119.14160759498118,63.4858703972588,176.39318314341514,19.518460401997864,56.92175647158019,6.771244618006128,Lettuce
120.80414618961673,44.13705711310106,107.47693267772728,15.257074905456461,68.32154222454344,6.081105738309676,Lettuce
121.4452322969522,61.511649965157154,131.04521464328366,13.648095593018347,64.00276114096408,6.38582951126149,Lettuce
117.6060366968527,64.752931691567,180.99560903043897,17.416406127090543,68.79590865578051,6.348873699998074,Lettuce
94.46465880813882,61.49397996066602,121.57671536449475,19.71823910511359,60.421259458359465,6.8101289606484015,Lettuce
136.17714109985468,71.62619605860935,129.449257839134,20.414348013964613,65.76450423706363,6.374623836870497,Lettuce
123.77683805130215,59.79599221738029,116.51122564394905,20.048571474827064,65.46628781530075,5.926586760982917,Lettuce
95.65457005518451,63.53391503249026,179.45778276049805,19.938473493797837,67.9273976354019,6.476652883010132,Lettuce
123.37803243595515,53.024439807131735,102.94904653844783,15.13246340216628,66.81826454056623,5.967634100110701,Lettuce
132.07973139822073,65.6474907780141,133.22552515003255,16.548792939991106,60.8391209850374,6.693464677679539,Lettuce
138.3636560367389,67.87857869515857,148.09963706464237,15.341779188474074,69.47141108900227,6.8069434442353,Lettuce
107.015068989658,53.749171108918574,97.38992066102116,20.300354705884136,63.130897347415484,6.668994621115687,Lettuce
96.22563169174589,49.50549975312675,188.81017204371014,12.835435578299375,66.1856751359992,6.486216038616238,Lettuce
100.16639596447811,41.467087452766336,183.51935482459436,16.988877071880566,59.876621639323204,6.811608964191285,Lettuce
107.26525278459435,63.77926404716564,173.0776236532557,14.222152034082207,69.92380909810093,6.019702674915644,Lettuce
94.05794157735068,72.0917273380584,140.58721768946555,19.653368227983982,64.48665745685031,6.213910054971317,Lettuce
81.61812378359387,49.49713291958167,119.29965360302505,15.05296496065986,57.42038457654887,6.9759193399030845,Lettuce
100.04611576001561,63.53924460049024,157.42597347442035,19.7731579997379,69.20929822609448,5.977649844375135,Lettuce
105.88921307738826,46.80896146767713,121.18573120382248,20.352386219445116,65.2153465412781,6.3067113107653725,Lettuce
121.5097113464747,55.222396649992774,174.52405487075276,13.547708824646561,61.78059474145194,6.851100283384785,Lettuce
116.9224126374982,71.11533425469977,118.77500286942802,18.788274181645228,57.361977907539476,6.821699021621683,Lettuce
107.06092520926792,73.26367753367677,171.7272255124719,15.149804335075427,65.95826249912994,5.992164154197803,Lettuce
118.22405035701883,64.31024479517438,131.75382252680294,15.62948553500626,57.61424549241647,6.796485430000599,Lettuce
122.33786561543198,66.76037193561287,150.90205019593483,14.4694314908508,65.48345306031595,6.118008815358841,Lettuce
105.2189863573846,66.48788861529594,107.29728076612957,17.549999898984076,66.03412076728985,6.2164222120260915,Lettuce
109.06354594199892,64.8506537905781,120.44578473339114,15.088504144466672,63.810462819919856,6.991861175514264,Lettuce
85.77708473748064,59.52488872688885,148.37490315066148,18.665542538055494,65.05701123141074,5.966983070446705,Lettuce
76.4254830274334,51.35531315918912,134.2771685917272,19.00642823709396,64.53290584275713,6.490406479791166,Lettuce
132.2808885737884,36.83951411688652,192.50236417251048,15.556190528461638,65.8142356073672,6.061697961933533,Lettuce
100.27879028007008,43.76927755946034,130.92108480877653,12.042696262299245,60.10285454422341,6.470026628215029,Lettuce
97.23465482432555,39.13373778499341,124.18107689326557,12.59473192348587,69.30810072775367,7.048905536883939,Lettuce
91.4659428479878,48.30922740043121,157.55647608796173,14.464310023549713,63.17794578223212,6.056862233294921,Lettuce
118.35427439536491,40.037192878095695,139.43504716614922,20.584858590454317,59.99942494091011,6.7132054086871,Lettuce
125.99674963538425,43.99621079862552,180.21823258709793,15.544283974772569,69.07368788476109,5.993592450298232,Lettuce
128.61034717722586,60.16487715579787,123.22079563097179,18.698117502397107,66.74612097435123,6.751112913840149,Lettuce
122.39699414388235,42.896545416044944,169.234853871858,20.424701274118135,62.035671845957886,6.924908307290816,Lettuce
94.48158057716367,48.403430458572736,163.60771440291097,15.07510884038814,66.99292161681726,6.539601541899724,Lettuce
99.81627030443545,44.439839814529634,121.8007929258597,17.051609569131067,57.877768490073535,6.023666145946669,Lettuce
139.47399525237228,45.31513808503752,130.56447964533677,19.67088576851291,62.759290688025935,6.813172970323888,Lettuce
115.07067982268016,61.09834192304702,152.176903777628,17.533180935084328,70.95693807239545,6.145725153910736,Lettuce
123.57479121972314,64.74335700846329,155.80233100000288,13.009985476711103,70.46428432468765,6.8105232131487075,Lettuce
113.55725182016845,55.59606291154107,135.50072009858695,18.926192322219794,64.30271967511325,6.534476840603312,Lettuce
90.46584441784388,68.1244141141297,151.84850680354532,20.136832963665455,74.43233892572785,6.903863097108675,Lettuce
133.88217467504592,76.3679136622901,165.53470594495133,18.918982250297812,57.293910564064355,6.866922458046024,Lettuce
94.28124454316284,66.4074140071032,148.00553586850782,18.77284900308753,63.64544927142982,6.752539540941624,Lettuce
115.6837513025145,39.95705314496898,157.70526481086085,18.801266894403703,64.61988071030962,6.981842750458567,Lettuce
94.10136206373899,45.38150417566903,190.6978633530526,17.512849895920972,62.17524029696578,6.411562108020643,Lettuce
122.83018004172601,60.3083078290883,145.77316913670742,14.23028938366534,63.03002847102665,6.511668401197789,Lettuce
106.729759098772,56.526804728200815,152.97537263259275,20.197548719192717,64.70815217426811,6.596210019397311,Lettuce
99.56141471421428,61.7634957529544,134.72511802846392,13.16016562324255,65.59238534187834,6.005266604483849,Lettuce
148.18834556429005,48.02966633315863,114.47263897866222,19.445661717530815,61.40241250145879,6.115189012001726,Lettuce
86.1742917319868,69.24506663568093,126.99892800425016,15.234368567959073,63.75350263695478,6.755180298615846,Lettuce
107.96573265371077,52.38172394419665,136.86696057911738,18.06438081245824,61.106829125950846,7.020146967048068,Lettuce
84.24060886516736,70.83297840496958,179.21998835817556,19.245873998350554,65.37026362202153,6.843193208157392,Lettuce
123.4491795837247,54.276810492603055,124.73601776224854,19.187301231376786,64.24974703171776,6.219867402171793,Lettuce
108.16866435385163,41.0937790060102,168.5039131246503,13.450283502599097,67.32066700770358,6.882291329446534,Lettuce
109.74963385464251,47.663429017521274,105.78238972055479,17.498262744369814,65.65039171494931,6.808720083191402,Lettuce
125.94845047196677,45.43065630278219,117.88219700002672,13.931063836829347,69.93264704618606,6.381811941384635,Lettuce
123.48442560087719,48.45386246954512,133.09071367428746,13.008938551040751,69.75359853450232,6.794063003811449,Lettuce
138.1472808031397,67.28357239065217,142.77760541955845,16.62205179696777,63.85099425154621,6.140615633681983,Lettuce
132.9987591411892,54.472408974611675,118.76029861733383,20.88774346021086,66.34357598834761,6.1690033008599405,Lettuce
103.68375863813257,44.94111434448363,107.83770319793243,20.83497541553147,66.06290913648914,6.396774376881758,Lettuce
135.55401975662113,49.75033852266846,150.6977149848759,17.160610632920765,62.095659226724024,6.964803459963973,Lettuce
81.43858864429701,62.16059453026507,141.16365440795272,18.949567475204525,65.42232776294625,7.039308547031572,Lettuce
88.40419343651529,48.2788953538627,137.52088329181342,14.247101698831974,63.09665242978367,6.772893409385901,Lettuce
99.59231877499367,41.08619282134505,126.00105333452332,14.019259668541523,59.6805830864242,6.652118646546259,Lettuce
115.54596154956417,67.12968743422388,144.29441725874796,18.358708283365534,59.51297772412917,6.092078363382191,Lettuce
110.58696761250697,46.055405085622766,116.08545814876726,19.073995861119364,60.96454789436801,6.875839966802008,Lettuce
106.88589279669777,64.13425436015307,138.7691112433344,18.676534114285598,68.92415819090967,6.499483768789049,Lettuce
118.79211503402082,45.964173581365664,159.05953324499893,12.940567978734625,64.0265743712947,6.274025465384279,Lettuce
137.96599655535633,57.912346981099816,145.98243458429272,15.206452976268485,69.44523013495015,6.302366970173265,Lettuce
87.0548478187516,60.84162382450407,201.64482965363854,12.397621493409224,61.93078778884705,6.0815460412736515,Lettuce
107.47359281175714,41.29549541364972,176.68782266638684,19.07546038084261,68.18327161682954,6.647972885904654,Lettuce
87.17853322095816,62.16473161422192,110.6469483949934,14.805717280895612,59.049196679149155,6.173464623391034,Lettuce
95.60613571631418,48.51625813669032,124.3672118304183,15.867613332541723,64.5826605884939,6.516366270615423,Lettuce
134.50413656784926,55.76987519072049,193.890528576248,17.209995098305438,65.58636717219092,6.16461229415774,Lettuce
79.34983067039923,72.28499101472777,131.67879938318757,12.004972586793134,64.65284002019467,6.164371359816881,Lettuce
92.29367671648089,70.51179909442038,149.73504596368366,15.187081891026764,68.15473654222977,6.354799392445599,Lettuce
109.81364716748949,45.362495491762154,165.57971633436892,18.545548000494612,61.39986655582924,6.178716212063375,Lettuce
100.00743699535592,59.95582387113717,147.19144986572627,14.574587561867345,69.59311273802197,6.892395067878107,Lettuce
108.33061815560384,44.535183349145974,102.19344013621586,17.13429690792505,66.05836542015176,6.891276767655009,Lettuce
144.0819841027315,41.88997073597629,126.83877391708697,20.794542336761424,70.98124081948643,6.996275228181538,Lettuce
116.29458816471228,44.68554499488594,103.49281699874088,13.063406613523092,61.22142456196018,6.001640335546595,Lettuce
100.89956949779884,61.937652258918504,125.75816050660977,14.414168620979975,69.47369967015996,6.437086160180623,Lettuce
121.9302429941074,58.9558959317234,118.18549925146462,18.155698647042882,63.32999060126388,6.489774368148842,Lettuce
124.5840284417647,59.42945541961215,158.73285496432607,17.38539764908313,56.8918731204217,6.735565482199983,Lettuce
89.22410200365013,67.10130723189934,137.45809258804206,20.802030448417675,67.47932788341502,6.45353225772078,Lettuce
132.56253847918686,60.57845749976539,116.5962524182143,12.311423917012394,63.50160804710741,6.999126698028536,Lettuce
124.81854216032595,45.66167531276596,113.30890636129664,19.90194723912508,68.17489175699555,6.564214878181189,Lettuce
138.22880103360004,47.22427766167954,206.15317068693116,16.396905481988753,64.49401365924501,6.30055661644063,Lettuce
86.96566161879105,52.856321970719925,114.02661436483864,14.042091028879428,60.08689136034131,6.857030309946847,Lettuce
127.97327776713213,48.79626726006106,128.86665096623247,16.530278444727426,65.8909563817442,6.0402249804844255,Lettuce
126.29538429212258,35.67978278477392,160.17961750706382,15.709765810639556,62.99459378791289,6.719636286849811,Lettuce
119.10965486303613,39.3527908978036,117.67394272769373,13.614012898808785,63.511408980258906,6.7229635489932145,Lettuce
95.83802490104816,50.590411366504846,120.40713225742569,13.974561618322028,67.08340978350296,6.354667350013342,Lettuce
95.78781628578781,56.53701500911837,113.21190181111307,14.593274215327227,59.3658152798409,6.818906781608997,Lettuce
129.19175306708357,57.25194825736238,213.92463845819023,16.969789623087472,63.77839567236788,6.635128750593823,Lettuce
113.87138546326865,61.16130936859,158.5854709238367,12.74789425422251,69.14708379625915,6.115677066211571,Lettuce
141.740270784352,73.56527079721377,142.93119736769768,12.79960900384427,64.63152809042421,6.824296512586293,Lettuce
103.15344961573216,71.89171243755014,204.3880858104784,14.985715397143569,61.85612260210665,6.965032699297237,Lettuce
92.23774901598966,48.344721635241775,172.6456158105511,18.365618011551646,62.94819389442728,5.976303823023148,Lettuce
136.50655046822817,58.89681403892645,128.8369400482396,20.804746024720124,63.76610153353624,6.823381928319038,Lettuce
117.41944384824072,47.37881802222126,160.42190928611143,12.108029517574984,71.9167826366051,6.661128249056509,Lettuce
123.43772676113215,63.0583309277801,150.17825488946133,20.7510657984063,72.62517906292737,6.228834006728696,Lettuce
128.19102563292813,53.845507672786866,133.45327534311886,18.17437369823749,62.94130984966351,6.81256435653621,Lettuce
96.33678086744933,40.300502493917044,163.85809372218483,20.108872619050807,60.60390416594974,6.368451563167673,Lettuce
93.26023097771967,62.71985966923897,103.63500610935348,16.82704522120702,61.15141916865943,6.9046831969466815,Lettuce
84.56675027171319,51.69509386024311,115.94788909136066,16.166453681954557,63.6188604670044,6.07156453411324,Lettuce
94.764419496688,70.369838503634,134.0207239664335,19.066437197103326,64.70926226791772,6.981099953507578,Lettuce
119.7111062904341,47.671337437299954,104.01702790029444,16.959997963272453,64.5548309818454,6.517740346592109,Lettuce
93.93511645664557,54.05212148165017,197.67722539447803,20.07628945751313,59.7035560986013,6.213419942981093,Lettuce
126.80180476547122,65.63793465837865,155.99618392933826,20.03756897054577,71.41633632961883,6.703976086570298,Lettuce
93.93424467255761,51.12055813664262,102.13853310480695,16.77409932592394,58.667802096128725,6.318524439354779,Lettuce
113.10905137840439,52.54451552433962,155.0382273943985,17.163881770995737,63.5274446597447,6.084833345834717,Lettuce
104.55372900027614,55.22489868861963,173.82680631374637,16.106478348981515,64.45392498284431,6.179284602947202,Lettuce
86.75096701348788,62.90494405974736,147.25363384157214,18.204655798899932,66.66341700265082,6.64364225451888,Lettuce
122.845877344701,48.636818820658824,147.53490248908787,18.141205017498994,68.854585041559,6.49773043492533,Lettuce
140.06827087524073,49.39524960921891,172.44005563916937,17.85533881438542,67.1437514933975,6.973849119701455,Lettuce
140.7218646882869,52.186033196069275,132.9625191781543,12.561149234048354,62.240480650775,6.263676139715242,Lettuce
97.55053787843883,49.904175481206735,182.47936362559557,20.67224454001953,57.802290490343545,6.712528439917579,Lettuce
115.02928509087096,50.05218109582508,168.31671689885923,15.020420232324712,63.975232593897466,6.351803820497075,Lettuce
94.28688851030358,50.7673299823759,185.34914575498905,14.215949341794424,66.20961553276985,6.848418401469044,Lettuce
110.34726238765361,58.98044152448539,177.90703654071663,13.899444761208626,66.53077481216192,6.3129328870903265,Lettuce
107.43308810863743,61.70676513296179,197.66505148738906,12.623552436798098,64.02239989475535,6.458656398223905,Lettuce
135.5165573024933,50.006979862215935,112.98177381656886,16.113354178179517,66.29374200506851,6.125156089325459,Lettuce
121.49331098248337,47.61239843265338,189.72956591264588,12.37409968283984,63.249545894360935,6.2452676440338415,Lettuce
94.30227245368091,55.59668692635379,164.2605160766451,13.448140617536101,58.83772265314026,6.57853844816708,Lettuce
133.0374478247572,44.298135654561925,138.44845562704938,12.047476513206046,60.671875657532226,6.159541163962797,Lettuce
121.91050095460179,66.0926452017459,198.0998546960571,13.572131725527374,61.274047971010795,6.125386566195037,Lettuce
79.97085836697508,44.82959079320171,203.66925828527985,20.95720939424235,62.783204866453445,5.977521487989299,Lettuce
127.14207861338471,62.82599163267216,191.3093470059395,16.873083527593124,58.846389712088374,6.429360099237757,Lettuce
111.87016005724401,58.92463099828365,112.4426907678071,12.604337330823299,67.37681168799188,6.429235325969711,Lettuce
102.25287812730346,61.375351236807276,121.97980465649114,17.077320758733297,69.55267822652604,6.7631629266783895,Lettuce
89.90897151626199,63.842069388206774,187.6957871730736,17.40712167171597,64.78942990341412,6.491066377614982,Lettuce
99.15043442088725,65.87290678148156,205.42449958172767,16.92954164913904,64.15426639773285,6.3060200189169855,Lettuce
86.04765198324735,59.459849039052614,122.79829483027913,15.023891910808993,69.17889001266992,6.92468493955451,Lettuce
140.1239583496236,47.30523742856591,126.42159393236308,17.91517105641495,68.86884331527321,6.097038117474858,Lettuce
99.11314846448458,54.87735436593658,175.3490698972897,13.283482738337845,57.12764289159107,6.607545816671443,Lettuce
103.85376041480075,42.49553445862647,110.51299904007861,13.976066473983193,65.72842975973845,6.897763910026947,Lettuce
142.54307220415555,50.17330158353094,161.34233431912935,20.952485520051603,61.77970529353896,6.284602900187458,Lettuce
146.6211590876858,72.51762777416255,200.37032949341952,15.740290528399772,62.24569113077132,6.827311630388988,Lettuce
129.8287698774203,57.03600024826489,129.0868354548521,13.330126627619686,69.18477151943588,6.290117341293451,Lettuce
121.50076434018226,48.143345874531384,155.48929528637757,13.953228700918038,66.92424405055597,6.849388091836989,Lettuce
151.98164345910448,65.32412153432571,142.8497497573235,18.51718891476024,68.42467298644056,6.343613329901761,Lettuce
131.8959159682334,40.950465080788064,132.70402276447217,13.046251648258075,62.37531135997984,6.983877003756599,Lettuce
100.37896787287428,78.04520980275343,134.74662245057175,15.18581400872365,69.09975347362497,6.799828056302135,Lettuce
84.49295049750576,61.68815020713754,154.27382235316514,14.955568713957781,71.61516461650601,6.404191932479632,Lettuce
91.48320158005404,47.224180698312146,165.3478214854494,14.051830207735785,65.29685385434743,6.77167845265798,Lettuce
106.70723675882887,42.07694895507113,148.54305625257487,16.291541790148294,62.62337692906531,6.752873699754738,Lettuce
90.19927048292482,72.55947867268907,192.47300837073573,12.991151461119983,63.03265713973412,6.425178303311126,Lettuce
100.02191467288293,37.95297102029013,116.85439548762794,16.109104286013466,70.50756315228737,6.706492870154313,Lettuce
80.06387592914434,75.943410755013,206.7752330280536,12.293583086569475,62.88944483615714,6.025622933216448,Lettuce
111.15059719610164,53.51608986050647,149.3693101054261,20.733077268466346,59.95131834345738,6.206442564527741,Lettuce
103.05322706130208,49.927640274952736,141.31589602996988,17.443864370370406,67.61392086278875,6.783184457873053,Lettuce
93.25377266568279,62.18872702146846,99.93593600962897,12.675631471560198,63.33760487914804,6.846183947124945,Lettuce
114.92890263971614,55.276301740230494,129.99043250379918,13.71652530499663,70.05309073191768,6.241834816600904,Lettuce
100.56862267283601,48.73409137263919,150.64749595290124,18.628046366386798,60.943132628427364,6.855166130177226,Lettuce
103.75178639075257,52.031356086854956,193.05729476989274,18.58504470669054,59.358380946285415,7.010313086392079,Lettuce
91.71112968011003,55.112976570662596,187.1970652367659,15.28485062662206,66.08238564088835,6.9570830005133235,Lettuce
113.2511940167513,40.5734281621545,110.33617004873774,13.33593534660236,62.27486253729892,6.048155708102209,Lettuce
125.8491684557864,62.75515454263424,134.39161150786114,16.82334553433013,67.55539863744575,6.673465171339102,Lettuce
85.45078495682127,53.95558187185201,147.28114280700234,14.487575343773067,61.44413111518896,7.099713742463089,Lettuce
133.32166775096766,65.03791691812943,180.06573911525936,12.871277130729057,57.1042544312259,6.287540596767017,Lettuce
125.81738799848952,55.85214470447702,164.6928867106092,15.113986878493147,69.64788255790906,6.808050774820004,Lettuce
142.10019106754999,60.30814822791725,113.73832344117294,18.759113187992053,61.27526172750608,6.775929787019172,Lettuce
130.35243987348156,45.78903601422476,110.27164949545028,15.187260538883637,61.58187828800352,6.512730656444094,Lettuce
105.32182781163687,63.77096890252363,121.80787063559153,12.367021775280959,60.188081527177346,6.662567433005994,Lettuce
84.95027719090858,55.83953999463471,142.20341175066957,13.083575566236654,73.98760091696926,6.336507883741267,Lettuce
89.51110897253935,71.33121894701995,109.35933756820538,17.36711445091191,63.214470407566715,6.078576209570692,Lettuce
83.11695225665704,62.02667146662387,115.13722443234042,16.699375285348477,63.655234550567265,7.0144562628470615,Lettuce
117.53638537070977,61.48615891415453,173.23945747210908,18.07376438570867,62.09600279097345,6.025607842587169,Lettuce
133.1343653105466,54.06450664034256,142.01665277191645,17.145752764022703,73.90299225815873,6.775284740057596,Lettuce
83.05726650775068,41.584677757656934,194.43767310906182,16.47505886852237,75.63761696766933,6.709318578305498,Lettuce
113.10528050659117,54.3310077408147,158.77426147683497,16.276081444033196,63.83801067394607,6.680002310093108,Lettuce
145.69705255040105,58.974995749162,137.36294407972824,20.653839496934395,68.05099169656819,6.168673263313366,Lettuce
79.69334977214517,49.095816219544325,100.50944079399845,19.760611773294578,64.09223943126595,6.365844629149467,Lettuce
84.10925022997782,42.59712308104257,144.2874654696271,15.445906648735198,61.747260547515175,6.770475160093703,Lettuce
106.39012077084445,52.91657480667901,171.67761703359548,17.881241602738314,67.72742692771794,6.090103440413359,Lettuce
94.47041763609081,40.79100492006621,146.37405887000807,12.183895244267141,61.40450415579613,6.0572257025511735,Lettuce
126.30725337828646,49.51558307285243,194.67152823797147,12.188557064384675,65.3165054614206,6.680307214869122,Lettuce
111.88079183912045,56.50891519908596,173.7908596717655,14.867149662918974,69.68029403295408,6.625412788743357,Lettuce
115.31497917547793,43.49372754262179,154.4156996305938,18.792903020827197,61.744832570913346,6.377611637543325,Lettuce
90.11942973623788,43.23985889452853,106.69985765421791,20.32912711708901,70.17828677080207,6.3409213330050935,Lettuce
119.21557609486081,44.22198498182344,125.00441165974405,18.146782813177047,56.79726565439485,6.245907524907176,Lettuce
94.04068279390002,58.483034995231456,144.26079117124615,18.357505147708757,69.94375047562814,6.20412046189857,Lettuce
110.12720305406025,68.57342336396124,130.26980477209554,12.289065360942551,66.21496666290264,7.000062432627849,Lettuce
80.34397256941928,48.29115814454596,178.69892243891383,20.37143399671325,60.92792069198003,6.25720934536657,Lettuce
119.04867499864218,62.59154783857778,141.86541518530115,12.781140886115669,62.804329937453154,6.734841858272612,Lettuce
125.39728475262561,46.58085831366947,117.54875613705096,20.522173415451327,56.58906049549436,5.961165345146838,Lettuce
97.03000126093035,62.9601700983719,174.2803541579672,13.275356685980372,62.88367582395335,6.335470530626271,Lettuce
107.87853089509642,45.394179398096135,156.86448104311552,12.300460646463556,70.41267204739101,6.018956622585613,Lettuce
107.12858176198233,66.93209956227282,112.17410308625473,17.072489552955012,62.90458927179247,6.485614764234722,Lettuce
136.230266898092,56.849501216118206,156.79376638820364,13.022834943356834,66.42463600610307,6.774475836306709,Lettuce
145.44421391287162,63.60450186772741,178.45260032616983,12.259336315901045,55.61262674695046,6.375524738923967,Lettuce
84.4361057649441,39.83759246813115,143.56515786511872,18.010446830696267,64.24899690693573,6.748466511726871,Lettuce
114.77888941633029,65.350097036642,136.42102188827496,18.644318703870326,61.66195154962192,6.8683962364867215,Lettuce
95.55345477495831,41.69168561225434,164.81803214362068,14.636475578385816,62.75691655852101,6.630987488249904,Lettuce
127.40979175599473,61.85680436282947,164.08564961412208,16.801574010824247,69.28485209447955,6.539793310792142,Lettuce
78.294765858389,55.46897507871082,103.78200811810012,17.27440649184008,58.114612878555015,6.383908594961853,Lettuce
88.69168362380759,63.336335548966304,126.04970025049215,13.447627233161437,58.00722564970656,6.698921659225579,Lettuce
126.31766651570281,65.94338867448259,163.70342305333685,15.960569443483873,60.84723592431265,6.032931762522203,Lettuce
106.13013496077515,55.42911914430002,126.55568744775947,17.732720397210795,64.89118134737,6.366220239819624,Lettuce
128.93569374479702,69.06458567779151,183.63602817210872,19.97123203983257,63.0556878393954,6.077216690519524,Lettuce
91.70070897536289,50.22084110819559,114.51181388598425,15.769757652321843,64.60166822591506,6.3665606132403365,Lettuce
142.57155547592174,45.315464221616956,183.25515622560178,18.294001250401635,62.90892646257427,6.799570952750151,Lettuce
125.38028939384697,53.880911447202415,209.44545597209319,16.5151266821035,65.5590435780913,6.044811236885246,Lettuce
101.24682953995236,59.12381922876493,140.2867176367496,18.3637665262437,60.53346249072678,6.76130543762066,Lettuce
78.2332477043536,65.95410152820294,168.49461235162022,19.100866391478363,69.3807378989343,6.241572877515407,Lettuce
102.61833304992784,55.50769377956609,108.51158423838278,16.77496321756499,62.6920166684686,6.43754523846662,Lettuce
112.17088659797312,53.199119972459826,148.3546975427842,12.549926731622659,71.39874374338456,5.949957913207053,Lettuce
90.1774459367498,47.77047185317705,196.18055875155204,19.87863634600467,62.32657923322099,6.193358555507146,Lettuce
133.8110057466309,53.130723436734634,203.5595669770018,17.40894394833269,66.4607611898314,6.748522532885141,Lettuce
122.40278135698779,59.87554999280124,146.82095573167726,17.40578554504448,65.98113531104082,5.941276946198538,Lettuce
132.6507974386799,47.30563041025005,177.2713423083261,16.585184972392575,69.55439142027438,6.955326825637807,Lettuce
94.13936346472599,45.30362117512107,173.81908363567695,13.565740683398147,62.50269495364479,7.080138778957176,Lettuce
110.90042713194607,61.33202563761402,126.96294479554604,16.375569060000906,66.50948985894013,7.063450060430147,Lettuce
94.8471817888298,43.93703701352322,177.3199091397941,16.83141149309609,58.346420763078484,6.226433207799983,Lettuce
101.2065444072427,52.09029477965235,105.21423976614149,15.453889134355943,62.51121643753983,6.733370636140637,Lettuce
78.98764750097205,60.35684768035325,192.6721302949093,13.341926722491536,66.41079477521302,6.898918953795958,Lettuce
89.84524513012269,55.51292273018965,186.86325880822272,18.860132188860582,66.16726396745894,6.287283363997915,Lettuce
117.33833257315412,69.68812179505183,150.32000754035556,16.109305263214843,63.47970278237085,6.731260236133047,Lettuce
88.15818223665457,59.21961825374537,136.24454999569735,18.30595709727518,67.42541141621504,6.55411185026725,Lettuce
93.95895564457285,55.79357235341425,187.88854028823576,12.42282005975019,64.3801882309245,6.103369252109446,Lettuce
109.89051964886653,70.50463849613836,104.04486893994078,16.539404569575716,67.70819988796362,6.728474852783286,Lettuce
125.24635310991518,49.1655253875099,145.67999177367477,12.664014716917874,66.27944333170474,6.888105483129609,Lettuce
120.23452397522257,46.06500805177831,153.93974776653016,18.60184430571033,69.68565415186802,6.283686256489809,Lettuce
115.02164050011491,64.37439928580129,138.12605397898076,17.228650300687367,65.59576221502249,6.047440170699781,Lettuce
84.76649610029891,61.02734213761007,128.88032930942188,16.06251995814836,64.5108143940864,6.567981895090276,Lettuce
114.06600523122336,46.662844262382265,123.05873104141327,20.755580495900247,65.7152771172753,6.061750018353296,Lettuce
119.81303728859231,50.92153850521784,202.6535955678381,14.934149361376642,69.85448674078171,6.034162246150171,Lettuce
100.76800074241507,48.80428011025479,177.9925088002234,15.80600669090356,65.88236925290893,6.094370986674212,Lettuce
85.0430219254411,50.130500645010095,180.75530306626408,18.637770511146627,60.75410657373383,6.18224607414951,Lettuce
131.95427805953327,48.946436437640116,162.74540574245233,16.725461687000703,66.7474295093714,6.142457049384285,Lettuce
82.99493862841243,64.18381564853004,174.471299399319,17.92669016953841,61.970016158195854,7.013573858421905,Lettuce
95.40362286903255,65.93860550282581,137.2965002132491,20.786519111479123,60.216601174247785,6.329254988225689,Lettuce
86.45063299787417,51.241983272958336,96.77111439510442,16.780607876162446,61.2558575828531,6.351973155882773,Spinach
88.86375258339822,66.00375577125811,102.89005850470305,14.791547412566135,64.02318626925434,6.266932847378657,Spinach
86.12148422169689,46.89947073482434,122.56950595863836,13.913413228142195,64.5198604367472,6.759632578369201,Spinach
103.37353499118063,43.0334988475278,91.67040221065871,19.353454501782203,66.84118858872026,6.172670356700781,Spinach
98.52755733951103,43.15663040125538,113.6970362086705,17.485931400625358,56.68238137167661,6.7126324662258705,Spinach
120.25945362913293,50.96976920352697,116.18897439912456,14.015646683988585,67.56412947539786,6.008807328367127,Spinach
111.30553340297222,43.49213369258436,116.67641271234436,19.92890436387597,70.05522296379459,7.124884834766039,Spinach
82.59424119786688,45.8236781207068,112.88071177407363,15.878941213010672,61.67169536435995,6.175181553678864,Spinach
99.82755496936036,46.61435556726484,112.38500712648305,18.13079082665701,67.89187185165203,6.50202135361894,Spinach
80.48475376717802,52.19006348857382,105.3433829597902,14.237003048006013,67.71673975510998,6.457841442175834,Spinach
81.80415900803483,61.43578373053371,93.91829350382338,19.529359875379956,68.07373279335144,6.2734648946258,Spinach
93.25558592945946,42.53169727418691,124.28397471420276,13.554451148642853,66.18977917381436,6.334299967965201,Spinach
75.2130953096043,58.023693093312914,111.36045638570405,19.690751502051995,63.16289907194662,6.258901468325115,Spinach
113.551241129934,42.830362120102386,105.23253892671691,18.089858142063118,60.45679460249948,6.7788287890439864,Spinach
107.71831921275816,43.086943107340396,85.18241325000216,14.59071203437006,64.97678094886587,7.619446592973493,Spinach
112.40303181910043,49.83709856029364,114.01227481192683,14.266340182887536,65.6366798637089,6.338341567362484,Spinach
106.61306482415482,46.36593729274193,114.97299801425916,18.859706399544134,60.60169898165826,6.457321029418672,Spinach
115.99046609286819,57.80806156883576,91.90535581058548,13.27946765945737,63.494757424477925,7.241109554905217,Spinach
122.10599605511271,53.80267511948331,130.79539472623262,13.799960824437651,56.8768118873285,6.525791495736522,Spinach
110.32337296748297,59.27581014927432,139.67746721644568,17.709992556669015,59.15512469720037,7.513687224149721,Spinach
108.4573833415214,38.65784410065936,127.56435026753503,13.541568948739878,68.1214489254463,6.734790703469236,Spinach
89.56700656909632,58.8336917450349,107.24985449244734,16.78871776541509,65.53957170420202,7.302903576108111,Spinach
100.47113006564881,52.42898737499652,105.85723800064531,17.01836972850416,67.8003644105171,7.008539886362029,Spinach
103.21093642421181,41.27651237880131,101.46616624329744,13.125100452561487,65.88742445330294,6.422353627697925,Spinach
89.06722381782537,56.616623336532676,105.60945600661435,15.640142265592441,76.60927485928387,6.772154946659759,Spinach
110.3200919923182,55.37963983424925,117.25647036830188,13.199714462029043,61.97893731734123,7.077624745685783,Spinach
109.49542102957082,57.763011066719095,95.10255685657468,19.768197436432494,66.18167849389745,6.138138712006136,Spinach
119.81390589044584,55.469348507018786,104.63048131288335,14.507252004195294,67.31854677463927,7.2747838187785385,Spinach
86.08741436272119,42.946821478421114,118.03948071266893,17.827970197903547,74.5239532799013,6.876797282016022,Spinach
81.40354895863082,57.41732253686527,115.01144575226695,17.71635937540661,60.20224145376597,6.259938230097255,Spinach
87.27778575662556,59.45936398428971,81.54362558145628,18.405623181130178,69.92853631308805,6.838882494997863,Spinach
114.89557846141487,57.806707989515154,122.7701754363766,15.347293047272114,62.70123936618762,7.248709656016637,Spinach
109.66047746217725,41.920755156749394,109.94345203550415,14.29078604780079,69.45727524969307,7.102040028627235,Spinach
108.38597544233875,47.70732446053506,119.27250005784889,16.713515485343954,68.25027296542055,6.274261204506549,Spinach
122.07038991550274,38.350564310513555,138.11376234419902,17.86035694536522,65.02572185181899,7.1278447648656345,Spinach
89.11465867982065,41.18732899597204,97.12875384732855,18.287109372129596,66.59963601212105,6.091392732021534,Spinach
93.21987716231759,58.3501854509589,129.50829348196015,13.34240781550465,59.67038364179459,6.785315850529121,Spinach
105.55831470139012,59.4983275351842,122.91410657071036,18.268618227118015,71.82345647033739,6.2593210674455735,Spinach
80.93171020416655,57.92647453858765,132.05832115143272,13.787025780306767,69.01655499069696,7.178120606934355,Spinach
92.40310075953941,43.77603338801104,104.73393623073817,16.672520748102468,61.82275864433482,6.492689519651851,Spinach
98.7909696633764,58.964584745477346,96.91090886493163,16.887877390431086,65.67576055675684,6.278586385042994,Spinach
99.10162421050843,50.0894824242124,87.2616984313044,13.889351350208322,66.78338028826363,6.184452152317787,Spinach
109.69535299693929,50.66107156048283,133.75303554203262,19.74798548033751,62.838106727993406,7.278595914930993,Spinach
82.38410783951177,45.79978249613977,84.0500586491914,17.466114928168643,63.1956373799539,6.298868133272825,Spinach
100.77600201454028,61.42686792723626,105.15887101930662,14.56724010690536,61.893224054041326,6.364612535814513,Spinach
120.81584245333642,55.47320949099039,131.5615588643547,13.356283744147074,71.46325638147677,6.307915817205728,Spinach
93.7795078890433,58.2065436489933,109.68284954111145,18.42516397195405,60.004908030967265,6.310462624364572,Spinach
109.29030023991758,42.52811175439395,93.37860150979833,18.889209493064207,64.3336324883698,6.531834884571648,Spinach
114.01652278541957,47.98838277601139,110.04961582693859,13.634410456389109,61.07924281311032,6.056013835152027,Spinach
92.46496488415033,50.20074934646332,103.91713610333323,14.802014866105386,62.528349986583095,7.21683440542485,Spinach
82.51917341152837,46.98562637374095,118.69958116325746,17.49664515992205,68.7245022425636,5.968592596471465,Spinach
82.71083624993008,56.776755150390706,97.35360891195364,15.932839950405146,61.22555268133094,6.873563267187283,Spinach
87.22263816451772,41.86128061148655,112.79922053179696,15.397586019788427,70.07760750432314,6.720933104012536,Spinach
97.74358948753998,39.41171094702869,92.18353251031243,15.97115899340104,60.03857536314748,6.23463632395763,Spinach
84.26245884363946,62.06804385686613,122.92854614780016,16.537131832694122,61.918638349792275,6.898033653070612,Spinach
94.62787437633553,52.59580618740218,111.01610292209554,14.292638124210615,64.49493041092285,7.485336596273532,Spinach
108.32072944713934,46.13795494306632,101.14126390773687,15.716442394137122,57.317390493576156,6.791122963327462,Spinach
82.63839279815377,58.24423652770071,137.44386330296868,13.488778078013246,59.3848127304074,6.928142095522835,Spinach
104.6160569070789,52.74893440431215,113.12010835972794,13.042389484617601,60.91518232403651,6.604748967133148,Spinach
82.18107652563683,55.61671399615591,108.71938092165894,19.826353321644763,67.8018184411747,6.62408560947997,Spinach
112.54360017509475,41.972518265447576,131.2560334028962,13.383655024759046,65.86631878850909,6.83055142901486,Spinach
92.8997677386467,51.01527382501109,107.82310083261049,13.304345263511278,69.74311281528571,6.171698551876153,Spinach
91.3520773066652,51.36093964468325,113.02002164537997,19.22973382982528,60.8684936916484,6.51047154264407,Spinach
121.31572955508418,54.36016318016131,120.58852399262074,19.832257671919315,65.08142148891616,6.998500916062308,Spinach
115.83737140343715,55.401477249672176,123.39080241406991,18.91174378168811,63.484030386257814,7.041755463415005,Spinach
102.95233959469886,40.085799479823734,101.67425305534881,13.976853169068976,65.75483005665035,7.200521451542713,Spinach
101.91964790760292,43.46561798883713,126.53688896969184,17.476721688961025,65.4647697151405,6.245825200284866,Spinach
97.73533919289073,51.420422783553484,93.954650427449,17.87847166898066,67.32500920395083,6.231285521745174,Spinach
83.12059225569944,52.32236247083596,96.76350544065473,18.401637538294032,71.57690217689591,6.501304422490127,Spinach
97.65971426501486,43.30841986726692,115.89351282509077,13.79022208009677,62.200429414329165,6.224808371104071,Spinach
106.2894114669169,55.814987035564556,103.24572319185553,15.735269117234209,59.70998672563,6.056050012880857,Spinach
113.57455595678438,44.18672329451357,97.50640028256468,14.93267846646234,58.7726336116422,7.125716796956784,Spinach
107.31514706377648,51.122680741114394,114.46004343952657,17.581612088215252,67.3545898669677,6.064240354959244,Spinach
97.5731670443983,50.91407829184413,101.74071350965475,15.405210607081358,69.28503723684148,6.976756507086646,Spinach
107.84775802633774,53.5442282671258,98.8591617848438,16.561758223175786,64.09987553217918,6.242620700177004,Spinach
109.60888114774122,54.47231123206168,117.87699035276546,17.38506220873278,68.11049440725931,6.1822545406020435,Spinach
87.46821146585083,47.11502838423616,126.94124735731027,19.06067420082628,68.92635893626058,6.773753350416235,Spinach
109.24089608464593,45.8960723304028,116.63416988330496,19.446417826924705,63.18938070701956,7.040019399792476,Spinach
86.64452724863757,41.867194855376255,96.83378518149229,17.854134881529554,59.37451734211872,7.172781526698608,Spinach
93.25489751416723,43.26175985495021,97.36923854112497,14.094739191514781,65.68250633546216,6.719132802473031,Spinach
115.34678839353289,53.93659216914226,123.32342899801036,19.222420005635353,60.02902719166607,6.000674832524355,Spinach
98.2954497725357,54.51118326619626,106.683280167375,14.431609014905913,67.53687007771046,6.7694457496864935,Spinach
101.24422093035385,42.263061100253786,109.33206866553653,13.372318036212645,63.90361276579338,6.433943403137428,Spinach
86.50216445686132,52.405411234671504,136.81754713529222,16.060898059235058,58.61917815485351,7.193198695207247,Spinach
80.64326486514994,41.455104667150316,95.52435663701574,17.792467719769895,63.61347461440866,7.262830639878414,Spinach
105.98228381441689,54.150794921905735,112.78999992394152,14.045550430313133,62.95569416822254,6.80318673080385,Spinach
103.29145272899153,47.83792806996952,93.2684135761628,15.095560039057577,63.04013840799275,6.898127515861802,Spinach
103.81223038842732,48.76199895031622,112.2924060286502,13.560419584319582,58.80583450364754,6.454924739148884,Spinach
104.91723572905438,46.96610780508501,100.7974962353557,17.327444824827513,64.47237873467847,7.18312016963161,Spinach
111.51608677901545,50.91589202412561,122.39578128496123,17.9576646877743,68.56469554490783,6.6987416849419965,Spinach
87.5980357027863,51.28367922213506,128.41323848275505,16.63780722045427,69.15712156303857,6.00533345128516,Spinach
107.7824588256986,53.888904928059794,118.02058986019999,16.111024617378,60.95831336785994,6.496624933755032,Spinach
96.59635448895793,38.37498226065821,95.23304468934427,18.93391187020445,63.71488655895939,6.05801089749871,Spinach
119.70468984515664,50.29521144832377,99.46370385065893,15.934300252319787,64.87193732022206,7.166659911227034,Spinach
108.8493067238903,53.39606061176138,113.94978973205048,16.092387469789358,70.42073388763039,6.7584846833461185,Spinach
83.07910393593248,48.85732771249162,137.7113637886781,17.041296684030367,66.93014968885518,7.446915980708822,Spinach
96.42428893957774,53.902287499904155,91.91481013897263,17.92694596740176,61.534458911219474,6.942908396420908,Spinach
106.06412977314385,56.614563033743345,106.38686900166618,18.439213839651465,63.72243271485433,7.374187103920026,Spinach
84.04600006571495,46.47825781514313,113.28037047240444,13.285739782569742,68.26488733503474,7.454960667065318,Spinach
106.99517597364205,39.54058975416845,116.28554871915932,18.958096035793993,65.46957851677442,6.288070237048604,Spinach
115.5197814400245,57.959246236960716,129.2757233403177,16.15925290722507,67.53126110913868,6.677899304885523,Spinach
86.29473083641193,42.05371029039933,119.34224765939783,19.34110726986233,60.660233811132564,6.792905648212555,Spinach
104.49919992867588,52.563211187301704,95.39362648002778,16.75440244238294,67.1039002695044,6.5257202211504,Spinach
121.59103387924013,42.389392477254965,119.81244193253042,16.33083173700402,59.73525299372442,6.6289703707212455,Spinach
89.62646779331882,42.76247037288494,133.84941225548073,14.367705123637794,61.362536045412845,7.369917723828634,Spinach
86.1038979514646,52.11533163565772,115.46054235200633,16.28722887407332,65.46231308589996,5.9939200977530085,Spinach
102.31617168938895,53.39563878086805,116.64241903501174,16.450507638891168,68.98878170133105,7.399085282497421,Spinach
103.35028270112132,41.41299654308882,97.99595479256287,19.261348006997558,69.18744922785287,6.449048800667421,Spinach
107.79115233973137,44.82344037488993,93.81592007922126,19.209603217571356,72.9200788703778,6.084498793473511,Spinach
103.88269531902122,45.355827833577706,128.70518480871382,16.404902666612315,66.7675086773756,7.270691146351521,Spinach
104.58579143135971,40.242117306512604,96.69444816527188,19.07297155121722,58.58411754192663,7.350170276185468,Spinach
97.47052576558568,43.432725525294096,125.14408722002803,18.980735149621207,67.9437260373818,6.178346526957207,Spinach
83.13125694078816,60.2124083647166,88.54826463958173,19.638695518008834,71.5788123856735,6.702268620042069,Spinach
98.75861140337449,60.70580866018158,106.02759660817034,15.531223197657848,66.81961476549138,6.807590972065899,Spinach
88.44944548903658,43.16955471839053,122.1426084426466,14.485596939772407,61.505945647841244,6.222217879938455,Spinach
122.42995328013416,40.85403276300527,85.7042235274828,19.607471418394923,59.78973232310513,7.511738051965307,Spinach
79.97028915448483,45.05519633632485,121.0206549469844,17.09402943169647,70.26089326890929,6.832356935756538,Spinach
77.65990570865358,47.0533424847162,98.48145214493104,16.266603198534035,66.03456621507644,6.186362672678189,Spinach
118.35137198445237,44.97153789649127,119.31749249821591,15.880208027845818,56.44425438895112,6.303608974650028,Spinach
91.39302101088987,58.89071130410925,122.88996271780394,13.593264552847474,56.37569393513393,7.175577992605723,Spinach
97.33204019602958,41.312889515207665,104.78922253584626,14.428661246272325,72.75405865870866,6.567619688582078,Spinach
114.98229649984201,49.00694404689123,89.63594711521053,15.041078571951328,58.84538420745466,7.1700493813192825,Spinach
117.34909896860619,53.42501798869948,126.51085378657041,16.85921840990612,61.811173951133746,6.528611635274217,Spinach
91.41412263279126,48.91604172599148,105.4786926917673,16.616981841397806,68.975089511606,7.116645567487712,Spinach
89.09257861627212,58.0197460911442,101.77894671317993,16.800064953177916,55.1863691885634,6.315197537495,Spinach
108.70983178752259,57.08871720562143,121.08819944230706,13.535230495350199,56.90858412570486,7.25809794958205,Spinach
95.43135836772451,41.09781967980535,101.08795667106669,13.06841236650544,58.70593233766669,6.142448929739691,Spinach
81.74533629481473,61.6983539164869,107.94026635833194,16.242063778174902,68.55929633170264,7.456125276622537,Spinach
87.91579905710897,48.64020611108669,99.6050237425646,14.354377723248518,67.20346225317267,7.119306410546236,Spinach
112.75626694755609,40.79977079758898,118.75156378072789,19.241760940353327,58.90398232333389,7.399872900249829,Spinach
96.78020242470161,51.783344767333155,110.60146254739728,16.016387989171704,63.465145847645616,6.670717635632018,Spinach
118.64078581358999,53.02945898716432,113.4520621671058,15.463946325206166,68.28188744570934,6.736036884937398,Spinach
80.79390097215415,42.63966674439187,111.32720499365432,16.808038727565325,67.1060948909421,7.215453780200216,Spinach
104.17980618446926,43.943886056632,99.85456143293088,17.400212962026057,56.78800474253249,6.23264657259995,Spinach
109.72917538421932,58.358716050305254,96.44105964976175,13.573771539137516,74.24782949384878,7.474587473169501,Spinach
90.2797913895522,51.16545434420592,119.41892199025199,18.189367343428696,56.6763256163858,6.3013256796001915,Spinach
100.61413240863313,47.50312376444405,130.91010845618868,13.963052114297483,69.53023363413303,6.547214757805929,Spinach
75.45928240917468,47.348608465068416,129.85246481033573,15.707128560679294,60.65940621219338,7.015727731052069,Spinach
114.84001828622146,52.106268379401996,126.49035636495007,15.498073341685606,64.38730686184898,6.011991407711519,Spinach
112.92099708670982,55.086729402612654,107.85278566778224,16.984132978540437,67.1150468636613,6.934339242516499,Spinach
94.12520919087392,39.97832959611114,107.84326338782085,17.82627397469384,58.53021558850539,6.384882922718609,Spinach
97.85457162873774,41.837327365357005,113.4883796591509,18.605729052020173,59.534920419321494,6.318321516949586,Spinach
116.03617903376654,58.50294307354157,83.82582372598075,16.69001871852936,58.477374746811265,6.796087981795017,Spinach
97.96549614059369,57.65879626956778,110.61519741300695,14.087742647623065,67.2559634432334,7.001973285718885,Spinach
94.77996088477005,57.412526435421235,102.69001573014674,17.871676516945158,63.34270739581341,7.167982309244409,Spinach
105.82928495963907,56.35163955674422,105.19182927727324,16.351596605164048,61.45335745579773,6.464656169875471,Spinach
80.3568543117535,51.969413514962746,111.71456771511038,17.122533273444922,67.74416799193415,6.227964692781808,Spinach
103.0784795698833,47.03536798476598,102.62619590281179,16.105952128938217,68.72238880833604,6.829919170291712,Spinach
80.33667450376335,60.53726332473251,127.81524063235914,15.914057933174757,64.5720343732298,7.106698260163606,Spinach
111.44109554232978,62.26235288952011,132.801728746766,17.909512293551337,69.73905327752288,7.340101630784077,Spinach
98.19882732244204,58.67736503723345,131.90513495431648,16.66876002408507,53.569676958209506,6.2919746987087315,Spinach
83.20341533696204,59.97288401036919,143.4715870499638,19.07458254114337,69.90104562726445,6.000531732872551,Spinach
111.89807109950902,54.572848419488814,126.15565772501446,18.204121810065843,63.006693987615016,7.237829769870244,Spinach
105.05261842753504,43.474308247859035,94.34262217700542,16.33418276154173,57.48945593196801,6.862106096098209,Spinach
97.27364372036814,54.560711498176325,112.69725502132323,14.499458239505998,64.5284935012867,7.569550891814249,Spinach
117.61858131354263,52.729448873962035,118.46316634045677,13.123022349197623,67.68019779007692,6.526861460172976,Spinach
103.90028827756429,46.07475505400967,129.43684888874495,14.437798849204489,62.82832531462118,5.999960368752713,Spinach
82.9639981041406,55.45693034795945,112.02424472615913,14.968889733117361,59.85618170022156,6.0741701002829585,Spinach
98.69616439546809,50.08356305958703,106.36296186881802,13.82679240283335,63.76348267953728,7.182624890039189,Spinach
118.14860452449587,44.210141192209484,118.64715098131009,17.683637255513315,71.6891068159057,7.4527239783294235,Spinach
82.55692830718266,45.89968325660274,122.22550130344689,15.282544039415988,62.488399063239534,7.187828144771791,Spinach
109.82828159103727,43.31681248936463,101.6172962978659,13.21171909708885,67.94232787727205,7.093435416068351,Spinach
115.08819239213788,47.894853295248225,123.71264993648458,16.058142025428452,70.18310374356165,6.163587859674235,Spinach
78.86441607628042,41.22649880201046,123.3787542943269,18.490196919321328,62.411786059169636,7.433775960417307,Spinach
96.4085607640266,40.01133553677251,109.75551954892832,15.37823496768387,62.62772425021938,7.081499521488479,Spinach
101.63028069035948,51.49641582095131,127.53114464788035,19.316321702904784,70.61599654975112,6.150087704161343,Spinach
107.98861834655597,52.64070396625802,112.29125869832869,18.96955382463422,69.96178013213658,6.284828134765274,Spinach
109.47836714416776,53.996578857902996,128.49468887089705,19.225648507733432,66.14963807113186,6.049427301787294,Spinach
75.42434963222549,42.989563118627025,103.90382525699412,17.674529326973186,65.716505263511,7.103789503987671,Spinach
83.24064989826086,63.61760556918499,91.25394195106868,18.646167209329462,73.04668945085473,6.232133037591361,Spinach
99.7240627381376,43.39956183674246,112.64609881666472,15.722825747921327,62.950994199542706,7.0013176758802205,Spinach
92.71204944526399,55.400452542146354,111.85428556920513,17.852533214777054,62.773510129399604,6.2550773787236205,Spinach
116.29247268195836,58.256030498247945,124.09865116126784,14.567304416825346,68.27783792742257,7.2388557487926875,Spinach
114.52299406102686,54.962166971891584,117.65573225509577,14.433031292925232,64.99735231075817,7.143351450041445,Spinach
108.03457799483299,49.675800347284444,111.32898329091233,19.605305099616835,69.38125558078961,7.219577279989402,Spinach
102.81205945935307,46.892569386069574,112.17365920442172,16.84171954963065,65.10597110892508,7.5748784388674855,Spinach
83.78004518947232,58.47375962594616,139.9448071449644,13.501742954853245,72.8638166997807,7.280280750695018,Spinach
112.7678037655571,56.04273677492695,89.50505361173408,14.381107149752244,61.4476641906672,6.751854830157783,Spinach
91.1495916520822,54.53727265319647,99.81408817992101,16.22937595023946,65.87554569909994,7.531940220834632,Spinach
94.84803630614726,48.5422346333142,114.42252019384907,18.921247882243144,69.31373795982452,7.258315901816869,Spinach
92.29313244905539,57.89228955468826,116.28018907693854,19.271672231891873,66.15763243740788,6.084490257279945,Spinach
116.25728124437858,63.350427497602645,109.80779610446076,13.794204133633956,61.06105560481136,7.326254771756294,Spinach
112.42173331347928,55.777412373999724,97.20303606523814,13.434200213273007,66.97990816701524,6.1937027182849915,Spinach
82.10152914807236,60.01539903110667,107.59974979100487,13.851817301614274,61.97078130099137,6.275563451093701,Spinach
107.48956377336285,48.98247306505755,103.85267776794936,17.699766348114824,64.35058111249194,6.129866893513265,Spinach
111.07564967080884,43.39536721813418,85.63903516911637,16.729806631041512,62.441920552541426,6.946844570285615,Spinach
109.78060408212941,49.27055312264024,106.85355843895627,18.16523782555187,66.17358179254936,7.481578657026473,Spinach
78.84755805929049,49.72087215567351,91.1763746968136,17.1535189335672,63.16466596969409,6.3309046476671496,Spinach
88.23617497236293,50.27199966066903,104.10843284186345,13.671197089811178,63.527816731639604,7.024299629008085,Spinach
89.34950088734458,45.33478182341559,120.8296607593981,14.80342374462067,65.00025537476873,6.354564352313117,Spinach
107.56789628018986,52.97084936011036,90.0496122432347,15.320860680647288,66.51962278433872,6.288221582626898,Spinach
115.81751324489727,45.66855738348766,94.24826010022007,17.953875085331028,66.31298791270255,6.582614061544879,Spinach
87.40362387692349,55.32186821868707,113.23860632373984,17.177964121034087,60.008414430422135,6.344586575892024,Spinach
92.86558418893937,57.123764865432484,93.58270609558772,19.627764969082754,67.34902616647979,6.0728674595994905,Spinach
100.7667750761799,42.877485192196865,118.56744714031552,14.018658771488147,68.78955800400497,6.317058173043547,Spinach
112.10192973413987,57.093309471686304,92.46805450399667,19.57038424201574,71.85286501352124,6.959147277214031,Spinach
84.84614800259136,43.13401660048131,124.90909944203335,14.541052932160698,66.37962741203935,7.215789348943705,Spinach
106.4960188565721,52.66992119725766,105.68448673129669,15.40426906046088,66.79033435372835,6.573364601240685,Spinach
136.26110324185356,58.55189815694994,92.28875835917951,13.242054742376176,68.16794840307354,6.977739387940336,Spinach
114.11212832080393,42.17835415421345,132.1147535627668,15.075691679099922,62.541220311235996,6.834281524545673,Spinach
95.4354279056043,40.08890000218142,111.66231520582366,14.397947020437286,68.37196012148985,5.979329942384981,Spinach
115.73330409113692,62.3251431892468,103.40681850738991,14.520758126071431,70.66498269219635,7.428867000774083,Spinach
115.89608985118139,46.283497227205665,107.37831847516979,17.00542684312706,65.03604106599856,7.366711176800183,Spinach
111.06085889579992,43.64839707000569,118.9431178152849,18.46551041352867,66.66703790478742,6.2042425667877765,Spinach
79.77759388340141,50.16566384928585,123.20272593902035,18.214701184099198,61.257259257848574,7.163577313312568,Spinach
84.19385031456694,39.917374873136225,111.90041922190994,18.804034446578616,62.913926796610845,7.072007190969924,Spinach
79.14440001687005,44.38310108222917,128.260419155177,18.119351764613825,64.01714293964439,7.4408943463094674,Spinach
74.47185829163334,57.846812550448355,126.3483304356079,19.83553912625675,66.3653264890447,7.450557008931167,Spinach
110.59368351966678,44.74754979512934,96.49814646642082,13.129313677623674,71.01669707486211,7.491859810503881,Spinach
89.82389335434692,49.69609369784059,133.71358718846955,19.915272585659267,59.34698353294909,6.625295359858346,Spinach
113.65492655852859,56.622810570256206,101.68922656098069,15.868800519233652,56.905931920892975,6.352163047797129,Spinach
101.89880378468378,49.34277203858031,113.22673919155105,16.34462910347979,56.85487720975372,6.287707463149982,Spinach
95.40288100824587,46.46727153647616,99.09365533819238,17.041450180129903,59.742658272682576,7.363374517706897,Spinach
85.58598291674458,59.78180310514316,99.0846742343654,13.059662891230872,61.40422777430267,6.808308592297423,Spinach
90.85055780928774,53.990616297028375,113.06767066689075,14.27196988202428,60.346098104411524,6.5612697349789135,Spinach
84.5539312083363,46.18797958322931,90.21581261723398,16.121794122153155,59.50243574965889,7.179605026144168,Spinach
116.59555623702292,48.96696961091887,104.70658607634495,18.38662128017438,70.21114672084369,7.132954452288484,Spinach
101.0143695732162,53.80194079788162,98.88850991080521,19.09061663397265,69.26768616089431,6.2030570938611005,Spinach
86.9644616667839,52.88739747010429,112.7507670512024,14.034135061748083,71.09420496372701,7.301112800654259,Spinach
81.74177926543462,42.96916183346278,115.02147940821135,14.840905900924705,63.61986195970164,7.1947006718769035,Spinach
108.63854221762139,45.98748988641388,114.6976692360457,17.251592703777696,75.77026639940367,6.878114943637423,Spinach
103.40824789847969,42.53360126027345,123.03055481634122,15.52688136178647,64.4645026119659,6.89125131423585,Spinach
109.95620019488776,61.46971663811596,122.79003126130328,15.085391867411193,63.91875795466564,7.443214162368156,Spinach
93.19641416776213,60.41135846263158,91.36125275742697,15.68324620809933,70.2528643292937,7.431425666948883,Spinach
89.80803038838305,48.69839101566019,105.4024639430967,17.911170491555215,65.9164973325577,6.8444404553438405,Spinach
98.44326415793441,44.7620925975793,88.21942674691644,14.390200588791785,61.44960279375124,6.74926247768229,Spinach
94.34564428394738,56.16570837553966,94.63765805929137,13.433342046912443,63.99481740375393,6.235358653316754,Spinach
86.07035470564585,48.75953579670674,90.30095976179214,13.02419829674974,60.86015366619801,6.81684347181026,Spinach
116.173846647513,51.41721653515095,114.12892491039771,16.686689422384504,59.881619069968636,6.1405271733047915,Spinach
103.42408586008338,59.81819326143607,96.8943410698738,14.750121594361598,72.05865237805071,7.089380214466572,Spinach
99.59940599275397,58.99157428885916,117.777849271416,16.931470477768368,70.24843986734741,7.3147139787297215,Spinach
119.26250411642125,47.16423590049582,123.31658992415122,19.166940635657234,67.0637520615319,7.280409678012436,Spinach
96.83448579636928,50.64727700261563,113.44155707323813,15.055605708327604,68.10026359368908,7.031617511727058,Spinach
85.57482162059911,48.679267349432905,124.45008597771876,14.284993238437758,64.7849853100581,6.8225355049623895,Spinach
88.35750049702423,56.63814544012662,96.27320734174292,13.011027150111572,63.2670233951468,6.272956473185426,Spinach
86.23919244196087,40.5323029244757,118.20448258929346,19.8694704630348,69.64969289680599,7.20702265882562,Spinach
94.80369955873576,50.999877201735096,104.7646801703046,16.617786997029857,55.73428304702548,7.077554543483675,Spinach
110.497334249738,46.22377687412264,117.43288695643612,18.614661281934477,67.57720795867155,6.820119305565605,Spinach
111.84066949589901,56.88862360265554,113.53713236686283,19.006696229828663,61.06355636011447,6.796905640725232,Spinach
115.09828409984294,41.643877834879746,114.95402981890648,19.966501382292762,66.55586144588008,6.697599639780726,Spinach
115.28877987336874,40.38480595313657,107.04607197464381,19.017430715687837,65.74144250273775,7.402300347975138,Spinach
84.67674023570439,58.16067179528069,99.97842395960818,15.058411512985264,67.47523313962033,7.088869453912472,Spinach
94.60482049032343,48.65289044089261,104.95609952676354,16.95056627479184,63.343282645058956,6.051471812507549,Spinach
84.29906917873022,46.45596247582715,117.93694172916194,19.739148588762347,66.69168253069093,7.130445776582053,Spinach
98.54163243120485,40.245234845181166,109.57273210804213,17.43364617531425,72.76640344071522,6.284586126983734,Spinach
91.98843839607687,56.5106988915554,110.44067287765957,18.383446354432557,59.32950292529855,6.350575963160323,Spinach
82.88291387883916,50.90883826242017,92.12186255354645,19.346633014149837,63.73968486929866,7.059622380990716,Spinach
133.27176956510016,48.09030535847934,120.96966422056718,17.295571032299865,65.99706808994189,6.372830487150515,Spinach
92.01034117519895,58.17106341520112,134.54599357725863,17.8472658911927,65.08554571427258,7.073709685895991,Spinach
113.42067511917118,52.13901499290049,104.60707691472439,17.11791563879898,65.34054831397947,6.278514354332469,Spinach
83.72115870969292,49.22309511224573,83.2977364491983,15.370462576076333,59.6448317466675,6.994541099298092,Spinach
106.7896808322346,40.04339335261721,117.39767836955939,14.741566286846759,70.28676719050789,6.731077319412784,Spinach
108.2955860552487,50.22278758918079,94.36861780317187,17.43474013221537,69.25325065389747,6.750097093046904,Spinach
93.02754237963467,54.78661425302309,91.82861758429748,19.86786623543842,65.25315197390734,6.69453869167396,Spinach
85.34333211705369,40.991887203865154,115.1467109915225,19.412962426525134,66.35319340293987,7.1843287615584055,Spinach
104.40027468144456,52.52311245673825,107.22176100200875,14.469014923292539,57.54271257479859,6.842434378633838,Spinach
109.01136729217076,45.399858537475936,103.37149954978541,18.89929978776047,72.19389732498456,5.947749786362058,Spinach
90.53642775348263,49.21181026327249,123.19622200481137,13.147753961804478,60.848932040606556,6.806412346390719,Spinach
95.32552671458885,48.71886666510172,89.87119695613144,17.126141852612037,70.79383438372194,7.205526267691807,Spinach
77.81714526298784,57.241120218121274,106.34132787336446,19.512352864733522,70.0104358765752,6.261801138767669,Spinach
87.86454834014275,43.9395541993204,89.03232109006456,19.715347995918275,69.01758443312339,6.903962101412024,Spinach
100.72302683387306,47.47968397351807,122.05544315398767,17.221405390876452,67.78910722020338,6.867652361967028,Spinach
88.8344663723141,47.544839265331596,121.33423819896217,17.41569990607144,63.228427955384646,6.465354550558109,Spinach
102.33293401804121,59.90470072792271,89.24101559040086,15.729346025724164,61.85625541044223,6.794850905837288,Spinach
112.88400821597125,48.09397195704696,123.22461956003129,18.065469135657743,65.35924338578403,6.6548767492314225,Spinach
105.93534661883379,52.10611938270376,93.20866431049483,14.719960185265942,67.14283530750458,6.765365519155114,Spinach
85.0769989495926,58.39798548191876,97.6830538955028,13.237098320300209,57.21762296994988,6.716138291229049,Spinach
103.66976002423873,53.58912631202708,94.77098182049615,18.84712702076453,68.99679405600656,7.2298039378884775,Spinach
108.96728879032075,43.83355208166874,112.88042764711025,13.422535608317558,65.83600036661484,7.193105831529143,Spinach
85.03241616592406,42.81476609938161,110.04183992606886,17.652954402684827,60.49731312390737,7.473057327076749,Spinach
79.86801303197002,50.985251803045095,113.59378313231058,16.05851612857494,68.33612918697168,6.79230577744185,Spinach
104.93722877368732,50.47537927308061,88.38322345555923,13.3027984681349,55.51324966475897,6.337123258776325,Spinach
94.10412284703654,41.11944918431348,139.1038358385329,14.118710957787107,62.65376706844335,6.7394733364855455,Spinach
82.44394025831019,54.07122199564015,133.21329627179279,13.705033613859072,65.39981865339722,7.135024490220371,Spinach
104.01895084842191,60.97638127829811,104.08786096327675,14.500837680866454,54.99905512715301,6.91591828530353,Spinach
87.06212489976735,57.03360562169716,121.93745560381966,17.446938666649256,67.59158559268752,7.286960376915004,Spinach
81.08021116480724,53.00844977388197,114.69161027806982,16.994348446687486,65.82421205167412,7.189096867216024,Spinach
92.21776836643805,42.38852921641078,132.72549794965616,16.030552164661966,60.218973449299924,7.203093008619194,Spinach
99.62580339536352,43.774627137965915,111.0785332573398,18.901374386002058,64.31729420603659,6.9329309785827435,Spinach
98.64454480417339,56.92538053310001,96.74492048330656,18.271545410201867,68.09381899736684,6.417400122228709,Spinach
98.48891609478216,55.01042808159502,98.0339521123502,17.778949108042553,62.12051341038188,6.352865392277857,Spinach
81.91326056143596,48.76178240688862,115.72450822560457,17.192047311617966,62.69927643438344,7.278235091812116,Spinach
103.06387601418967,56.769509610802245,112.095299905609,17.872768685437322,71.4772236111087,7.242771091863816,Spinach
104.36253617364966,41.478175317848624,93.25197002284523,14.586157119710638,66.17968553763917,6.705510585676225,Spinach
95.05516561907096,51.38634251955499,121.17986415306834,14.818752062323352,58.51059693782609,6.2418931111712705,Spinach
80.574700930016,43.59365266842735,124.74115085543121,15.086807153943791,65.953732872124,7.306003818141636,Spinach
88.53739774149108,54.595100521901735,107.56733725859702,18.187439087795788,58.08761248942602,7.063697872374124,Spinach
113.3395972481341,55.39487999775436,119.53279759011924,16.025922791619678,66.71858916061828,6.7497886699386695,Spinach
83.58674119237851,53.17641868552604,111.14470124184196,19.71652671282572,73.08165189628052,6.942236960715623,Spinach
93.26490467733348,46.12430034842572,108.48536237844448,13.281413059093895,61.15935723381618,7.060117498752285,Spinach
107.52857051471126,52.298442267212714,85.59768815390777,15.682167583956225,63.06422738373287,7.2530658063385065,Spinach
111.29237156558577,43.99141135394177,106.2868446793366,14.08308779796425,68.04458607529467,5.970919527722334,Spinach
117.91948265020902,43.095804701712034,104.80261408066941,18.714244799934878,68.44774660591193,7.291617952372963,Spinach
90.97117805738408,48.581151849101474,125.92063386003625,16.357261303895434,69.00233303955251,6.840162747743045,Spinach
114.31212438616433,59.921771111000126,96.27959984815875,17.34011861549572,63.12768411347719,6.987380480649169,Spinach
88.30554779652893,41.79569819240703,102.89414469465606,17.18564721643671,70.9844628644363,7.4366091724188745,Spinach
112.23641511962619,45.496883576250326,100.5998374377781,13.553463426184495,63.58541859145744,5.957742587543145,Spinach
93.59460199030211,48.99250665540643,127.72274955359863,18.48616727902611,63.526614841405504,7.1835576600209,Spinach
124.6738797889335,39.70652781168306,99.87093158857073,18.753837512069857,67.71875152730696,7.5385110007974605,Spinach
119.62105816231917,54.061269310037325,105.16371818352468,17.25207506920976,61.43711101075147,6.990859101905467,Spinach
